dataset,target,model,k_groups,rep,n_train,protocol,rmse
ENB2012,Y1,Ridge,2,0,128,grouped,5.28194676421005
ENB2012,Y1,Ridge,2,0,128,random,3.563032385195444
ENB2012,Y1,SVR,2,0,128,grouped,4.800800002416386
ENB2012,Y1,SVR,2,0,128,random,3.396756514967606
ENB2012,Y1,RF,2,0,128,grouped,4.095057965935894
ENB2012,Y1,RF,2,0,128,random,1.3208081348706988
ENB2012,Y1,GBM,2,0,128,grouped,3.816791903498855
ENB2012,Y1,GBM,2,0,128,random,0.647959346418296
ENB2012,Y1,Ridge,2,1,128,grouped,24.992187778140735
ENB2012,Y1,Ridge,2,1,128,random,3.1420339352004274
ENB2012,Y1,SVR,2,1,128,grouped,12.344066280021208
ENB2012,Y1,SVR,2,1,128,random,2.9961457145861448
ENB2012,Y1,RF,2,1,128,grouped,13.097842364056449
ENB2012,Y1,RF,2,1,128,random,1.0365016246067762
ENB2012,Y1,GBM,2,1,128,grouped,9.485390847878952
ENB2012,Y1,GBM,2,1,128,random,0.6643573793962033
ENB2012,Y1,Ridge,2,2,128,grouped,32.88207187839545
ENB2012,Y1,Ridge,2,2,128,random,3.096979022506015
ENB2012,Y1,SVR,2,2,128,grouped,12.420220740347697
ENB2012,Y1,SVR,2,2,128,random,2.7266236787923455
ENB2012,Y1,RF,2,2,128,grouped,17.392464603614084
ENB2012,Y1,RF,2,2,128,random,1.2114791224534653
ENB2012,Y1,GBM,2,2,128,grouped,17.368793655340035
ENB2012,Y1,GBM,2,2,128,random,0.7928251243312513
ENB2012,Y1,Ridge,2,3,128,grouped,15.38403709378854
ENB2012,Y1,Ridge,2,3,128,random,2.6647742680366218
ENB2012,Y1,SVR,2,3,128,grouped,11.410136866787765
ENB2012,Y1,SVR,2,3,128,random,3.0920724787970824
ENB2012,Y1,RF,2,3,128,grouped,11.395314515240463
ENB2012,Y1,RF,2,3,128,random,0.9171501452359082
ENB2012,Y1,GBM,2,3,128,grouped,11.391051935604452
ENB2012,Y1,GBM,2,3,128,random,0.602565556632533
ENB2012,Y1,Ridge,2,4,128,grouped,4.1283527127414175
ENB2012,Y1,Ridge,2,4,128,random,2.5897558655311275
ENB2012,Y1,SVR,2,4,128,grouped,7.452034208630209
ENB2012,Y1,SVR,2,4,128,random,2.7818356591478843
ENB2012,Y1,RF,2,4,128,grouped,0.7638766199254652
ENB2012,Y1,RF,2,4,128,random,1.136548181687382
ENB2012,Y1,GBM,2,4,128,grouped,0.7824612217719723
ENB2012,Y1,GBM,2,4,128,random,0.9324067309293688
ENB2012,Y1,Ridge,2,5,128,grouped,8.867477998716916
ENB2012,Y1,Ridge,2,5,128,random,3.818452781297466
ENB2012,Y1,SVR,2,5,128,grouped,11.23717604107556
ENB2012,Y1,SVR,2,5,128,random,3.315832240525641
ENB2012,Y1,RF,2,5,128,grouped,9.0943078571159
ENB2012,Y1,RF,2,5,128,random,1.3697240808770152
ENB2012,Y1,GBM,2,5,128,grouped,9.096703477267365
ENB2012,Y1,GBM,2,5,128,random,0.8682590902564605
ENB2012,Y1,Ridge,2,6,128,grouped,19.390759082189877
ENB2012,Y1,Ridge,2,6,128,random,3.326386584612539
ENB2012,Y1,SVR,2,6,128,grouped,21.647318019671673
ENB2012,Y1,SVR,2,6,128,random,2.684689537049976
ENB2012,Y1,RF,2,6,128,grouped,19.403624536120823
ENB2012,Y1,RF,2,6,128,random,1.0425133093799694
ENB2012,Y1,GBM,2,6,128,grouped,19.383259705208076
ENB2012,Y1,GBM,2,6,128,random,0.6370712293730502
ENB2012,Y1,Ridge,2,7,128,grouped,15.407351403355625
ENB2012,Y1,Ridge,2,7,128,random,3.0870005759772092
ENB2012,Y1,SVR,2,7,128,grouped,6.106519819785866
ENB2012,Y1,SVR,2,7,128,random,2.4126320673850743
ENB2012,Y1,RF,2,7,128,grouped,8.599519941297961
ENB2012,Y1,RF,2,7,128,random,1.4888139578778339
ENB2012,Y1,GBM,2,7,128,grouped,8.615113112408581
ENB2012,Y1,GBM,2,7,128,random,0.8215685508737804
ENB2012,Y1,Ridge,2,8,128,grouped,5.000470223775746
ENB2012,Y1,Ridge,2,8,128,random,2.8470087623610665
ENB2012,Y1,SVR,2,8,128,grouped,7.727742868786247
ENB2012,Y1,SVR,2,8,128,random,2.5029560777697593
ENB2012,Y1,RF,2,8,128,grouped,3.0519130484009547
ENB2012,Y1,RF,2,8,128,random,0.9408391539023102
ENB2012,Y1,GBM,2,8,128,grouped,6.188672342659037
ENB2012,Y1,GBM,2,8,128,random,0.5782012513444362
ENB2012,Y1,Ridge,2,9,128,grouped,9.96950645611361
ENB2012,Y1,Ridge,2,9,128,random,3.426373027698521
ENB2012,Y1,SVR,2,9,128,grouped,13.770438515204228
ENB2012,Y1,SVR,2,9,128,random,3.3517161383722516
ENB2012,Y1,RF,2,9,128,grouped,10.431379875479683
ENB2012,Y1,RF,2,9,128,random,2.225760370812916
ENB2012,Y1,GBM,2,9,128,grouped,10.563171311970615
ENB2012,Y1,GBM,2,9,128,random,1.8578036410620573
ENB2012,Y1,Ridge,2,10,128,grouped,15.968444830599195
ENB2012,Y1,Ridge,2,10,128,random,3.0115642055586314
ENB2012,Y1,SVR,2,10,128,grouped,13.226146613004357
ENB2012,Y1,SVR,2,10,128,random,2.6689345074376147
ENB2012,Y1,RF,2,10,128,grouped,11.16629464287435
ENB2012,Y1,RF,2,10,128,random,1.5492902702477562
ENB2012,Y1,GBM,2,10,128,grouped,10.34674042332488
ENB2012,Y1,GBM,2,10,128,random,1.1406235848536261
ENB2012,Y1,Ridge,2,11,128,grouped,16.819299125834913
ENB2012,Y1,Ridge,2,11,128,random,3.1202294781240147
ENB2012,Y1,SVR,2,11,128,grouped,17.668499210944837
ENB2012,Y1,SVR,2,11,128,random,2.5794012711210934
ENB2012,Y1,RF,2,11,128,grouped,16.094721538051324
ENB2012,Y1,RF,2,11,128,random,1.2120198018828958
ENB2012,Y1,GBM,2,11,128,grouped,16.195779659513953
ENB2012,Y1,GBM,2,11,128,random,0.7883996783134211
ENB2012,Y1,Ridge,2,12,128,grouped,22.660658653747493
ENB2012,Y1,Ridge,2,12,128,random,3.0654395253694915
ENB2012,Y1,SVR,2,12,128,grouped,18.574597408459546
ENB2012,Y1,SVR,2,12,128,random,2.5215124072183936
ENB2012,Y1,RF,2,12,128,grouped,22.064526216457015
ENB2012,Y1,RF,2,12,128,random,1.1799404898592876
ENB2012,Y1,GBM,2,12,128,grouped,22.213833370063124
ENB2012,Y1,GBM,2,12,128,random,0.8153535443061843
ENB2012,Y1,Ridge,2,13,128,grouped,2.556676302206393
ENB2012,Y1,Ridge,2,13,128,random,3.524860110101949
ENB2012,Y1,SVR,2,13,128,grouped,5.59922877492033
ENB2012,Y1,SVR,2,13,128,random,2.467101566617716
ENB2012,Y1,RF,2,13,128,grouped,0.7704651664132861
ENB2012,Y1,RF,2,13,128,random,1.3398170544716592
ENB2012,Y1,GBM,2,13,128,grouped,0.77989226664291
ENB2012,Y1,GBM,2,13,128,random,0.8279251092532877
ENB2012,Y1,Ridge,2,14,128,grouped,3.8943453948312996
ENB2012,Y1,Ridge,2,14,128,random,3.2917801991780675
ENB2012,Y1,SVR,2,14,128,grouped,8.576433721314023
ENB2012,Y1,SVR,2,14,128,random,3.0783406009564422
ENB2012,Y1,RF,2,14,128,grouped,5.095673288805904
ENB2012,Y1,RF,2,14,128,random,0.9795394879817872
ENB2012,Y1,GBM,2,14,128,grouped,6.540085571126669
ENB2012,Y1,GBM,2,14,128,random,0.5395371441656674
ENB2012,Y1,Ridge,2,15,128,grouped,2.646085504512158
ENB2012,Y1,Ridge,2,15,128,random,2.865586924613607
ENB2012,Y1,SVR,2,15,128,grouped,3.0769589298765343
ENB2012,Y1,SVR,2,15,128,random,2.7495549487250073
ENB2012,Y1,RF,2,15,128,grouped,2.729865467853338
ENB2012,Y1,RF,2,15,128,random,0.9264484848906837
ENB2012,Y1,GBM,2,15,128,grouped,2.734709183086683
ENB2012,Y1,GBM,2,15,128,random,0.5539359387682544
ENB2012,Y1,Ridge,2,16,128,grouped,3.964375281551457
ENB2012,Y1,Ridge,2,16,128,random,3.845629264572288
ENB2012,Y1,SVR,2,16,128,grouped,4.383593656236619
ENB2012,Y1,SVR,2,16,128,random,3.877216224079389
ENB2012,Y1,RF,2,16,128,grouped,2.773181554105546
ENB2012,Y1,RF,2,16,128,random,1.3776608988381396
ENB2012,Y1,GBM,2,16,128,grouped,2.784524962633512
ENB2012,Y1,GBM,2,16,128,random,0.8048820549647934
ENB2012,Y1,Ridge,2,17,128,grouped,7.129565362377318
ENB2012,Y1,Ridge,2,17,128,random,3.450238552695792
ENB2012,Y1,SVR,2,17,128,grouped,9.154097129762167
ENB2012,Y1,SVR,2,17,128,random,2.9253740445267042
ENB2012,Y1,RF,2,17,128,grouped,7.052581828442332
ENB2012,Y1,RF,2,17,128,random,1.0786334332660836
ENB2012,Y1,GBM,2,17,128,grouped,7.0542247617299845
ENB2012,Y1,GBM,2,17,128,random,0.5632482844609932
ENB2012,Y1,Ridge,2,18,128,grouped,15.868390130154399
ENB2012,Y1,Ridge,2,18,128,random,3.647046093678348
ENB2012,Y1,SVR,2,18,128,grouped,14.775549176935257
ENB2012,Y1,SVR,2,18,128,random,2.94980147729307
ENB2012,Y1,RF,2,18,128,grouped,13.68338084659458
ENB2012,Y1,RF,2,18,128,random,1.4141664465938548
ENB2012,Y1,GBM,2,18,128,grouped,13.689069360255331
ENB2012,Y1,GBM,2,18,128,random,0.6656411960268831
ENB2012,Y1,Ridge,2,19,128,grouped,17.63847420418485
ENB2012,Y1,Ridge,2,19,128,random,3.5256789409844207
ENB2012,Y1,SVR,2,19,128,grouped,14.256935342193199
ENB2012,Y1,SVR,2,19,128,random,3.0180141191973853
ENB2012,Y1,RF,2,19,128,grouped,16.675979921731734
ENB2012,Y1,RF,2,19,128,random,1.19245786609921
ENB2012,Y1,GBM,2,19,128,grouped,14.126741865562684
ENB2012,Y1,GBM,2,19,128,random,0.8207775746094633
ENB2012,Y1,Ridge,2,20,128,grouped,10.162194582938552
ENB2012,Y1,Ridge,2,20,128,random,2.962993146398849
ENB2012,Y1,SVR,2,20,128,grouped,7.484366549229491
ENB2012,Y1,SVR,2,20,128,random,2.5226992692546224
ENB2012,Y1,RF,2,20,128,grouped,7.52036679666146
ENB2012,Y1,RF,2,20,128,random,1.167186102274933
ENB2012,Y1,GBM,2,20,128,grouped,7.50171018684855
ENB2012,Y1,GBM,2,20,128,random,0.7387819617796155
ENB2012,Y1,Ridge,2,21,128,grouped,4.136037005825946
ENB2012,Y1,Ridge,2,21,128,random,3.3264295794641305
ENB2012,Y1,SVR,2,21,128,grouped,6.874710243173867
ENB2012,Y1,SVR,2,21,128,random,2.9754593043383624
ENB2012,Y1,RF,2,21,128,grouped,3.079673862602985
ENB2012,Y1,RF,2,21,128,random,1.2985017034668285
ENB2012,Y1,GBM,2,21,128,grouped,3.1182687050217495
ENB2012,Y1,GBM,2,21,128,random,0.7766867636984671
ENB2012,Y1,Ridge,2,22,128,grouped,5.350561334509021
ENB2012,Y1,Ridge,2,22,128,random,2.8606560106573435
ENB2012,Y1,SVR,2,22,128,grouped,4.693778516635816
ENB2012,Y1,SVR,2,22,128,random,2.8111224716137175
ENB2012,Y1,RF,2,22,128,grouped,1.0702170050464634
ENB2012,Y1,RF,2,22,128,random,1.4361967855676994
ENB2012,Y1,GBM,2,22,128,grouped,1.074521442832704
ENB2012,Y1,GBM,2,22,128,random,0.7576583786104985
ENB2012,Y1,Ridge,2,23,128,grouped,31.06701300398239
ENB2012,Y1,Ridge,2,23,128,random,3.023031992300236
ENB2012,Y1,SVR,2,23,128,grouped,12.682745076402055
ENB2012,Y1,SVR,2,23,128,random,2.972315772803475
ENB2012,Y1,RF,2,23,128,grouped,17.0048874759508
ENB2012,Y1,RF,2,23,128,random,1.2630909700079516
ENB2012,Y1,GBM,2,23,128,grouped,16.992358945752187
ENB2012,Y1,GBM,2,23,128,random,0.538542954485245
ENB2012,Y1,Ridge,2,24,128,grouped,12.275375571762357
ENB2012,Y1,Ridge,2,24,128,random,3.2556067661678214
ENB2012,Y1,SVR,2,24,128,grouped,13.557668465501457
ENB2012,Y1,SVR,2,24,128,random,3.2525470868515516
ENB2012,Y1,RF,2,24,128,grouped,11.784759781677177
ENB2012,Y1,RF,2,24,128,random,1.5233589045366984
ENB2012,Y1,GBM,2,24,128,grouped,11.797143631953077
ENB2012,Y1,GBM,2,24,128,random,0.8491695501403311
ENB2012,Y1,Ridge,3,0,192,grouped,10.024564913540265
ENB2012,Y1,Ridge,3,0,192,random,2.8568795487274343
ENB2012,Y1,SVR,3,0,192,grouped,12.69537199777152
ENB2012,Y1,SVR,3,0,192,random,2.249928058214673
ENB2012,Y1,RF,3,0,192,grouped,9.77417658776575
ENB2012,Y1,RF,3,0,192,random,0.8844914518736177
ENB2012,Y1,GBM,3,0,192,grouped,10.441894994450026
ENB2012,Y1,GBM,3,0,192,random,0.5451478604069249
ENB2012,Y1,Ridge,3,1,192,grouped,4.556352755921559
ENB2012,Y1,Ridge,3,1,192,random,2.9781889401304866
ENB2012,Y1,SVR,3,1,192,grouped,4.073370773505602
ENB2012,Y1,SVR,3,1,192,random,2.6649492449006495
ENB2012,Y1,RF,3,1,192,grouped,2.0010402072070854
ENB2012,Y1,RF,3,1,192,random,0.9504773316849091
ENB2012,Y1,GBM,3,1,192,grouped,2.0308084420982433
ENB2012,Y1,GBM,3,1,192,random,0.5230774205560474
ENB2012,Y1,Ridge,3,2,192,grouped,8.450597738062147
ENB2012,Y1,Ridge,3,2,192,random,3.191500835452778
ENB2012,Y1,SVR,3,2,192,grouped,8.125756519467922
ENB2012,Y1,SVR,3,2,192,random,2.3769753491572523
ENB2012,Y1,RF,3,2,192,grouped,9.283607706063314
ENB2012,Y1,RF,3,2,192,random,0.7435539439072305
ENB2012,Y1,GBM,3,2,192,grouped,9.25615990143217
ENB2012,Y1,GBM,3,2,192,random,0.54799704491585
ENB2012,Y1,Ridge,3,3,192,grouped,2.1254419822067723
ENB2012,Y1,Ridge,3,3,192,random,2.8305420293119585
ENB2012,Y1,SVR,3,3,192,grouped,2.4184457157573567
ENB2012,Y1,SVR,3,3,192,random,2.545652350197752
ENB2012,Y1,RF,3,3,192,grouped,4.036902848206702
ENB2012,Y1,RF,3,3,192,random,0.8642139431027065
ENB2012,Y1,GBM,3,3,192,grouped,3.1836420046800824
ENB2012,Y1,GBM,3,3,192,random,0.6421687029158628
ENB2012,Y1,Ridge,3,4,192,grouped,0.7288297277343062
ENB2012,Y1,Ridge,3,4,192,random,3.337572301500316
ENB2012,Y1,SVR,3,4,192,grouped,1.6007035605449644
ENB2012,Y1,SVR,3,4,192,random,2.4778201410599725
ENB2012,Y1,RF,3,4,192,grouped,0.5089746453502159
ENB2012,Y1,RF,3,4,192,random,1.2881425257177477
ENB2012,Y1,GBM,3,4,192,grouped,0.5150191317951527
ENB2012,Y1,GBM,3,4,192,random,0.6758817128582356
ENB2012,Y1,Ridge,3,5,192,grouped,11.96232935993308
ENB2012,Y1,Ridge,3,5,192,random,3.1003714100866935
ENB2012,Y1,SVR,3,5,192,grouped,12.237510965050435
ENB2012,Y1,SVR,3,5,192,random,2.2144901457717876
ENB2012,Y1,RF,3,5,192,grouped,9.157294747328667
ENB2012,Y1,RF,3,5,192,random,1.2118187228423456
ENB2012,Y1,GBM,3,5,192,grouped,9.113590638551049
ENB2012,Y1,GBM,3,5,192,random,0.5414454955136849
ENB2012,Y1,Ridge,3,6,192,grouped,19.43715207375312
ENB2012,Y1,Ridge,3,6,192,random,3.214126183422734
ENB2012,Y1,SVR,3,6,192,grouped,6.568509264541799
ENB2012,Y1,SVR,3,6,192,random,2.3648873937172996
ENB2012,Y1,RF,3,6,192,grouped,5.423817010734923
ENB2012,Y1,RF,3,6,192,random,0.8680409020415925
ENB2012,Y1,GBM,3,6,192,grouped,4.665442285892981
ENB2012,Y1,GBM,3,6,192,random,0.5190952467236271
ENB2012,Y1,Ridge,3,7,192,grouped,5.176244174599701
ENB2012,Y1,Ridge,3,7,192,random,3.118395891683301
ENB2012,Y1,SVR,3,7,192,grouped,4.718003314764946
ENB2012,Y1,SVR,3,7,192,random,2.743303635430507
ENB2012,Y1,RF,3,7,192,grouped,3.134583907831212
ENB2012,Y1,RF,3,7,192,random,0.7017644953080808
ENB2012,Y1,GBM,3,7,192,grouped,2.8383968043697996
ENB2012,Y1,GBM,3,7,192,random,0.5141838692833792
ENB2012,Y1,Ridge,3,8,192,grouped,2.245135637119723
ENB2012,Y1,Ridge,3,8,192,random,3.085833679410711
ENB2012,Y1,SVR,3,8,192,grouped,12.754982724192667
ENB2012,Y1,SVR,3,8,192,random,2.4917310815004194
ENB2012,Y1,RF,3,8,192,grouped,8.696257283978012
ENB2012,Y1,RF,3,8,192,random,0.8905523659855727
ENB2012,Y1,GBM,3,8,192,grouped,9.383254805403025
ENB2012,Y1,GBM,3,8,192,random,0.5218038248846107
ENB2012,Y1,Ridge,3,9,192,grouped,4.174257701870024
ENB2012,Y1,Ridge,3,9,192,random,3.231370635770631
ENB2012,Y1,SVR,3,9,192,grouped,4.706909299290482
ENB2012,Y1,SVR,3,9,192,random,2.565924665232217
ENB2012,Y1,RF,3,9,192,grouped,5.422049947076635
ENB2012,Y1,RF,3,9,192,random,1.2679150695815078
ENB2012,Y1,GBM,3,9,192,grouped,4.57024726761757
ENB2012,Y1,GBM,3,9,192,random,0.6762345830703793
ENB2012,Y1,Ridge,3,10,192,grouped,2.2490285099926393
ENB2012,Y1,Ridge,3,10,192,random,3.119744365733815
ENB2012,Y1,SVR,3,10,192,grouped,2.8025579598888206
ENB2012,Y1,SVR,3,10,192,random,2.4868511969304796
ENB2012,Y1,RF,3,10,192,grouped,1.654300633080146
ENB2012,Y1,RF,3,10,192,random,0.5999841477072567
ENB2012,Y1,GBM,3,10,192,grouped,1.7283621708788686
ENB2012,Y1,GBM,3,10,192,random,0.47370198443589984
ENB2012,Y1,Ridge,3,11,192,grouped,0.7999600616360315
ENB2012,Y1,Ridge,3,11,192,random,3.3074529586571217
ENB2012,Y1,SVR,3,11,192,grouped,3.4818795003221203
ENB2012,Y1,SVR,3,11,192,random,2.3088584336018037
ENB2012,Y1,RF,3,11,192,grouped,1.1611775759506495
ENB2012,Y1,RF,3,11,192,random,1.6508076533560498
ENB2012,Y1,GBM,3,11,192,grouped,1.1484363710013072
ENB2012,Y1,GBM,3,11,192,random,0.8402307010821847
ENB2012,Y1,Ridge,3,12,192,grouped,10.675151085937156
ENB2012,Y1,Ridge,3,12,192,random,3.4539691249549507
ENB2012,Y1,SVR,3,12,192,grouped,6.293010987601724
ENB2012,Y1,SVR,3,12,192,random,2.726515324780953
ENB2012,Y1,RF,3,12,192,grouped,8.115201283004131
ENB2012,Y1,RF,3,12,192,random,0.948781954460233
ENB2012,Y1,GBM,3,12,192,grouped,8.798143654377348
ENB2012,Y1,GBM,3,12,192,random,0.6598822899017369
ENB2012,Y1,Ridge,3,13,192,grouped,6.924511286294802
ENB2012,Y1,Ridge,3,13,192,random,3.637230781229307
ENB2012,Y1,SVR,3,13,192,grouped,5.848445516342961
ENB2012,Y1,SVR,3,13,192,random,2.345872138182078
ENB2012,Y1,RF,3,13,192,grouped,1.8657078556256874
ENB2012,Y1,RF,3,13,192,random,0.7824713255029717
ENB2012,Y1,GBM,3,13,192,grouped,0.8942829245639325
ENB2012,Y1,GBM,3,13,192,random,0.583986185917424
ENB2012,Y1,Ridge,3,14,192,grouped,3.365820123505586
ENB2012,Y1,Ridge,3,14,192,random,2.86649961861945
ENB2012,Y1,SVR,3,14,192,grouped,5.318244147299676
ENB2012,Y1,SVR,3,14,192,random,2.6284333210561917
ENB2012,Y1,RF,3,14,192,grouped,6.66624869937171
ENB2012,Y1,RF,3,14,192,random,0.8210989109971015
ENB2012,Y1,GBM,3,14,192,grouped,5.366332510769149
ENB2012,Y1,GBM,3,14,192,random,0.6359070972943179
ENB2012,Y1,Ridge,3,15,192,grouped,6.557355807236119
ENB2012,Y1,Ridge,3,15,192,random,3.3201683224917966
ENB2012,Y1,SVR,3,15,192,grouped,8.383338408648353
ENB2012,Y1,SVR,3,15,192,random,2.8168886459665776
ENB2012,Y1,RF,3,15,192,grouped,4.539999888345874
ENB2012,Y1,RF,3,15,192,random,1.0896108918798157
ENB2012,Y1,GBM,3,15,192,grouped,3.8539872784967484
ENB2012,Y1,GBM,3,15,192,random,0.6530901896695459
ENB2012,Y1,Ridge,3,16,192,grouped,5.387289780598609
ENB2012,Y1,Ridge,3,16,192,random,3.3099807153400547
ENB2012,Y1,SVR,3,16,192,grouped,7.6990731189287525
ENB2012,Y1,SVR,3,16,192,random,2.8027996016433456
ENB2012,Y1,RF,3,16,192,grouped,7.735807951470312
ENB2012,Y1,RF,3,16,192,random,0.7559244645424196
ENB2012,Y1,GBM,3,16,192,grouped,8.362940765878426
ENB2012,Y1,GBM,3,16,192,random,0.5078253808062219
ENB2012,Y1,Ridge,3,17,192,grouped,2.8923135788702417
ENB2012,Y1,Ridge,3,17,192,random,2.8922636034662155
ENB2012,Y1,SVR,3,17,192,grouped,12.147861943658238
ENB2012,Y1,SVR,3,17,192,random,2.228390288987703
ENB2012,Y1,RF,3,17,192,grouped,9.29957691196554
ENB2012,Y1,RF,3,17,192,random,1.2364883874998116
ENB2012,Y1,GBM,3,17,192,grouped,8.2525776034768
ENB2012,Y1,GBM,3,17,192,random,0.6176556533653536
ENB2012,Y1,Ridge,3,18,192,grouped,12.062863211638717
ENB2012,Y1,Ridge,3,18,192,random,3.490364996809058
ENB2012,Y1,SVR,3,18,192,grouped,6.208792719495724
ENB2012,Y1,SVR,3,18,192,random,2.528111037145666
ENB2012,Y1,RF,3,18,192,grouped,1.0718417463865082
ENB2012,Y1,RF,3,18,192,random,1.1112223678721442
ENB2012,Y1,GBM,3,18,192,grouped,0.8101345020954281
ENB2012,Y1,GBM,3,18,192,random,0.642602895257461
ENB2012,Y1,Ridge,3,19,192,grouped,15.950786505157925
ENB2012,Y1,Ridge,3,19,192,random,3.0632794079997607
ENB2012,Y1,SVR,3,19,192,grouped,9.200430217262538
ENB2012,Y1,SVR,3,19,192,random,2.2899373016084508
ENB2012,Y1,RF,3,19,192,grouped,11.620515750447836
ENB2012,Y1,RF,3,19,192,random,0.5630962443407171
ENB2012,Y1,GBM,3,19,192,grouped,13.219460429187928
ENB2012,Y1,GBM,3,19,192,random,0.4480620542098716
ENB2012,Y1,Ridge,3,20,192,grouped,2.418505097851346
ENB2012,Y1,Ridge,3,20,192,random,3.130333672459557
ENB2012,Y1,SVR,3,20,192,grouped,1.6363064794715754
ENB2012,Y1,SVR,3,20,192,random,2.598261253406067
ENB2012,Y1,RF,3,20,192,grouped,2.4662310347724916
ENB2012,Y1,RF,3,20,192,random,0.9383914541650527
ENB2012,Y1,GBM,3,20,192,grouped,2.401686063804952
ENB2012,Y1,GBM,3,20,192,random,0.5922085109324497
ENB2012,Y1,Ridge,3,21,192,grouped,8.461412765073383
ENB2012,Y1,Ridge,3,21,192,random,3.3457976444618858
ENB2012,Y1,SVR,3,21,192,grouped,7.862351023131141
ENB2012,Y1,SVR,3,21,192,random,2.5915963982788193
ENB2012,Y1,RF,3,21,192,grouped,4.9214407595585
ENB2012,Y1,RF,3,21,192,random,0.8678152040829328
ENB2012,Y1,GBM,3,21,192,grouped,5.1743609872452705
ENB2012,Y1,GBM,3,21,192,random,0.6836307835112451
ENB2012,Y1,Ridge,3,22,192,grouped,2.7742576402392847
ENB2012,Y1,Ridge,3,22,192,random,3.093743081987282
ENB2012,Y1,SVR,3,22,192,grouped,2.5095853180024976
ENB2012,Y1,SVR,3,22,192,random,2.543836490038475
ENB2012,Y1,RF,3,22,192,grouped,3.2917631394512576
ENB2012,Y1,RF,3,22,192,random,0.95044758658421
ENB2012,Y1,GBM,3,22,192,grouped,3.2958352500523094
ENB2012,Y1,GBM,3,22,192,random,0.5896134375599202
ENB2012,Y1,Ridge,3,23,192,grouped,2.565248031429145
ENB2012,Y1,Ridge,3,23,192,random,3.4566964210634312
ENB2012,Y1,SVR,3,23,192,grouped,6.207858463519711
ENB2012,Y1,SVR,3,23,192,random,2.788838835428595
ENB2012,Y1,RF,3,23,192,grouped,3.3267646013760497
ENB2012,Y1,RF,3,23,192,random,1.354276100075009
ENB2012,Y1,GBM,3,23,192,grouped,3.319979108689768
ENB2012,Y1,GBM,3,23,192,random,0.8775392159505772
ENB2012,Y1,Ridge,3,24,192,grouped,16.064282909914464
ENB2012,Y1,Ridge,3,24,192,random,3.28448576287738
ENB2012,Y1,SVR,3,24,192,grouped,14.370351040564003
ENB2012,Y1,SVR,3,24,192,random,2.2653592952861112
ENB2012,Y1,RF,3,24,192,grouped,13.387561635741633
ENB2012,Y1,RF,3,24,192,random,0.7247289588183963
ENB2012,Y1,GBM,3,24,192,grouped,13.3900260614864
ENB2012,Y1,GBM,3,24,192,random,0.5631016829177277
ENB2012,Y1,Ridge,4,0,256,grouped,7.50382954769884
ENB2012,Y1,Ridge,4,0,256,random,3.155583536765447
ENB2012,Y1,SVR,4,0,256,grouped,11.295838915833803
ENB2012,Y1,SVR,4,0,256,random,2.3495387990023007
ENB2012,Y1,RF,4,0,256,grouped,10.180400622469843
ENB2012,Y1,RF,4,0,256,random,0.597106187033558
ENB2012,Y1,GBM,4,0,256,grouped,11.479945630796992
ENB2012,Y1,GBM,4,0,256,random,0.5075755740642451
ENB2012,Y1,Ridge,4,1,256,grouped,10.770164805101311
ENB2012,Y1,Ridge,4,1,256,random,3.011283933373091
ENB2012,Y1,SVR,4,1,256,grouped,7.125667606555038
ENB2012,Y1,SVR,4,1,256,random,2.694525122640698
ENB2012,Y1,RF,4,1,256,grouped,10.940100832552062
ENB2012,Y1,RF,4,1,256,random,0.7003305238644463
ENB2012,Y1,GBM,4,1,256,grouped,10.964659430264758
ENB2012,Y1,GBM,4,1,256,random,0.556654578312901
ENB2012,Y1,Ridge,4,2,256,grouped,8.317379196547595
ENB2012,Y1,Ridge,4,2,256,random,2.706450695570184
ENB2012,Y1,SVR,4,2,256,grouped,3.013326243745225
ENB2012,Y1,SVR,4,2,256,random,2.6987137220640838
ENB2012,Y1,RF,4,2,256,grouped,0.5922087070960863
ENB2012,Y1,RF,4,2,256,random,0.6223859133030918
ENB2012,Y1,GBM,4,2,256,grouped,0.606209053387478
ENB2012,Y1,GBM,4,2,256,random,0.41461064155622324
ENB2012,Y1,Ridge,4,3,256,grouped,1.0568087791660836
ENB2012,Y1,Ridge,4,3,256,random,3.0585635846050625
ENB2012,Y1,SVR,4,3,256,grouped,0.5751237771405728
ENB2012,Y1,SVR,4,3,256,random,2.387729840316734
ENB2012,Y1,RF,4,3,256,grouped,0.47253625059353965
ENB2012,Y1,RF,4,3,256,random,0.8610542438542231
ENB2012,Y1,GBM,4,3,256,grouped,0.2980460899242948
ENB2012,Y1,GBM,4,3,256,random,0.43748390815153687
ENB2012,Y1,Ridge,4,4,256,grouped,5.388163810944405
ENB2012,Y1,Ridge,4,4,256,random,3.027267206818926
ENB2012,Y1,SVR,4,4,256,grouped,2.8087655450332933
ENB2012,Y1,SVR,4,4,256,random,2.475150806489749
ENB2012,Y1,RF,4,4,256,grouped,1.8620791353769703
ENB2012,Y1,RF,4,4,256,random,0.6037178976972609
ENB2012,Y1,GBM,4,4,256,grouped,2.6015428510555165
ENB2012,Y1,GBM,4,4,256,random,0.3815162096594398
ENB2012,Y1,Ridge,4,5,256,grouped,1.794757595591163
ENB2012,Y1,Ridge,4,5,256,random,2.9559978474985025
ENB2012,Y1,SVR,4,5,256,grouped,16.728045355331687
ENB2012,Y1,SVR,4,5,256,random,2.0348281099773455
ENB2012,Y1,RF,4,5,256,grouped,4.805013733542419
ENB2012,Y1,RF,4,5,256,random,0.5469788880609298
ENB2012,Y1,GBM,4,5,256,grouped,4.8662862668913105
ENB2012,Y1,GBM,4,5,256,random,0.46408016672500557
ENB2012,Y1,Ridge,4,6,256,grouped,8.375957778863844
ENB2012,Y1,Ridge,4,6,256,random,3.3351382252304282
ENB2012,Y1,SVR,4,6,256,grouped,11.264098128178805
ENB2012,Y1,SVR,4,6,256,random,2.402290530457919
ENB2012,Y1,RF,4,6,256,grouped,9.389194373046271
ENB2012,Y1,RF,4,6,256,random,0.7120132086533747
ENB2012,Y1,GBM,4,6,256,grouped,9.310839307806384
ENB2012,Y1,GBM,4,6,256,random,0.445707310188918
ENB2012,Y1,Ridge,4,7,256,grouped,10.230014413110261
ENB2012,Y1,Ridge,4,7,256,random,3.1888549195767806
ENB2012,Y1,SVR,4,7,256,grouped,7.128609343048165
ENB2012,Y1,SVR,4,7,256,random,2.647707646542099
ENB2012,Y1,RF,4,7,256,grouped,6.505444147782833
ENB2012,Y1,RF,4,7,256,random,0.7162468579228624
ENB2012,Y1,GBM,4,7,256,grouped,6.241284048952294
ENB2012,Y1,GBM,4,7,256,random,0.4689771792653622
ENB2012,Y1,Ridge,4,8,256,grouped,12.294719314801718
ENB2012,Y1,Ridge,4,8,256,random,3.080725807053321
ENB2012,Y1,SVR,4,8,256,grouped,12.384441041375979
ENB2012,Y1,SVR,4,8,256,random,2.604820656770174
ENB2012,Y1,RF,4,8,256,grouped,11.903728390614683
ENB2012,Y1,RF,4,8,256,random,1.1171790827654926
ENB2012,Y1,GBM,4,8,256,grouped,11.904860291749722
ENB2012,Y1,GBM,4,8,256,random,0.5506464381959492
ENB2012,Y1,Ridge,4,9,256,grouped,4.728759892551664
ENB2012,Y1,Ridge,4,9,256,random,3.110050881232335
ENB2012,Y1,SVR,4,9,256,grouped,2.55203740786307
ENB2012,Y1,SVR,4,9,256,random,2.4722675198046233
ENB2012,Y1,RF,4,9,256,grouped,1.2703102729070286
ENB2012,Y1,RF,4,9,256,random,0.7043686728309472
ENB2012,Y1,GBM,4,9,256,grouped,1.4287099003012205
ENB2012,Y1,GBM,4,9,256,random,0.557777995041313
ENB2012,Y1,Ridge,4,10,256,grouped,4.226837704546359
ENB2012,Y1,Ridge,4,10,256,random,3.3454255235924713
ENB2012,Y1,SVR,4,10,256,grouped,2.853537492822232
ENB2012,Y1,SVR,4,10,256,random,2.190093214637515
ENB2012,Y1,RF,4,10,256,grouped,2.9252244562984524
ENB2012,Y1,RF,4,10,256,random,0.6874761032210468
ENB2012,Y1,GBM,4,10,256,grouped,2.9021860338156333
ENB2012,Y1,GBM,4,10,256,random,0.5354102776441684
ENB2012,Y1,Ridge,4,11,256,grouped,5.328606601107672
ENB2012,Y1,Ridge,4,11,256,random,3.1351750642029037
ENB2012,Y1,SVR,4,11,256,grouped,3.6031147326512043
ENB2012,Y1,SVR,4,11,256,random,2.6831333190133977
ENB2012,Y1,RF,4,11,256,grouped,3.0220648580288287
ENB2012,Y1,RF,4,11,256,random,0.6359955946744557
ENB2012,Y1,GBM,4,11,256,grouped,3.5710127088362706
ENB2012,Y1,GBM,4,11,256,random,0.4911960580351288
ENB2012,Y1,Ridge,4,12,256,grouped,9.98038517086662
ENB2012,Y1,Ridge,4,12,256,random,2.641801510363676
ENB2012,Y1,SVR,4,12,256,grouped,12.513402220120874
ENB2012,Y1,SVR,4,12,256,random,2.6097832355725576
ENB2012,Y1,RF,4,12,256,grouped,13.15892529750631
ENB2012,Y1,RF,4,12,256,random,0.5969835688562742
ENB2012,Y1,GBM,4,12,256,grouped,13.658094968470305
ENB2012,Y1,GBM,4,12,256,random,0.4673204672548495
ENB2012,Y1,Ridge,4,13,256,grouped,3.8464362965562144
ENB2012,Y1,Ridge,4,13,256,random,2.7794921736178133
ENB2012,Y1,SVR,4,13,256,grouped,4.05263839150096
ENB2012,Y1,SVR,4,13,256,random,2.34536323058634
ENB2012,Y1,RF,4,13,256,grouped,4.71115418963917
ENB2012,Y1,RF,4,13,256,random,1.1464821721827239
ENB2012,Y1,GBM,4,13,256,grouped,5.044530202354019
ENB2012,Y1,GBM,4,13,256,random,0.6656539311156039
ENB2012,Y1,Ridge,4,14,256,grouped,3.5528994340138653
ENB2012,Y1,Ridge,4,14,256,random,3.311720502451266
ENB2012,Y1,SVR,4,14,256,grouped,5.937695012784761
ENB2012,Y1,SVR,4,14,256,random,2.258845568898898
ENB2012,Y1,RF,4,14,256,grouped,3.9644619469122975
ENB2012,Y1,RF,4,14,256,random,0.6714746219841453
ENB2012,Y1,GBM,4,14,256,grouped,3.9316491659735604
ENB2012,Y1,GBM,4,14,256,random,0.5385421319281862
ENB2012,Y1,Ridge,4,15,256,grouped,2.9578859196006695
ENB2012,Y1,Ridge,4,15,256,random,3.1630542658781735
ENB2012,Y1,SVR,4,15,256,grouped,2.833116833272152
ENB2012,Y1,SVR,4,15,256,random,2.368151785390004
ENB2012,Y1,RF,4,15,256,grouped,3.4070267054487005
ENB2012,Y1,RF,4,15,256,random,0.8193775900512108
ENB2012,Y1,GBM,4,15,256,grouped,3.226411828917629
ENB2012,Y1,GBM,4,15,256,random,0.46011391018723646
ENB2012,Y1,Ridge,4,16,256,grouped,1.9767823543773766
ENB2012,Y1,Ridge,4,16,256,random,3.4049365859338434
ENB2012,Y1,SVR,4,16,256,grouped,7.365789349287036
ENB2012,Y1,SVR,4,16,256,random,2.734517013205783
ENB2012,Y1,RF,4,16,256,grouped,0.919302762606498
ENB2012,Y1,RF,4,16,256,random,0.7544041193634212
ENB2012,Y1,GBM,4,16,256,grouped,1.5631796484686578
ENB2012,Y1,GBM,4,16,256,random,0.5094310574608182
ENB2012,Y1,Ridge,4,17,256,grouped,4.631026862346323
ENB2012,Y1,Ridge,4,17,256,random,2.6443332556443186
ENB2012,Y1,SVR,4,17,256,grouped,2.00806669361151
ENB2012,Y1,SVR,4,17,256,random,2.066534285777157
ENB2012,Y1,RF,4,17,256,grouped,0.5502858054286435
ENB2012,Y1,RF,4,17,256,random,0.7881280625931797
ENB2012,Y1,GBM,4,17,256,grouped,2.096602998621963
ENB2012,Y1,GBM,4,17,256,random,0.42975765137622396
ENB2012,Y1,Ridge,4,18,256,grouped,11.535982794952858
ENB2012,Y1,Ridge,4,18,256,random,2.8823656174343393
ENB2012,Y1,SVR,4,18,256,grouped,3.818342836363067
ENB2012,Y1,SVR,4,18,256,random,2.0901842098139136
ENB2012,Y1,RF,4,18,256,grouped,3.0556745783715673
ENB2012,Y1,RF,4,18,256,random,0.7829199230684414
ENB2012,Y1,GBM,4,18,256,grouped,0.9338413865656059
ENB2012,Y1,GBM,4,18,256,random,0.46314526338646195
ENB2012,Y1,Ridge,4,19,256,grouped,1.4797096326856662
ENB2012,Y1,Ridge,4,19,256,random,3.1288384830816214
ENB2012,Y1,SVR,4,19,256,grouped,1.0256786828902642
ENB2012,Y1,SVR,4,19,256,random,2.575300724145471
ENB2012,Y1,RF,4,19,256,grouped,1.1214689615339464
ENB2012,Y1,RF,4,19,256,random,0.6532306428317419
ENB2012,Y1,GBM,4,19,256,grouped,1.1225557129252268
ENB2012,Y1,GBM,4,19,256,random,0.5939732604292578
ENB2012,Y1,Ridge,4,20,256,grouped,14.806983912368796
ENB2012,Y1,Ridge,4,20,256,random,2.979674811126613
ENB2012,Y1,SVR,4,20,256,grouped,12.204432459836326
ENB2012,Y1,SVR,4,20,256,random,2.563497671616644
ENB2012,Y1,RF,4,20,256,grouped,11.242737802240633
ENB2012,Y1,RF,4,20,256,random,1.095833672084863
ENB2012,Y1,GBM,4,20,256,grouped,11.234198511346756
ENB2012,Y1,GBM,4,20,256,random,0.755588145874391
ENB2012,Y1,Ridge,4,21,256,grouped,3.979830625777184
ENB2012,Y1,Ridge,4,21,256,random,2.978958004114233
ENB2012,Y1,SVR,4,21,256,grouped,4.446559475892108
ENB2012,Y1,SVR,4,21,256,random,2.633489553430408
ENB2012,Y1,RF,4,21,256,grouped,4.334008621041915
ENB2012,Y1,RF,4,21,256,random,0.6314165662668756
ENB2012,Y1,GBM,4,21,256,grouped,3.6583880158694546
ENB2012,Y1,GBM,4,21,256,random,0.5067683246414516
ENB2012,Y1,Ridge,4,22,256,grouped,10.411291285198747
ENB2012,Y1,Ridge,4,22,256,random,3.13783509880647
ENB2012,Y1,SVR,4,22,256,grouped,11.378275156085856
ENB2012,Y1,SVR,4,22,256,random,2.467191587398311
ENB2012,Y1,RF,4,22,256,grouped,9.26371188545492
ENB2012,Y1,RF,4,22,256,random,1.4302322708818558
ENB2012,Y1,GBM,4,22,256,grouped,9.263283142977352
ENB2012,Y1,GBM,4,22,256,random,0.7202874503279615
ENB2012,Y1,Ridge,4,23,256,grouped,2.3353873718169256
ENB2012,Y1,Ridge,4,23,256,random,3.0651988921905757
ENB2012,Y1,SVR,4,23,256,grouped,1.0935010416605624
ENB2012,Y1,SVR,4,23,256,random,2.243891568263268
ENB2012,Y1,RF,4,23,256,grouped,2.092023059491771
ENB2012,Y1,RF,4,23,256,random,1.2926942085944377
ENB2012,Y1,GBM,4,23,256,grouped,2.2010547101889317
ENB2012,Y1,GBM,4,23,256,random,0.6884402103693414
ENB2012,Y1,Ridge,4,24,256,grouped,7.841751498808546
ENB2012,Y1,Ridge,4,24,256,random,3.1553597890125396
ENB2012,Y1,SVR,4,24,256,grouped,8.72970173179216
ENB2012,Y1,SVR,4,24,256,random,2.3319130101591075
ENB2012,Y1,RF,4,24,256,grouped,9.403707395594207
ENB2012,Y1,RF,4,24,256,random,0.7161320488067281
ENB2012,Y1,GBM,4,24,256,grouped,9.392477629854296
ENB2012,Y1,GBM,4,24,256,random,0.5317683238936763
ENB2012,Y1,Ridge,6,0,384,grouped,3.1289230965629367
ENB2012,Y1,Ridge,6,0,384,random,3.003639358289347
ENB2012,Y1,SVR,6,0,384,grouped,2.7659807658289663
ENB2012,Y1,SVR,6,0,384,random,2.3384904120310446
ENB2012,Y1,RF,6,0,384,grouped,1.5823445412879455
ENB2012,Y1,RF,6,0,384,random,0.6410523917150653
ENB2012,Y1,GBM,6,0,384,grouped,4.074303618459403
ENB2012,Y1,GBM,6,0,384,random,0.5656597071800086
ENB2012,Y1,Ridge,6,1,384,grouped,4.571227580336845
ENB2012,Y1,Ridge,6,1,384,random,3.132251929972288
ENB2012,Y1,SVR,6,1,384,grouped,4.61740326147642
ENB2012,Y1,SVR,6,1,384,random,2.582840208824469
ENB2012,Y1,RF,6,1,384,grouped,2.8774388939446522
ENB2012,Y1,RF,6,1,384,random,0.6430726321609195
ENB2012,Y1,GBM,6,1,384,grouped,3.3548305360122876
ENB2012,Y1,GBM,6,1,384,random,0.4470575763021277
ENB2012,Y1,Ridge,6,2,384,grouped,4.488482162068365
ENB2012,Y1,Ridge,6,2,384,random,2.9772911053314233
ENB2012,Y1,SVR,6,2,384,grouped,2.3822377648005872
ENB2012,Y1,SVR,6,2,384,random,2.3472430120300394
ENB2012,Y1,RF,6,2,384,grouped,3.2544756284615217
ENB2012,Y1,RF,6,2,384,random,0.5082726233128977
ENB2012,Y1,GBM,6,2,384,grouped,2.771287290347235
ENB2012,Y1,GBM,6,2,384,random,0.4358063902808268
ENB2012,Y1,Ridge,6,3,384,grouped,2.626378307876136
ENB2012,Y1,Ridge,6,3,384,random,2.8259878122192092
ENB2012,Y1,SVR,6,3,384,grouped,12.519093469620707
ENB2012,Y1,SVR,6,3,384,random,2.353899897127038
ENB2012,Y1,RF,6,3,384,grouped,4.623167159298102
ENB2012,Y1,RF,6,3,384,random,0.7072202364826834
ENB2012,Y1,GBM,6,3,384,grouped,8.08865205498478
ENB2012,Y1,GBM,6,3,384,random,0.41999012572572564
ENB2012,Y1,Ridge,6,4,384,grouped,2.1735833943888974
ENB2012,Y1,Ridge,6,4,384,random,2.6048896617342927
ENB2012,Y1,SVR,6,4,384,grouped,2.2037202866518997
ENB2012,Y1,SVR,6,4,384,random,2.437496199167776
ENB2012,Y1,RF,6,4,384,grouped,1.70959615433591
ENB2012,Y1,RF,6,4,384,random,0.5972957009513777
ENB2012,Y1,GBM,6,4,384,grouped,1.7001544436301301
ENB2012,Y1,GBM,6,4,384,random,0.43526551478420766
ENB2012,Y1,Ridge,6,5,384,grouped,2.700528888855737
ENB2012,Y1,Ridge,6,5,384,random,3.2205305493344265
ENB2012,Y1,SVR,6,5,384,grouped,1.9156126077543203
ENB2012,Y1,SVR,6,5,384,random,2.223018101155798
ENB2012,Y1,RF,6,5,384,grouped,3.6391124557756207
ENB2012,Y1,RF,6,5,384,random,0.8727801136579987
ENB2012,Y1,GBM,6,5,384,grouped,3.5863650535000557
ENB2012,Y1,GBM,6,5,384,random,0.5545808319183719
ENB2012,Y1,Ridge,6,6,384,grouped,1.7222337124744231
ENB2012,Y1,Ridge,6,6,384,random,2.9416953302450066
ENB2012,Y1,SVR,6,6,384,grouped,9.606771380829718
ENB2012,Y1,SVR,6,6,384,random,1.7898456512955319
ENB2012,Y1,RF,6,6,384,grouped,1.8183219377483382
ENB2012,Y1,RF,6,6,384,random,0.5736535128223639
ENB2012,Y1,GBM,6,6,384,grouped,1.8883064169252886
ENB2012,Y1,GBM,6,6,384,random,0.40091214935484254
ENB2012,Y1,Ridge,6,7,384,grouped,2.7261125468253975
ENB2012,Y1,Ridge,6,7,384,random,2.8412270814265645
ENB2012,Y1,SVR,6,7,384,grouped,11.864508755824838
ENB2012,Y1,SVR,6,7,384,random,2.147548948092775
ENB2012,Y1,RF,6,7,384,grouped,2.0294847292862874
ENB2012,Y1,RF,6,7,384,random,0.6924703644944832
ENB2012,Y1,GBM,6,7,384,grouped,1.8917185594349646
ENB2012,Y1,GBM,6,7,384,random,0.49819994409383755
ENB2012,Y1,Ridge,6,8,384,grouped,3.4053487410770007
ENB2012,Y1,Ridge,6,8,384,random,2.9276830856644236
ENB2012,Y1,SVR,6,8,384,grouped,3.7536284176853045
ENB2012,Y1,SVR,6,8,384,random,1.966813587438089
ENB2012,Y1,RF,6,8,384,grouped,3.4336793287685596
ENB2012,Y1,RF,6,8,384,random,0.6301101728443009
ENB2012,Y1,GBM,6,8,384,grouped,3.0909243205939343
ENB2012,Y1,GBM,6,8,384,random,0.4677430649669733
ENB2012,Y1,Ridge,6,9,384,grouped,7.560514429865183
ENB2012,Y1,Ridge,6,9,384,random,3.4610435938109267
ENB2012,Y1,SVR,6,9,384,grouped,7.5913413249125155
ENB2012,Y1,SVR,6,9,384,random,2.4627800717467667
ENB2012,Y1,RF,6,9,384,grouped,7.738072900953364
ENB2012,Y1,RF,6,9,384,random,0.5480495861746907
ENB2012,Y1,GBM,6,9,384,grouped,8.169667342200626
ENB2012,Y1,GBM,6,9,384,random,0.47673444561118355
ENB2012,Y1,Ridge,6,10,384,grouped,10.246208872657558
ENB2012,Y1,Ridge,6,10,384,random,2.817235179203681
ENB2012,Y1,SVR,6,10,384,grouped,20.142168686639774
ENB2012,Y1,SVR,6,10,384,random,2.277113329430603
ENB2012,Y1,RF,6,10,384,grouped,16.348123072420748
ENB2012,Y1,RF,6,10,384,random,0.863856667120259
ENB2012,Y1,GBM,6,10,384,grouped,15.136879138874532
ENB2012,Y1,GBM,6,10,384,random,0.5543601186370568
ENB2012,Y1,Ridge,6,11,384,grouped,10.878043622238776
ENB2012,Y1,Ridge,6,11,384,random,2.758715796412889
ENB2012,Y1,SVR,6,11,384,grouped,4.2524082108261165
ENB2012,Y1,SVR,6,11,384,random,1.903097069507861
ENB2012,Y1,RF,6,11,384,grouped,3.2520507508243943
ENB2012,Y1,RF,6,11,384,random,0.4871584633746017
ENB2012,Y1,GBM,6,11,384,grouped,3.3703250434546197
ENB2012,Y1,GBM,6,11,384,random,0.3688020657227265
ENB2012,Y1,Ridge,6,12,384,grouped,2.8847243638371154
ENB2012,Y1,Ridge,6,12,384,random,2.9574563044667403
ENB2012,Y1,SVR,6,12,384,grouped,3.714291702588581
ENB2012,Y1,SVR,6,12,384,random,2.584570022391195
ENB2012,Y1,RF,6,12,384,grouped,2.4476161721902363
ENB2012,Y1,RF,6,12,384,random,0.5395191907499695
ENB2012,Y1,GBM,6,12,384,grouped,2.236950254129498
ENB2012,Y1,GBM,6,12,384,random,0.46169921743062803
ENB2012,Y1,Ridge,6,13,384,grouped,1.8589043277239965
ENB2012,Y1,Ridge,6,13,384,random,3.2185893911568733
ENB2012,Y1,SVR,6,13,384,grouped,12.432767753355156
ENB2012,Y1,SVR,6,13,384,random,2.316768126300775
ENB2012,Y1,RF,6,13,384,grouped,3.9890794543607586
ENB2012,Y1,RF,6,13,384,random,0.5864769039836499
ENB2012,Y1,GBM,6,13,384,grouped,4.176201709599162
ENB2012,Y1,GBM,6,13,384,random,0.5059168114602826
ENB2012,Y1,Ridge,6,14,384,grouped,4.981091713235598
ENB2012,Y1,Ridge,6,14,384,random,3.052215539233549
ENB2012,Y1,SVR,6,14,384,grouped,23.39338223756242
ENB2012,Y1,SVR,6,14,384,random,2.2105370382831957
ENB2012,Y1,RF,6,14,384,grouped,2.2767648703464634
ENB2012,Y1,RF,6,14,384,random,0.6289405840123289
ENB2012,Y1,GBM,6,14,384,grouped,3.8153358429801583
ENB2012,Y1,GBM,6,14,384,random,0.47633356717919406
ENB2012,Y1,Ridge,6,15,384,grouped,6.279340950201009
ENB2012,Y1,Ridge,6,15,384,random,3.111148592707881
ENB2012,Y1,SVR,6,15,384,grouped,4.179739810684115
ENB2012,Y1,SVR,6,15,384,random,2.574542451512241
ENB2012,Y1,RF,6,15,384,grouped,3.860244413985094
ENB2012,Y1,RF,6,15,384,random,0.7218257122243013
ENB2012,Y1,GBM,6,15,384,grouped,3.863996111527849
ENB2012,Y1,GBM,6,15,384,random,0.5377974280900504
ENB2012,Y1,Ridge,6,16,384,grouped,3.7825756008186406
ENB2012,Y1,Ridge,6,16,384,random,3.129432320632564
ENB2012,Y1,SVR,6,16,384,grouped,3.0175659282181146
ENB2012,Y1,SVR,6,16,384,random,1.9697106277243108
ENB2012,Y1,RF,6,16,384,grouped,2.0416497244301337
ENB2012,Y1,RF,6,16,384,random,0.5911218297916664
ENB2012,Y1,GBM,6,16,384,grouped,2.998634112611228
ENB2012,Y1,GBM,6,16,384,random,0.48087500823823304
ENB2012,Y1,Ridge,6,17,384,grouped,7.399869911896121
ENB2012,Y1,Ridge,6,17,384,random,2.774026217644048
ENB2012,Y1,SVR,6,17,384,grouped,12.848458539483323
ENB2012,Y1,SVR,6,17,384,random,1.9953789765291103
ENB2012,Y1,RF,6,17,384,grouped,9.248132813024679
ENB2012,Y1,RF,6,17,384,random,0.4876596454944287
ENB2012,Y1,GBM,6,17,384,grouped,9.261395637393615
ENB2012,Y1,GBM,6,17,384,random,0.4357199997861663
ENB2012,Y1,Ridge,6,18,384,grouped,1.702156921932295
ENB2012,Y1,Ridge,6,18,384,random,2.7371337864201184
ENB2012,Y1,SVR,6,18,384,grouped,3.611193349746256
ENB2012,Y1,SVR,6,18,384,random,2.0551882060027746
ENB2012,Y1,RF,6,18,384,grouped,1.024518933374954
ENB2012,Y1,RF,6,18,384,random,0.6134305577803844
ENB2012,Y1,GBM,6,18,384,grouped,1.0955988971839041
ENB2012,Y1,GBM,6,18,384,random,0.40049246072532874
ENB2012,Y1,Ridge,6,19,384,grouped,5.39395785652575
ENB2012,Y1,Ridge,6,19,384,random,3.281409516518802
ENB2012,Y1,SVR,6,19,384,grouped,3.5730122637144692
ENB2012,Y1,SVR,6,19,384,random,2.5701502519725645
ENB2012,Y1,RF,6,19,384,grouped,4.639564584837139
ENB2012,Y1,RF,6,19,384,random,0.8027784195276875
ENB2012,Y1,GBM,6,19,384,grouped,4.945104329486848
ENB2012,Y1,GBM,6,19,384,random,0.3911286708000213
ENB2012,Y1,Ridge,6,20,384,grouped,4.006769962602132
ENB2012,Y1,Ridge,6,20,384,random,2.6816549043310345
ENB2012,Y1,SVR,6,20,384,grouped,4.776870512132146
ENB2012,Y1,SVR,6,20,384,random,1.9273269850816819
ENB2012,Y1,RF,6,20,384,grouped,4.214796134341792
ENB2012,Y1,RF,6,20,384,random,0.5612993958636283
ENB2012,Y1,GBM,6,20,384,grouped,4.563429618234688
ENB2012,Y1,GBM,6,20,384,random,0.4758402829953229
ENB2012,Y1,Ridge,6,21,384,grouped,3.4947334408014648
ENB2012,Y1,Ridge,6,21,384,random,2.934508833669633
ENB2012,Y1,SVR,6,21,384,grouped,8.076668730183451
ENB2012,Y1,SVR,6,21,384,random,1.7513715800184564
ENB2012,Y1,RF,6,21,384,grouped,3.218810569769912
ENB2012,Y1,RF,6,21,384,random,0.5617420266812255
ENB2012,Y1,GBM,6,21,384,grouped,3.1417591407424905
ENB2012,Y1,GBM,6,21,384,random,0.4175819519723829
ENB2012,Y1,Ridge,6,22,384,grouped,1.790982927120425
ENB2012,Y1,Ridge,6,22,384,random,3.1564910755887987
ENB2012,Y1,SVR,6,22,384,grouped,2.119420714533663
ENB2012,Y1,SVR,6,22,384,random,2.330468276862689
ENB2012,Y1,RF,6,22,384,grouped,2.31639785758176
ENB2012,Y1,RF,6,22,384,random,0.5331527404125149
ENB2012,Y1,GBM,6,22,384,grouped,1.9394156900516137
ENB2012,Y1,GBM,6,22,384,random,0.44360896803577127
ENB2012,Y1,Ridge,6,23,384,grouped,7.236178216783948
ENB2012,Y1,Ridge,6,23,384,random,3.0433454839671885
ENB2012,Y1,SVR,6,23,384,grouped,14.136513117752667
ENB2012,Y1,SVR,6,23,384,random,2.1047681140700867
ENB2012,Y1,RF,6,23,384,grouped,12.931706876190736
ENB2012,Y1,RF,6,23,384,random,0.5570495804877
ENB2012,Y1,GBM,6,23,384,grouped,18.62333180209571
ENB2012,Y1,GBM,6,23,384,random,0.5125392532142539
ENB2012,Y1,Ridge,6,24,384,grouped,1.60084598746546
ENB2012,Y1,Ridge,6,24,384,random,3.136268999049312
ENB2012,Y1,SVR,6,24,384,grouped,13.888669334137477
ENB2012,Y1,SVR,6,24,384,random,2.63641314949137
ENB2012,Y1,RF,6,24,384,grouped,7.70932027650825
ENB2012,Y1,RF,6,24,384,random,0.6902907294552607
ENB2012,Y1,GBM,6,24,384,grouped,9.129713903035617
ENB2012,Y1,GBM,6,24,384,random,0.5149660784938175
ENB2012,Y1,Ridge,8,0,512,grouped,1.6177549462422542
ENB2012,Y1,Ridge,8,0,512,random,2.780318151088059
ENB2012,Y1,SVR,8,0,512,grouped,2.013484015530781
ENB2012,Y1,SVR,8,0,512,random,2.000990720557709
ENB2012,Y1,RF,8,0,512,grouped,0.9538784684165391
ENB2012,Y1,RF,8,0,512,random,0.4491153126564479
ENB2012,Y1,GBM,8,0,512,grouped,1.0758387396489075
ENB2012,Y1,GBM,8,0,512,random,0.3795619678059274
ENB2012,Y1,Ridge,8,1,512,grouped,2.792622850782104
ENB2012,Y1,Ridge,8,1,512,random,2.6656814540480758
ENB2012,Y1,SVR,8,1,512,grouped,6.009355814757633
ENB2012,Y1,SVR,8,1,512,random,1.7904994559888945
ENB2012,Y1,RF,8,1,512,grouped,2.801913356731933
ENB2012,Y1,RF,8,1,512,random,0.6211725598741642
ENB2012,Y1,GBM,8,1,512,grouped,2.027492627311056
ENB2012,Y1,GBM,8,1,512,random,0.5020325104758594
ENB2012,Y1,Ridge,8,2,512,grouped,2.5072245762413115
ENB2012,Y1,Ridge,8,2,512,random,3.307125048352478
ENB2012,Y1,SVR,8,2,512,grouped,2.291482147522685
ENB2012,Y1,SVR,8,2,512,random,2.2590921791241083
ENB2012,Y1,RF,8,2,512,grouped,2.360611635833893
ENB2012,Y1,RF,8,2,512,random,0.5271738534096221
ENB2012,Y1,GBM,8,2,512,grouped,2.4670116593410527
ENB2012,Y1,GBM,8,2,512,random,0.4092833561077802
ENB2012,Y1,Ridge,8,3,512,grouped,3.3999295643549474
ENB2012,Y1,Ridge,8,3,512,random,2.750675650427105
ENB2012,Y1,SVR,8,3,512,grouped,6.688839825030347
ENB2012,Y1,SVR,8,3,512,random,2.152053261973698
ENB2012,Y1,RF,8,3,512,grouped,7.619222372515187
ENB2012,Y1,RF,8,3,512,random,0.4959730544911194
ENB2012,Y1,GBM,8,3,512,grouped,8.410290119178194
ENB2012,Y1,GBM,8,3,512,random,0.39328298025338637
ENB2012,Y1,Ridge,8,4,512,grouped,6.224319115095726
ENB2012,Y1,Ridge,8,4,512,random,2.843373438870216
ENB2012,Y1,SVR,8,4,512,grouped,7.600474576234048
ENB2012,Y1,SVR,8,4,512,random,2.4604176788629393
ENB2012,Y1,RF,8,4,512,grouped,7.585280783221709
ENB2012,Y1,RF,8,4,512,random,0.49491292210726195
ENB2012,Y1,GBM,8,4,512,grouped,8.207145429289344
ENB2012,Y1,GBM,8,4,512,random,0.43328777845824773
ENB2012,Y1,Ridge,8,5,512,grouped,7.385539280788701
ENB2012,Y1,Ridge,8,5,512,random,2.7343148439822427
ENB2012,Y1,SVR,8,5,512,grouped,13.459785337405025
ENB2012,Y1,SVR,8,5,512,random,1.8846150954619039
ENB2012,Y1,RF,8,5,512,grouped,9.39278671190774
ENB2012,Y1,RF,8,5,512,random,0.7089562893679507
ENB2012,Y1,GBM,8,5,512,grouped,9.349895015556438
ENB2012,Y1,GBM,8,5,512,random,0.45514703807232837
ENB2012,Y1,Ridge,8,6,512,grouped,7.414516684888446
ENB2012,Y1,Ridge,8,6,512,random,2.8377582363861817
ENB2012,Y1,SVR,8,6,512,grouped,13.008606413345671
ENB2012,Y1,SVR,8,6,512,random,2.1657074847011466
ENB2012,Y1,RF,8,6,512,grouped,9.325373387493494
ENB2012,Y1,RF,8,6,512,random,0.4598801070829478
ENB2012,Y1,GBM,8,6,512,grouped,9.061160910785478
ENB2012,Y1,GBM,8,6,512,random,0.4354877727962803
ENB2012,Y1,Ridge,8,7,512,grouped,3.0442741314873367
ENB2012,Y1,Ridge,8,7,512,random,3.0100804462151265
ENB2012,Y1,SVR,8,7,512,grouped,4.0760576537111515
ENB2012,Y1,SVR,8,7,512,random,1.973335987468406
ENB2012,Y1,RF,8,7,512,grouped,5.48651016643606
ENB2012,Y1,RF,8,7,512,random,0.46367171391109346
ENB2012,Y1,GBM,8,7,512,grouped,5.686422695960542
ENB2012,Y1,GBM,8,7,512,random,0.4131823829753607
ENB2012,Y1,Ridge,8,8,512,grouped,1.7313746090934492
ENB2012,Y1,Ridge,8,8,512,random,2.9146833018089326
ENB2012,Y1,SVR,8,8,512,grouped,9.568637291683016
ENB2012,Y1,SVR,8,8,512,random,2.145874630798396
ENB2012,Y1,RF,8,8,512,grouped,2.3722291148390213
ENB2012,Y1,RF,8,8,512,random,0.5395124543134971
ENB2012,Y1,GBM,8,8,512,grouped,2.1142145497140783
ENB2012,Y1,GBM,8,8,512,random,0.3864518376190375
ENB2012,Y1,Ridge,8,9,512,grouped,2.7721405100561185
ENB2012,Y1,Ridge,8,9,512,random,2.6977196576122413
ENB2012,Y1,SVR,8,9,512,grouped,0.8641291269864854
ENB2012,Y1,SVR,8,9,512,random,1.6942402743509053
ENB2012,Y1,RF,8,9,512,grouped,7.72319963678328
ENB2012,Y1,RF,8,9,512,random,0.5110196766484375
ENB2012,Y1,GBM,8,9,512,grouped,7.23076271709119
ENB2012,Y1,GBM,8,9,512,random,0.3946127541963272
ENB2012,Y1,Ridge,8,10,512,grouped,1.9035049617435797
ENB2012,Y1,Ridge,8,10,512,random,2.9495257778906088
ENB2012,Y1,SVR,8,10,512,grouped,1.3754285206707413
ENB2012,Y1,SVR,8,10,512,random,1.9399962649179399
ENB2012,Y1,RF,8,10,512,grouped,1.7293975301206759
ENB2012,Y1,RF,8,10,512,random,0.4332181264422406
ENB2012,Y1,GBM,8,10,512,grouped,1.2096806891011043
ENB2012,Y1,GBM,8,10,512,random,0.354955369767737
ENB2012,Y1,Ridge,8,11,512,grouped,2.2595492284599303
ENB2012,Y1,Ridge,8,11,512,random,2.7961783152509203
ENB2012,Y1,SVR,8,11,512,grouped,3.3464151716345634
ENB2012,Y1,SVR,8,11,512,random,2.101729458664194
ENB2012,Y1,RF,8,11,512,grouped,0.5115437031519159
ENB2012,Y1,RF,8,11,512,random,0.4971104578115663
ENB2012,Y1,GBM,8,11,512,grouped,2.548132906019198
ENB2012,Y1,GBM,8,11,512,random,0.45832525589374756
ENB2012,Y1,Ridge,8,12,512,grouped,7.990584551470919
ENB2012,Y1,Ridge,8,12,512,random,2.7121187903436166
ENB2012,Y1,SVR,8,12,512,grouped,13.005258891323548
ENB2012,Y1,SVR,8,12,512,random,1.9897488906621033
ENB2012,Y1,RF,8,12,512,grouped,9.535338458400416
ENB2012,Y1,RF,8,12,512,random,0.4868995544995658
ENB2012,Y1,GBM,8,12,512,grouped,9.556434979480184
ENB2012,Y1,GBM,8,12,512,random,0.4226409300911165
ENB2012,Y1,Ridge,8,13,512,grouped,2.960105941883623
ENB2012,Y1,Ridge,8,13,512,random,2.996495509636643
ENB2012,Y1,SVR,8,13,512,grouped,3.229452394440229
ENB2012,Y1,SVR,8,13,512,random,2.241944724690028
ENB2012,Y1,RF,8,13,512,grouped,3.0820961050907596
ENB2012,Y1,RF,8,13,512,random,0.521989773980894
ENB2012,Y1,GBM,8,13,512,grouped,2.8126544098662434
ENB2012,Y1,GBM,8,13,512,random,0.4108387151409911
ENB2012,Y1,Ridge,8,14,512,grouped,7.977746605439192
ENB2012,Y1,Ridge,8,14,512,random,3.165921906290547
ENB2012,Y1,SVR,8,14,512,grouped,12.890305862126741
ENB2012,Y1,SVR,8,14,512,random,1.9202919905667821
ENB2012,Y1,RF,8,14,512,grouped,9.548919571655084
ENB2012,Y1,RF,8,14,512,random,0.5828178323184712
ENB2012,Y1,GBM,8,14,512,grouped,9.512144492449746
ENB2012,Y1,GBM,8,14,512,random,0.41884958057591626
ENB2012,Y1,Ridge,8,15,512,grouped,3.160349487646071
ENB2012,Y1,Ridge,8,15,512,random,3.1449948115158786
ENB2012,Y1,SVR,8,15,512,grouped,2.227329220769944
ENB2012,Y1,SVR,8,15,512,random,2.2489428561382563
ENB2012,Y1,RF,8,15,512,grouped,2.2138521918818332
ENB2012,Y1,RF,8,15,512,random,0.4871450412263335
ENB2012,Y1,GBM,8,15,512,grouped,1.3153273652653223
ENB2012,Y1,GBM,8,15,512,random,0.36102497028214947
ENB2012,Y1,Ridge,8,16,512,grouped,2.8911028533088934
ENB2012,Y1,Ridge,8,16,512,random,3.1656868067755424
ENB2012,Y1,SVR,8,16,512,grouped,3.730404441723972
ENB2012,Y1,SVR,8,16,512,random,2.620594066672293
ENB2012,Y1,RF,8,16,512,grouped,2.3834932178815826
ENB2012,Y1,RF,8,16,512,random,0.5404203464520694
ENB2012,Y1,GBM,8,16,512,grouped,1.729854166261573
ENB2012,Y1,GBM,8,16,512,random,0.4413963490404175
ENB2012,Y1,Ridge,8,17,512,grouped,2.820138090006371
ENB2012,Y1,Ridge,8,17,512,random,3.1392061294145766
ENB2012,Y1,SVR,8,17,512,grouped,9.554878465892944
ENB2012,Y1,SVR,8,17,512,random,2.240729101979443
ENB2012,Y1,RF,8,17,512,grouped,2.8333778822309656
ENB2012,Y1,RF,8,17,512,random,0.48307262919578403
ENB2012,Y1,GBM,8,17,512,grouped,3.068578100716193
ENB2012,Y1,GBM,8,17,512,random,0.40087105936231554
ENB2012,Y1,Ridge,8,18,512,grouped,6.769286510360765
ENB2012,Y1,Ridge,8,18,512,random,3.1244065256467026
ENB2012,Y1,SVR,8,18,512,grouped,10.807398600150353
ENB2012,Y1,SVR,8,18,512,random,2.187115714119167
ENB2012,Y1,RF,8,18,512,grouped,9.244993392295841
ENB2012,Y1,RF,8,18,512,random,0.5761825179440753
ENB2012,Y1,GBM,8,18,512,grouped,8.906998464238034
ENB2012,Y1,GBM,8,18,512,random,0.4733312109424956
ENB2012,Y1,Ridge,8,19,512,grouped,5.74883168465782
ENB2012,Y1,Ridge,8,19,512,random,2.8941076905238066
ENB2012,Y1,SVR,8,19,512,grouped,4.21255765776933
ENB2012,Y1,SVR,8,19,512,random,1.9883324752525626
ENB2012,Y1,RF,8,19,512,grouped,3.5191496992126887
ENB2012,Y1,RF,8,19,512,random,0.584312423409805
ENB2012,Y1,GBM,8,19,512,grouped,3.838469899505783
ENB2012,Y1,GBM,8,19,512,random,0.501149126818715
ENB2012,Y1,Ridge,8,20,512,grouped,2.582603050219424
ENB2012,Y1,Ridge,8,20,512,random,2.8057314007043437
ENB2012,Y1,SVR,8,20,512,grouped,10.735396352001771
ENB2012,Y1,SVR,8,20,512,random,1.8958082432606669
ENB2012,Y1,RF,8,20,512,grouped,2.5411047579928216
ENB2012,Y1,RF,8,20,512,random,0.5676614018827593
ENB2012,Y1,GBM,8,20,512,grouped,3.190791596383142
ENB2012,Y1,GBM,8,20,512,random,0.4593400619535217
ENB2012,Y1,Ridge,8,21,512,grouped,8.88212898496774
ENB2012,Y1,Ridge,8,21,512,random,2.776567622395939
ENB2012,Y1,SVR,8,21,512,grouped,17.551067434136566
ENB2012,Y1,SVR,8,21,512,random,2.058177944171665
ENB2012,Y1,RF,8,21,512,grouped,13.374899415816298
ENB2012,Y1,RF,8,21,512,random,0.49431320726337075
ENB2012,Y1,GBM,8,21,512,grouped,14.122955239144316
ENB2012,Y1,GBM,8,21,512,random,0.41734625994658
ENB2012,Y1,Ridge,8,22,512,grouped,3.97747844133176
ENB2012,Y1,Ridge,8,22,512,random,3.0076001212636783
ENB2012,Y1,SVR,8,22,512,grouped,2.316509669841297
ENB2012,Y1,SVR,8,22,512,random,1.9706348006786765
ENB2012,Y1,RF,8,22,512,grouped,3.378555887008625
ENB2012,Y1,RF,8,22,512,random,0.6310078712338114
ENB2012,Y1,GBM,8,22,512,grouped,3.5853563454699535
ENB2012,Y1,GBM,8,22,512,random,0.4747354689182425
ENB2012,Y1,Ridge,8,23,512,grouped,7.6587702608933075
ENB2012,Y1,Ridge,8,23,512,random,2.9259027014348016
ENB2012,Y1,SVR,8,23,512,grouped,7.534876546026707
ENB2012,Y1,SVR,8,23,512,random,1.7934004033606066
ENB2012,Y1,RF,8,23,512,grouped,9.239684384279247
ENB2012,Y1,RF,8,23,512,random,0.5099859033148518
ENB2012,Y1,GBM,8,23,512,grouped,9.044870021022371
ENB2012,Y1,GBM,8,23,512,random,0.46806554843354986
ENB2012,Y1,Ridge,8,24,512,grouped,1.7432090856430964
ENB2012,Y1,Ridge,8,24,512,random,3.0907865781218
ENB2012,Y1,SVR,8,24,512,grouped,10.74096945848356
ENB2012,Y1,SVR,8,24,512,random,2.133962852495828
ENB2012,Y1,RF,8,24,512,grouped,2.355243960575661
ENB2012,Y1,RF,8,24,512,random,0.569394829245212
ENB2012,Y1,GBM,8,24,512,grouped,2.4132319903017985
ENB2012,Y1,GBM,8,24,512,random,0.4980495507061166
ENB2012,Y1,Ridge,10,0,640,grouped,1.824715073284937
ENB2012,Y1,Ridge,10,0,640,random,3.083138257908753
ENB2012,Y1,SVR,10,0,640,grouped,10.681982709601785
ENB2012,Y1,SVR,10,0,640,random,2.0371711263559096
ENB2012,Y1,RF,10,0,640,grouped,7.131563978747494
ENB2012,Y1,RF,10,0,640,random,0.4443341313836918
ENB2012,Y1,GBM,10,0,640,grouped,12.39879399137949
ENB2012,Y1,GBM,10,0,640,random,0.3866952763607596
ENB2012,Y1,Ridge,10,1,640,grouped,7.93684171744485
ENB2012,Y1,Ridge,10,1,640,random,3.2640874657112615
ENB2012,Y1,SVR,10,1,640,grouped,20.673655549939834
ENB2012,Y1,SVR,10,1,640,random,1.969440658829573
ENB2012,Y1,RF,10,1,640,grouped,14.3852544204669
ENB2012,Y1,RF,10,1,640,random,0.4831689944482985
ENB2012,Y1,GBM,10,1,640,grouped,15.221005919801986
ENB2012,Y1,GBM,10,1,640,random,0.40020199133413636
ENB2012,Y1,Ridge,10,2,640,grouped,5.275472077830617
ENB2012,Y1,Ridge,10,2,640,random,3.228370970203597
ENB2012,Y1,SVR,10,2,640,grouped,6.44145391139625
ENB2012,Y1,SVR,10,2,640,random,2.1259503845230254
ENB2012,Y1,RF,10,2,640,grouped,5.3838047089744085
ENB2012,Y1,RF,10,2,640,random,0.4985557597081758
ENB2012,Y1,GBM,10,2,640,grouped,6.562197129853006
ENB2012,Y1,GBM,10,2,640,random,0.44119277459770145
ENB2012,Y1,Ridge,10,3,640,grouped,7.779674521401288
ENB2012,Y1,Ridge,10,3,640,random,2.562803126913197
ENB2012,Y1,SVR,10,3,640,grouped,8.561717630294657
ENB2012,Y1,SVR,10,3,640,random,1.742247381500641
ENB2012,Y1,RF,10,3,640,grouped,9.243219661223304
ENB2012,Y1,RF,10,3,640,random,0.39491445246486456
ENB2012,Y1,GBM,10,3,640,grouped,9.337597971412166
ENB2012,Y1,GBM,10,3,640,random,0.3739604249112774
ENB2012,Y1,Ridge,10,4,640,grouped,5.362588816956279
ENB2012,Y1,Ridge,10,4,640,random,3.152464372667682
ENB2012,Y1,SVR,10,4,640,grouped,8.42114671393206
ENB2012,Y1,SVR,10,4,640,random,1.7771074676872343
ENB2012,Y1,RF,10,4,640,grouped,5.852570797634844
ENB2012,Y1,RF,10,4,640,random,0.5556495061384247
ENB2012,Y1,GBM,10,4,640,grouped,7.070683093713955
ENB2012,Y1,GBM,10,4,640,random,0.4965516404272771
ENB2012,Y1,Ridge,10,5,640,grouped,2.4264878304293944
ENB2012,Y1,Ridge,10,5,640,random,2.750693202071514
ENB2012,Y1,SVR,10,5,640,grouped,12.589855180174354
ENB2012,Y1,SVR,10,5,640,random,1.7990395688011094
ENB2012,Y1,RF,10,5,640,grouped,1.7876614541813072
ENB2012,Y1,RF,10,5,640,random,0.38156863549530623
ENB2012,Y1,GBM,10,5,640,grouped,1.731791305668857
ENB2012,Y1,GBM,10,5,640,random,0.3616533377728966
ENB2012,Y1,Ridge,10,6,640,grouped,1.971195951479856
ENB2012,Y1,Ridge,10,6,640,random,2.9801525284696515
ENB2012,Y1,SVR,10,6,640,grouped,11.559885369148748
ENB2012,Y1,SVR,10,6,640,random,2.124179564424589
ENB2012,Y1,RF,10,6,640,grouped,2.3941512240336165
ENB2012,Y1,RF,10,6,640,random,0.5662391690426928
ENB2012,Y1,GBM,10,6,640,grouped,2.1961447830800425
ENB2012,Y1,GBM,10,6,640,random,0.5237326028341905
ENB2012,Y1,Ridge,10,7,640,grouped,3.940907366550244
ENB2012,Y1,Ridge,10,7,640,random,3.1377989366224144
ENB2012,Y1,SVR,10,7,640,grouped,18.67575538758219
ENB2012,Y1,SVR,10,7,640,random,1.8352522195789207
ENB2012,Y1,RF,10,7,640,grouped,2.0209622696603273
ENB2012,Y1,RF,10,7,640,random,0.45992014785904156
ENB2012,Y1,GBM,10,7,640,grouped,4.509931332440503
ENB2012,Y1,GBM,10,7,640,random,0.3924146123100143
ENB2012,Y1,Ridge,10,8,640,grouped,5.424339298641417
ENB2012,Y1,Ridge,10,8,640,random,3.3160948478264496
ENB2012,Y1,SVR,10,8,640,grouped,6.6581984755137
ENB2012,Y1,SVR,10,8,640,random,2.36213140088111
ENB2012,Y1,RF,10,8,640,grouped,5.924772284144487
ENB2012,Y1,RF,10,8,640,random,0.5918084396972367
ENB2012,Y1,GBM,10,8,640,grouped,6.669407543082239
ENB2012,Y1,GBM,10,8,640,random,0.4482912283691963
ENB2012,Y1,Ridge,10,9,640,grouped,6.4082601559611465
ENB2012,Y1,Ridge,10,9,640,random,2.7396231760811993
ENB2012,Y1,SVR,10,9,640,grouped,5.608775081560965
ENB2012,Y1,SVR,10,9,640,random,1.960813401628214
ENB2012,Y1,RF,10,9,640,grouped,5.245918759855133
ENB2012,Y1,RF,10,9,640,random,0.45436246849659817
ENB2012,Y1,GBM,10,9,640,grouped,5.4704597858471615
ENB2012,Y1,GBM,10,9,640,random,0.4190730617760552
ENB2012,Y1,Ridge,10,10,640,grouped,2.899664737298663
ENB2012,Y1,Ridge,10,10,640,random,3.1122200864520444
ENB2012,Y1,SVR,10,10,640,grouped,12.97204543119801
ENB2012,Y1,SVR,10,10,640,random,2.1805570797175893
ENB2012,Y1,RF,10,10,640,grouped,2.7117989847032375
ENB2012,Y1,RF,10,10,640,random,0.5657547374691179
ENB2012,Y1,GBM,10,10,640,grouped,2.8975209061030562
ENB2012,Y1,GBM,10,10,640,random,0.4750891583902047
ENB2012,Y1,Ridge,10,11,640,grouped,1.887150720842117
ENB2012,Y1,Ridge,10,11,640,random,3.2920082145455627
ENB2012,Y1,SVR,10,11,640,grouped,3.0377959248073347
ENB2012,Y1,SVR,10,11,640,random,1.7076721999200233
ENB2012,Y1,RF,10,11,640,grouped,6.099384042326018
ENB2012,Y1,RF,10,11,640,random,0.5490100676444848
ENB2012,Y1,GBM,10,11,640,grouped,6.685631456641109
ENB2012,Y1,GBM,10,11,640,random,0.5065686770587442
ENB2012,Y1,Ridge,10,12,640,grouped,2.1220340172372647
ENB2012,Y1,Ridge,10,12,640,random,2.633927824298518
ENB2012,Y1,SVR,10,12,640,grouped,6.038566020985773
ENB2012,Y1,SVR,10,12,640,random,1.9457387636795165
ENB2012,Y1,RF,10,12,640,grouped,3.253315390946403
ENB2012,Y1,RF,10,12,640,random,0.453120446184014
ENB2012,Y1,GBM,10,12,640,grouped,3.0178596935246325
ENB2012,Y1,GBM,10,12,640,random,0.3598625141439992
ENB2012,Y1,Ridge,10,13,640,grouped,2.7102826108706406
ENB2012,Y1,Ridge,10,13,640,random,3.1650509056481884
ENB2012,Y1,SVR,10,13,640,grouped,5.38383070368176
ENB2012,Y1,SVR,10,13,640,random,2.0140995421113135
ENB2012,Y1,RF,10,13,640,grouped,1.7377943641833755
ENB2012,Y1,RF,10,13,640,random,0.590392434089792
ENB2012,Y1,GBM,10,13,640,grouped,1.709835453249215
ENB2012,Y1,GBM,10,13,640,random,0.42916563909997074
ENB2012,Y1,Ridge,10,14,640,grouped,6.84991967409366
ENB2012,Y1,Ridge,10,14,640,random,2.8561088326456443
ENB2012,Y1,SVR,10,14,640,grouped,10.00873406102819
ENB2012,Y1,SVR,10,14,640,random,1.570455058425467
ENB2012,Y1,RF,10,14,640,grouped,9.24555494408749
ENB2012,Y1,RF,10,14,640,random,0.44720180364771095
ENB2012,Y1,GBM,10,14,640,grouped,8.894037155643735
ENB2012,Y1,GBM,10,14,640,random,0.4022577996051266
ENB2012,Y1,Ridge,10,15,640,grouped,1.986648764015967
ENB2012,Y1,Ridge,10,15,640,random,3.080061696948664
ENB2012,Y1,SVR,10,15,640,grouped,2.187070636942798
ENB2012,Y1,SVR,10,15,640,random,2.2407876360261767
ENB2012,Y1,RF,10,15,640,grouped,2.3187451172118387
ENB2012,Y1,RF,10,15,640,random,0.41079275549691746
ENB2012,Y1,GBM,10,15,640,grouped,1.868007363243684
ENB2012,Y1,GBM,10,15,640,random,0.38945166547329735
ENB2012,Y1,Ridge,10,16,640,grouped,6.847355005124611
ENB2012,Y1,Ridge,10,16,640,random,2.764709006406258
ENB2012,Y1,SVR,10,16,640,grouped,10.18514910938641
ENB2012,Y1,SVR,10,16,640,random,1.561411473708674
ENB2012,Y1,RF,10,16,640,grouped,9.246657368058234
ENB2012,Y1,RF,10,16,640,random,0.4785819673092507
ENB2012,Y1,GBM,10,16,640,grouped,8.606212357547493
ENB2012,Y1,GBM,10,16,640,random,0.4278017560102882
ENB2012,Y1,Ridge,10,17,640,grouped,1.3971127982829599
ENB2012,Y1,Ridge,10,17,640,random,2.686789535857889
ENB2012,Y1,SVR,10,17,640,grouped,4.543128227156146
ENB2012,Y1,SVR,10,17,640,random,1.6964907701256018
ENB2012,Y1,RF,10,17,640,grouped,0.5742365054397796
ENB2012,Y1,RF,10,17,640,random,0.40650991694930155
ENB2012,Y1,GBM,10,17,640,grouped,0.5473273078068486
ENB2012,Y1,GBM,10,17,640,random,0.35025607144719956
ENB2012,Y1,Ridge,10,18,640,grouped,1.8805514494241047
ENB2012,Y1,Ridge,10,18,640,random,3.0942586416324214
ENB2012,Y1,SVR,10,18,640,grouped,6.262934033426421
ENB2012,Y1,SVR,10,18,640,random,1.842038314176937
ENB2012,Y1,RF,10,18,640,grouped,3.134553141608775
ENB2012,Y1,RF,10,18,640,random,0.486080023853936
ENB2012,Y1,GBM,10,18,640,grouped,2.833786870314639
ENB2012,Y1,GBM,10,18,640,random,0.38300103467020963
ENB2012,Y1,Ridge,10,19,640,grouped,2.9129155859801346
ENB2012,Y1,Ridge,10,19,640,random,3.0035667018206014
ENB2012,Y1,SVR,10,19,640,grouped,13.734895820512996
ENB2012,Y1,SVR,10,19,640,random,2.390031111919058
ENB2012,Y1,RF,10,19,640,grouped,7.603062198122257
ENB2012,Y1,RF,10,19,640,random,0.5930247186695706
ENB2012,Y1,GBM,10,19,640,grouped,8.116625451900056
ENB2012,Y1,GBM,10,19,640,random,0.5564646432057131
ENB2012,Y1,Ridge,10,20,640,grouped,7.06283295326311
ENB2012,Y1,Ridge,10,20,640,random,2.8029361677311604
ENB2012,Y1,SVR,10,20,640,grouped,10.441799127834887
ENB2012,Y1,SVR,10,20,640,random,1.7703048083702164
ENB2012,Y1,RF,10,20,640,grouped,9.515368077936403
ENB2012,Y1,RF,10,20,640,random,0.41529029991455835
ENB2012,Y1,GBM,10,20,640,grouped,9.536753434518031
ENB2012,Y1,GBM,10,20,640,random,0.3448149466597997
ENB2012,Y1,Ridge,10,21,640,grouped,5.362588816956279
ENB2012,Y1,Ridge,10,21,640,random,2.8057799656211744
ENB2012,Y1,SVR,10,21,640,grouped,8.42114671393206
ENB2012,Y1,SVR,10,21,640,random,2.1153520975927256
ENB2012,Y1,RF,10,21,640,grouped,5.852570797634844
ENB2012,Y1,RF,10,21,640,random,0.42654216178620896
ENB2012,Y1,GBM,10,21,640,grouped,7.070683093713955
ENB2012,Y1,GBM,10,21,640,random,0.41345682493771396
ENB2012,Y1,Ridge,10,22,640,grouped,2.899664737298663
ENB2012,Y1,Ridge,10,22,640,random,3.177285525615452
ENB2012,Y1,SVR,10,22,640,grouped,12.97204543119801
ENB2012,Y1,SVR,10,22,640,random,2.2043710778424788
ENB2012,Y1,RF,10,22,640,grouped,2.7117989847032375
ENB2012,Y1,RF,10,22,640,random,0.4978182780973539
ENB2012,Y1,GBM,10,22,640,grouped,2.8975209061030562
ENB2012,Y1,GBM,10,22,640,random,0.45255425050763315
ENB2012,Y1,Ridge,10,23,640,grouped,2.355462655508613
ENB2012,Y1,Ridge,10,23,640,random,3.3069355066201145
ENB2012,Y1,SVR,10,23,640,grouped,7.821441094165559
ENB2012,Y1,SVR,10,23,640,random,2.2577888415000835
ENB2012,Y1,RF,10,23,640,grouped,8.414302861673615
ENB2012,Y1,RF,10,23,640,random,0.4808812742474723
ENB2012,Y1,GBM,10,23,640,grouped,6.712899795683098
ENB2012,Y1,GBM,10,23,640,random,0.42737903463754046
ENB2012,Y1,Ridge,10,24,640,grouped,6.847355005124611
ENB2012,Y1,Ridge,10,24,640,random,2.763471366367735
ENB2012,Y1,SVR,10,24,640,grouped,10.18514910938641
ENB2012,Y1,SVR,10,24,640,random,2.053159266948198
ENB2012,Y1,RF,10,24,640,grouped,9.246657368058234
ENB2012,Y1,RF,10,24,640,random,0.44546604729976896
ENB2012,Y1,GBM,10,24,640,grouped,8.606212357547493
ENB2012,Y1,GBM,10,24,640,random,0.35773032141657496
ENB2012,Y2,Ridge,2,0,128,grouped,5.554049661882865
ENB2012,Y2,Ridge,2,0,128,random,4.253880957814639
ENB2012,Y2,SVR,2,0,128,grouped,4.190970583495607
ENB2012,Y2,SVR,2,0,128,random,3.808978354709937
ENB2012,Y2,RF,2,0,128,grouped,4.080381344588471
ENB2012,Y2,RF,2,0,128,random,2.6758464960293433
ENB2012,Y2,GBM,2,0,128,grouped,3.99373658501499
ENB2012,Y2,GBM,2,0,128,random,2.530087939644825
ENB2012,Y2,Ridge,2,1,128,grouped,24.116548435965772
ENB2012,Y2,Ridge,2,1,128,random,3.7058953322258104
ENB2012,Y2,SVR,2,1,128,grouped,11.219119580045575
ENB2012,Y2,SVR,2,1,128,random,3.3175211470135877
ENB2012,Y2,RF,2,1,128,grouped,11.867930413938149
ENB2012,Y2,RF,2,1,128,random,2.173054444281714
ENB2012,Y2,GBM,2,1,128,grouped,12.175159584195022
ENB2012,Y2,GBM,2,1,128,random,1.9455881065813847
ENB2012,Y2,Ridge,2,2,128,grouped,32.34372655679126
ENB2012,Y2,Ridge,2,2,128,random,2.8564547286233735
ENB2012,Y2,SVR,2,2,128,grouped,15.172886426248333
ENB2012,Y2,SVR,2,2,128,random,2.4900769099361773
ENB2012,Y2,RF,2,2,128,grouped,18.10615651432545
ENB2012,Y2,RF,2,2,128,random,1.9222987661464417
ENB2012,Y2,GBM,2,2,128,grouped,18.28025457131462
ENB2012,Y2,GBM,2,2,128,random,1.5084490962043935
ENB2012,Y2,Ridge,2,3,128,grouped,15.399835457392417
ENB2012,Y2,Ridge,2,3,128,random,3.0635716795641623
ENB2012,Y2,SVR,2,3,128,grouped,9.774502541251644
ENB2012,Y2,SVR,2,3,128,random,3.001903791836709
ENB2012,Y2,RF,2,3,128,grouped,10.873789826167869
ENB2012,Y2,RF,2,3,128,random,1.6642740519517818
ENB2012,Y2,GBM,2,3,128,grouped,10.877902782476998
ENB2012,Y2,GBM,2,3,128,random,1.5395816741960626
ENB2012,Y2,Ridge,2,4,128,grouped,3.7334654117726864
ENB2012,Y2,Ridge,2,4,128,random,3.1185476509371557
ENB2012,Y2,SVR,2,4,128,grouped,9.022544552647002
ENB2012,Y2,SVR,2,4,128,random,3.212635876404033
ENB2012,Y2,RF,2,4,128,grouped,0.9815770493191027
ENB2012,Y2,RF,2,4,128,random,1.9529620070789313
ENB2012,Y2,GBM,2,4,128,grouped,1.2152401575965168
ENB2012,Y2,GBM,2,4,128,random,1.8538978531074528
ENB2012,Y2,Ridge,2,5,128,grouped,22.016171848460942
ENB2012,Y2,Ridge,2,5,128,random,4.29410229993855
ENB2012,Y2,SVR,2,5,128,grouped,10.394566151582595
ENB2012,Y2,SVR,2,5,128,random,3.9495665784044838
ENB2012,Y2,RF,2,5,128,grouped,8.619054763810386
ENB2012,Y2,RF,2,5,128,random,2.396235036762101
ENB2012,Y2,GBM,2,5,128,grouped,8.630160217687878
ENB2012,Y2,GBM,2,5,128,random,2.2430599626616807
ENB2012,Y2,Ridge,2,6,128,grouped,17.82499171156798
ENB2012,Y2,Ridge,2,6,128,random,3.5426983210478644
ENB2012,Y2,SVR,2,6,128,grouped,19.184917707085177
ENB2012,Y2,SVR,2,6,128,random,3.1760539213084553
ENB2012,Y2,RF,2,6,128,grouped,17.889649534708262
ENB2012,Y2,RF,2,6,128,random,2.1231025892620545
ENB2012,Y2,GBM,2,6,128,grouped,17.886610564008464
ENB2012,Y2,GBM,2,6,128,random,2.070805003741504
ENB2012,Y2,Ridge,2,7,128,grouped,17.12347298804785
ENB2012,Y2,Ridge,2,7,128,random,3.3942331763847324
ENB2012,Y2,SVR,2,7,128,grouped,7.085907489276219
ENB2012,Y2,SVR,2,7,128,random,2.938526800887036
ENB2012,Y2,RF,2,7,128,grouped,8.231846107752421
ENB2012,Y2,RF,2,7,128,random,2.2449884596028604
ENB2012,Y2,GBM,2,7,128,grouped,8.41210066468718
ENB2012,Y2,GBM,2,7,128,random,2.0757965955743387
ENB2012,Y2,Ridge,2,8,128,grouped,4.850597146489872
ENB2012,Y2,Ridge,2,8,128,random,3.3072560255634533
ENB2012,Y2,SVR,2,8,128,grouped,8.544277007721918
ENB2012,Y2,SVR,2,8,128,random,3.0584797193460282
ENB2012,Y2,RF,2,8,128,grouped,2.716521339487435
ENB2012,Y2,RF,2,8,128,random,1.9061350954713359
ENB2012,Y2,GBM,2,8,128,grouped,3.2242700917462184
ENB2012,Y2,GBM,2,8,128,random,1.8700672265990135
ENB2012,Y2,Ridge,2,9,128,grouped,8.98334224761363
ENB2012,Y2,Ridge,2,9,128,random,3.684770344385541
ENB2012,Y2,SVR,2,9,128,grouped,11.833259975096773
ENB2012,Y2,SVR,2,9,128,random,3.356830031075577
ENB2012,Y2,RF,2,9,128,grouped,9.961039150297177
ENB2012,Y2,RF,2,9,128,random,2.3462892964709967
ENB2012,Y2,GBM,2,9,128,grouped,10.103998376517282
ENB2012,Y2,GBM,2,9,128,random,1.922090340982667
ENB2012,Y2,Ridge,2,10,128,grouped,14.254462862449941
ENB2012,Y2,Ridge,2,10,128,random,3.0685929048177445
ENB2012,Y2,SVR,2,10,128,grouped,11.154684972481478
ENB2012,Y2,SVR,2,10,128,random,2.836991528471602
ENB2012,Y2,RF,2,10,128,grouped,10.337462690591682
ENB2012,Y2,RF,2,10,128,random,2.0147182589167425
ENB2012,Y2,GBM,2,10,128,grouped,10.679244376606512
ENB2012,Y2,GBM,2,10,128,random,2.0772001416486363
ENB2012,Y2,Ridge,2,11,128,grouped,15.431596835651854
ENB2012,Y2,Ridge,2,11,128,random,3.3249786809443322
ENB2012,Y2,SVR,2,11,128,grouped,16.273718199209046
ENB2012,Y2,SVR,2,11,128,random,3.5152498034145148
ENB2012,Y2,RF,2,11,128,grouped,15.425738142212493
ENB2012,Y2,RF,2,11,128,random,1.9421039351491671
ENB2012,Y2,GBM,2,11,128,grouped,15.43466680735439
ENB2012,Y2,GBM,2,11,128,random,2.1173530320464464
ENB2012,Y2,Ridge,2,12,128,grouped,20.813875145466696
ENB2012,Y2,Ridge,2,12,128,random,3.174713091321176
ENB2012,Y2,SVR,2,12,128,grouped,18.925913322790326
ENB2012,Y2,SVR,2,12,128,random,2.907022487044323
ENB2012,Y2,RF,2,12,128,grouped,20.53457115553853
ENB2012,Y2,RF,2,12,128,random,1.8499251936311487
ENB2012,Y2,GBM,2,12,128,grouped,20.385737724010568
ENB2012,Y2,GBM,2,12,128,random,1.7296890659139001
ENB2012,Y2,Ridge,2,13,128,grouped,2.5076321997365736
ENB2012,Y2,Ridge,2,13,128,random,3.750174283882241
ENB2012,Y2,SVR,2,13,128,grouped,7.014443032648257
ENB2012,Y2,SVR,2,13,128,random,3.2573188956082353
ENB2012,Y2,RF,2,13,128,grouped,0.9698120180284915
ENB2012,Y2,RF,2,13,128,random,2.166288387318564
ENB2012,Y2,GBM,2,13,128,grouped,0.995349659078331
ENB2012,Y2,GBM,2,13,128,random,1.8184126338767368
ENB2012,Y2,Ridge,2,14,128,grouped,4.226923091193777
ENB2012,Y2,Ridge,2,14,128,random,3.8111309108992497
ENB2012,Y2,SVR,2,14,128,grouped,6.79630105606415
ENB2012,Y2,SVR,2,14,128,random,3.4818040491274043
ENB2012,Y2,RF,2,14,128,grouped,4.499540695414088
ENB2012,Y2,RF,2,14,128,random,1.9412784282367928
ENB2012,Y2,GBM,2,14,128,grouped,3.9201930195484973
ENB2012,Y2,GBM,2,14,128,random,1.6519323796556873
ENB2012,Y2,Ridge,2,15,128,grouped,2.9483402943573287
ENB2012,Y2,Ridge,2,15,128,random,3.2427721456066974
ENB2012,Y2,SVR,2,15,128,grouped,3.269324236124612
ENB2012,Y2,SVR,2,15,128,random,3.267298278410342
ENB2012,Y2,RF,2,15,128,grouped,3.1433320505973423
ENB2012,Y2,RF,2,15,128,random,2.031653369429841
ENB2012,Y2,GBM,2,15,128,grouped,3.1398235517973285
ENB2012,Y2,GBM,2,15,128,random,2.0118532196327243
ENB2012,Y2,Ridge,2,16,128,grouped,4.221938093666735
ENB2012,Y2,Ridge,2,16,128,random,3.9875640200108307
ENB2012,Y2,SVR,2,16,128,grouped,5.2850881385762785
ENB2012,Y2,SVR,2,16,128,random,3.988692083162478
ENB2012,Y2,RF,2,16,128,grouped,3.1987586713930907
ENB2012,Y2,RF,2,16,128,random,2.1175638718414462
ENB2012,Y2,GBM,2,16,128,grouped,3.209939191247264
ENB2012,Y2,GBM,2,16,128,random,1.8670620964147557
ENB2012,Y2,Ridge,2,17,128,grouped,17.733227920874185
ENB2012,Y2,Ridge,2,17,128,random,3.171982007929143
ENB2012,Y2,SVR,2,17,128,grouped,8.288251212164935
ENB2012,Y2,SVR,2,17,128,random,3.549705398848913
ENB2012,Y2,RF,2,17,128,grouped,6.67967489897057
ENB2012,Y2,RF,2,17,128,random,2.2502742778312013
ENB2012,Y2,GBM,2,17,128,grouped,6.687054813296435
ENB2012,Y2,GBM,2,17,128,random,2.0581958241034046
ENB2012,Y2,Ridge,2,18,128,grouped,13.281887953389576
ENB2012,Y2,Ridge,2,18,128,random,4.08350327540253
ENB2012,Y2,SVR,2,18,128,grouped,14.17687127170414
ENB2012,Y2,SVR,2,18,128,random,3.4997333976665974
ENB2012,Y2,RF,2,18,128,grouped,13.26603499560084
ENB2012,Y2,RF,2,18,128,random,1.6973824147188739
ENB2012,Y2,GBM,2,18,128,grouped,13.265701515556414
ENB2012,Y2,GBM,2,18,128,random,1.6118075355991615
ENB2012,Y2,Ridge,2,19,128,grouped,15.722015426164551
ENB2012,Y2,Ridge,2,19,128,random,3.843343214963961
ENB2012,Y2,SVR,2,19,128,grouped,14.233041550707096
ENB2012,Y2,SVR,2,19,128,random,3.803938999917872
ENB2012,Y2,RF,2,19,128,grouped,14.752664659504097
ENB2012,Y2,RF,2,19,128,random,2.194189605081311
ENB2012,Y2,GBM,2,19,128,grouped,15.18246438943539
ENB2012,Y2,GBM,2,19,128,random,2.179422915152678
ENB2012,Y2,Ridge,2,20,128,grouped,9.840911383634595
ENB2012,Y2,Ridge,2,20,128,random,3.444655027580317
ENB2012,Y2,SVR,2,20,128,grouped,7.525385658765545
ENB2012,Y2,SVR,2,20,128,random,3.131327874924755
ENB2012,Y2,RF,2,20,128,grouped,7.546891924530713
ENB2012,Y2,RF,2,20,128,random,1.805403965313237
ENB2012,Y2,GBM,2,20,128,grouped,8.12884334990107
ENB2012,Y2,GBM,2,20,128,random,1.6445705501662367
ENB2012,Y2,Ridge,2,21,128,grouped,5.055908440134484
ENB2012,Y2,Ridge,2,21,128,random,3.7255839041679635
ENB2012,Y2,SVR,2,21,128,grouped,7.162310750542189
ENB2012,Y2,SVR,2,21,128,random,3.450346921618742
ENB2012,Y2,RF,2,21,128,grouped,4.309893883046893
ENB2012,Y2,RF,2,21,128,random,2.0521550651274216
ENB2012,Y2,GBM,2,21,128,grouped,4.337012883117221
ENB2012,Y2,GBM,2,21,128,random,1.5006537718363115
ENB2012,Y2,Ridge,2,22,128,grouped,6.555384824648519
ENB2012,Y2,Ridge,2,22,128,random,3.6400624614942716
ENB2012,Y2,SVR,2,22,128,grouped,6.76964485180591
ENB2012,Y2,SVR,2,22,128,random,3.8540526712244776
ENB2012,Y2,RF,2,22,128,grouped,3.084273656402454
ENB2012,Y2,RF,2,22,128,random,1.931466402095018
ENB2012,Y2,GBM,2,22,128,grouped,1.9035825991685853
ENB2012,Y2,GBM,2,22,128,random,1.973365349121297
ENB2012,Y2,Ridge,2,23,128,grouped,32.06753976912396
ENB2012,Y2,Ridge,2,23,128,random,3.6852816305368767
ENB2012,Y2,SVR,2,23,128,grouped,13.196592797447607
ENB2012,Y2,SVR,2,23,128,random,3.464650622883394
ENB2012,Y2,RF,2,23,128,grouped,15.816091650907994
ENB2012,Y2,RF,2,23,128,random,1.82663813036323
ENB2012,Y2,GBM,2,23,128,grouped,16.07109585000688
ENB2012,Y2,GBM,2,23,128,random,1.6608166619702847
ENB2012,Y2,Ridge,2,24,128,grouped,11.892367976981973
ENB2012,Y2,Ridge,2,24,128,random,3.507142328457397
ENB2012,Y2,SVR,2,24,128,grouped,12.260979130120976
ENB2012,Y2,SVR,2,24,128,random,3.2832678652768843
ENB2012,Y2,RF,2,24,128,grouped,11.450304111995779
ENB2012,Y2,RF,2,24,128,random,2.2808291198905377
ENB2012,Y2,GBM,2,24,128,grouped,11.42823001394726
ENB2012,Y2,GBM,2,24,128,random,1.6198979926063184
ENB2012,Y2,Ridge,3,0,192,grouped,10.02631937939625
ENB2012,Y2,Ridge,3,0,192,random,3.46427891589812
ENB2012,Y2,SVR,3,0,192,grouped,11.209872127765747
ENB2012,Y2,SVR,3,0,192,random,2.805502936170121
ENB2012,Y2,RF,3,0,192,grouped,8.58354012175156
ENB2012,Y2,RF,3,0,192,random,1.740759426698766
ENB2012,Y2,GBM,3,0,192,grouped,9.639788352095785
ENB2012,Y2,GBM,3,0,192,random,1.435796123514053
ENB2012,Y2,Ridge,3,1,192,grouped,6.480206919641033
ENB2012,Y2,Ridge,3,1,192,random,3.4616060352696696
ENB2012,Y2,SVR,3,1,192,grouped,6.1445250559342135
ENB2012,Y2,SVR,3,1,192,random,3.1145709381575792
ENB2012,Y2,RF,3,1,192,grouped,4.224640849435459
ENB2012,Y2,RF,3,1,192,random,1.8042099257491846
ENB2012,Y2,GBM,3,1,192,grouped,4.241722124954404
ENB2012,Y2,GBM,3,1,192,random,1.6719134727012999
ENB2012,Y2,Ridge,3,2,192,grouped,7.776185581252877
ENB2012,Y2,Ridge,3,2,192,random,3.5548419917977494
ENB2012,Y2,SVR,3,2,192,grouped,7.664645095617293
ENB2012,Y2,SVR,3,2,192,random,2.9234554533508765
ENB2012,Y2,RF,3,2,192,grouped,8.652720123716874
ENB2012,Y2,RF,3,2,192,random,2.0883305405986077
ENB2012,Y2,GBM,3,2,192,grouped,8.73835443633481
ENB2012,Y2,GBM,3,2,192,random,1.9683248970928477
ENB2012,Y2,Ridge,3,3,192,grouped,2.45765526415335
ENB2012,Y2,Ridge,3,3,192,random,3.2696875745816363
ENB2012,Y2,SVR,3,3,192,grouped,2.930582052909079
ENB2012,Y2,SVR,3,3,192,random,2.975485213177379
ENB2012,Y2,RF,3,3,192,grouped,5.132956917169245
ENB2012,Y2,RF,3,3,192,random,1.4823019062688023
ENB2012,Y2,GBM,3,3,192,grouped,5.924892535416392
ENB2012,Y2,GBM,3,3,192,random,1.1913387407716391
ENB2012,Y2,Ridge,3,4,192,grouped,0.8319028146429223
ENB2012,Y2,Ridge,3,4,192,random,3.7176568193098274
ENB2012,Y2,SVR,3,4,192,grouped,2.250348782010896
ENB2012,Y2,SVR,3,4,192,random,3.079090547905701
ENB2012,Y2,RF,3,4,192,grouped,0.758707442201249
ENB2012,Y2,RF,3,4,192,random,2.11487639914768
ENB2012,Y2,GBM,3,4,192,grouped,0.7802395149866602
ENB2012,Y2,GBM,3,4,192,random,1.77676552152563
ENB2012,Y2,Ridge,3,5,192,grouped,14.164552983813023
ENB2012,Y2,Ridge,3,5,192,random,3.465438307000615
ENB2012,Y2,SVR,3,5,192,grouped,9.756321230561275
ENB2012,Y2,SVR,3,5,192,random,2.8379869344356248
ENB2012,Y2,RF,3,5,192,grouped,8.730751369329383
ENB2012,Y2,RF,3,5,192,random,2.004052840184111
ENB2012,Y2,GBM,3,5,192,grouped,9.722575290755433
ENB2012,Y2,GBM,3,5,192,random,1.6792252500654392
ENB2012,Y2,Ridge,3,6,192,grouped,19.336282611701915
ENB2012,Y2,Ridge,3,6,192,random,3.100105656479371
ENB2012,Y2,SVR,3,6,192,grouped,5.836083595584857
ENB2012,Y2,SVR,3,6,192,random,2.6783902706713008
ENB2012,Y2,RF,3,6,192,grouped,5.218763632811529
ENB2012,Y2,RF,3,6,192,random,1.813955033746185
ENB2012,Y2,GBM,3,6,192,grouped,4.2319845405646195
ENB2012,Y2,GBM,3,6,192,random,1.5747394719872232
ENB2012,Y2,Ridge,3,7,192,grouped,5.195629369583728
ENB2012,Y2,Ridge,3,7,192,random,3.9780562716443586
ENB2012,Y2,SVR,3,7,192,grouped,4.7528492048194515
ENB2012,Y2,SVR,3,7,192,random,3.2629375159081766
ENB2012,Y2,RF,3,7,192,grouped,3.054371852425737
ENB2012,Y2,RF,3,7,192,random,1.9801934349956831
ENB2012,Y2,GBM,3,7,192,grouped,2.734232102497012
ENB2012,Y2,GBM,3,7,192,random,1.6688604940532346
ENB2012,Y2,Ridge,3,8,192,grouped,1.671493334789107
ENB2012,Y2,Ridge,3,8,192,random,3.248235078491359
ENB2012,Y2,SVR,3,8,192,grouped,10.353222875115266
ENB2012,Y2,SVR,3,8,192,random,3.0311324483229547
ENB2012,Y2,RF,3,8,192,grouped,8.442518937698539
ENB2012,Y2,RF,3,8,192,random,1.8577478274487687
ENB2012,Y2,GBM,3,8,192,grouped,8.008090495335475
ENB2012,Y2,GBM,3,8,192,random,1.6649768465875847
ENB2012,Y2,Ridge,3,9,192,grouped,5.295430898554902
ENB2012,Y2,Ridge,3,9,192,random,3.5634464294481814
ENB2012,Y2,SVR,3,9,192,grouped,6.747161632551371
ENB2012,Y2,SVR,3,9,192,random,3.3005490767067807
ENB2012,Y2,RF,3,9,192,grouped,5.284126493927649
ENB2012,Y2,RF,3,9,192,random,1.8584565585663115
ENB2012,Y2,GBM,3,9,192,grouped,5.061919961399595
ENB2012,Y2,GBM,3,9,192,random,1.7699911697435518
ENB2012,Y2,Ridge,3,10,192,grouped,3.6162133711037354
ENB2012,Y2,Ridge,3,10,192,random,3.9674513719768263
ENB2012,Y2,SVR,3,10,192,grouped,4.4485649518261745
ENB2012,Y2,SVR,3,10,192,random,3.028156811675793
ENB2012,Y2,RF,3,10,192,grouped,3.558429999360892
ENB2012,Y2,RF,3,10,192,random,1.930638084368099
ENB2012,Y2,GBM,3,10,192,grouped,3.56629781372362
ENB2012,Y2,GBM,3,10,192,random,1.527615964217154
ENB2012,Y2,Ridge,3,11,192,grouped,1.8212315837671453
ENB2012,Y2,Ridge,3,11,192,random,3.611762400340168
ENB2012,Y2,SVR,3,11,192,grouped,5.4254077430777485
ENB2012,Y2,SVR,3,11,192,random,3.1174304044965746
ENB2012,Y2,RF,3,11,192,grouped,0.729903355492611
ENB2012,Y2,RF,3,11,192,random,2.361280262511209
ENB2012,Y2,GBM,3,11,192,grouped,0.7423454104613316
ENB2012,Y2,GBM,3,11,192,random,2.0016804783599595
ENB2012,Y2,Ridge,3,12,192,grouped,9.86422946110255
ENB2012,Y2,Ridge,3,12,192,random,3.656531889692578
ENB2012,Y2,SVR,3,12,192,grouped,7.797753170017027
ENB2012,Y2,SVR,3,12,192,random,3.243139805039088
ENB2012,Y2,RF,3,12,192,grouped,8.214764041981345
ENB2012,Y2,RF,3,12,192,random,2.2398034873343278
ENB2012,Y2,GBM,3,12,192,grouped,8.473403741855842
ENB2012,Y2,GBM,3,12,192,random,1.7695713882989348
ENB2012,Y2,Ridge,3,13,192,grouped,10.115761642296475
ENB2012,Y2,Ridge,3,13,192,random,3.6080859604509334
ENB2012,Y2,SVR,3,13,192,grouped,5.032587056328886
ENB2012,Y2,SVR,3,13,192,random,3.1075379694688063
ENB2012,Y2,RF,3,13,192,grouped,1.7909841849673387
ENB2012,Y2,RF,3,13,192,random,1.9593276093152492
ENB2012,Y2,GBM,3,13,192,grouped,1.934413135716079
ENB2012,Y2,GBM,3,13,192,random,1.8100781956939325
ENB2012,Y2,Ridge,3,14,192,grouped,4.796333946726997
ENB2012,Y2,Ridge,3,14,192,random,3.3340645279660888
ENB2012,Y2,SVR,3,14,192,grouped,6.737156607833102
ENB2012,Y2,SVR,3,14,192,random,3.0771721643299403
ENB2012,Y2,RF,3,14,192,grouped,7.612042978743245
ENB2012,Y2,RF,3,14,192,random,2.2247035087392835
ENB2012,Y2,GBM,3,14,192,grouped,5.949046708989779
ENB2012,Y2,GBM,3,14,192,random,1.662740735289428
ENB2012,Y2,Ridge,3,15,192,grouped,6.546379050568436
ENB2012,Y2,Ridge,3,15,192,random,3.4318319118168135
ENB2012,Y2,SVR,3,15,192,grouped,6.862380386783933
ENB2012,Y2,SVR,3,15,192,random,2.9773526000157724
ENB2012,Y2,RF,3,15,192,grouped,4.791246005314013
ENB2012,Y2,RF,3,15,192,random,1.902145572110614
ENB2012,Y2,GBM,3,15,192,grouped,5.56025845308892
ENB2012,Y2,GBM,3,15,192,random,2.041108518955832
ENB2012,Y2,Ridge,3,16,192,grouped,5.049286316845522
ENB2012,Y2,Ridge,3,16,192,random,3.5157750363913554
ENB2012,Y2,SVR,3,16,192,grouped,6.851289207586981
ENB2012,Y2,SVR,3,16,192,random,3.6527797305456526
ENB2012,Y2,RF,3,16,192,grouped,7.706726753662995
ENB2012,Y2,RF,3,16,192,random,2.2573466279053465
ENB2012,Y2,GBM,3,16,192,grouped,8.342854305900804
ENB2012,Y2,GBM,3,16,192,random,1.8991698439456424
ENB2012,Y2,Ridge,3,17,192,grouped,4.5550196783802575
ENB2012,Y2,Ridge,3,17,192,random,3.2364095492404434
ENB2012,Y2,SVR,3,17,192,grouped,9.066592326849182
ENB2012,Y2,SVR,3,17,192,random,2.737188090465303
ENB2012,Y2,RF,3,17,192,grouped,8.317882259513237
ENB2012,Y2,RF,3,17,192,random,2.017064603014586
ENB2012,Y2,GBM,3,17,192,grouped,9.984394839266034
ENB2012,Y2,GBM,3,17,192,random,1.7129669270309422
ENB2012,Y2,Ridge,3,18,192,grouped,14.297792204835641
ENB2012,Y2,Ridge,3,18,192,random,3.412567112362442
ENB2012,Y2,SVR,3,18,192,grouped,8.172578883416067
ENB2012,Y2,SVR,3,18,192,random,2.8379326531908533
ENB2012,Y2,RF,3,18,192,grouped,0.6761885482707507
ENB2012,Y2,RF,3,18,192,random,1.978601632269301
ENB2012,Y2,GBM,3,18,192,grouped,1.4680264579866653
ENB2012,Y2,GBM,3,18,192,random,1.7359083207003252
ENB2012,Y2,Ridge,3,19,192,grouped,16.067377827074655
ENB2012,Y2,Ridge,3,19,192,random,3.69027352719254
ENB2012,Y2,SVR,3,19,192,grouped,9.95451948169522
ENB2012,Y2,SVR,3,19,192,random,2.9705118941477657
ENB2012,Y2,RF,3,19,192,grouped,11.02042753772192
ENB2012,Y2,RF,3,19,192,random,1.988910312819912
ENB2012,Y2,GBM,3,19,192,grouped,12.928451155841763
ENB2012,Y2,GBM,3,19,192,random,1.6354736749065408
ENB2012,Y2,Ridge,3,20,192,grouped,2.2569325205816715
ENB2012,Y2,Ridge,3,20,192,random,3.301381751668386
ENB2012,Y2,SVR,3,20,192,grouped,2.1659929870665646
ENB2012,Y2,SVR,3,20,192,random,2.6926272130304385
ENB2012,Y2,RF,3,20,192,grouped,2.1896381527549242
ENB2012,Y2,RF,3,20,192,random,1.6421107175912744
ENB2012,Y2,GBM,3,20,192,grouped,2.2528022534511947
ENB2012,Y2,GBM,3,20,192,random,1.802963108124696
ENB2012,Y2,Ridge,3,21,192,grouped,10.227017045661357
ENB2012,Y2,Ridge,3,21,192,random,3.830074712082138
ENB2012,Y2,SVR,3,21,192,grouped,5.4001650551318985
ENB2012,Y2,SVR,3,21,192,random,4.227323061880682
ENB2012,Y2,RF,3,21,192,grouped,4.253170617637428
ENB2012,Y2,RF,3,21,192,random,2.285141975314389
ENB2012,Y2,GBM,3,21,192,grouped,4.826488946755755
ENB2012,Y2,GBM,3,21,192,random,2.0290676136985475
ENB2012,Y2,Ridge,3,22,192,grouped,3.3786393555509044
ENB2012,Y2,Ridge,3,22,192,random,3.4627357094062297
ENB2012,Y2,SVR,3,22,192,grouped,4.181813745655646
ENB2012,Y2,SVR,3,22,192,random,3.189480373649589
ENB2012,Y2,RF,3,22,192,grouped,3.5631530478636453
ENB2012,Y2,RF,3,22,192,random,2.127886624296368
ENB2012,Y2,GBM,3,22,192,grouped,3.559508003841285
ENB2012,Y2,GBM,3,22,192,random,1.7892115084184965
ENB2012,Y2,Ridge,3,23,192,grouped,2.582883666575179
ENB2012,Y2,Ridge,3,23,192,random,3.5593023918500677
ENB2012,Y2,SVR,3,23,192,grouped,4.682333734167333
ENB2012,Y2,SVR,3,23,192,random,3.445201554925574
ENB2012,Y2,RF,3,23,192,grouped,3.5439149638632346
ENB2012,Y2,RF,3,23,192,random,2.168983362516872
ENB2012,Y2,GBM,3,23,192,grouped,3.5738697351713635
ENB2012,Y2,GBM,3,23,192,random,1.9539289902497095
ENB2012,Y2,Ridge,3,24,192,grouped,10.541766839014588
ENB2012,Y2,Ridge,3,24,192,random,3.508456067273789
ENB2012,Y2,SVR,3,24,192,grouped,13.400525581174943
ENB2012,Y2,SVR,3,24,192,random,2.765333921469218
ENB2012,Y2,RF,3,24,192,grouped,12.837391596913292
ENB2012,Y2,RF,3,24,192,random,1.7406255083257771
ENB2012,Y2,GBM,3,24,192,grouped,12.826831294305869
ENB2012,Y2,GBM,3,24,192,random,1.5999462230508017
ENB2012,Y2,Ridge,4,0,256,grouped,7.433632558604985
ENB2012,Y2,Ridge,4,0,256,random,3.3792252751658083
ENB2012,Y2,SVR,4,0,256,grouped,10.300543204372318
ENB2012,Y2,SVR,4,0,256,random,2.8919333901255415
ENB2012,Y2,RF,4,0,256,grouped,8.757542439466821
ENB2012,Y2,RF,4,0,256,random,1.7700535291550414
ENB2012,Y2,GBM,4,0,256,grouped,14.80607722117231
ENB2012,Y2,GBM,4,0,256,random,1.334746661135571
ENB2012,Y2,Ridge,4,1,256,grouped,10.741811470157767
ENB2012,Y2,Ridge,4,1,256,random,3.346306640532759
ENB2012,Y2,SVR,4,1,256,grouped,6.665626015577989
ENB2012,Y2,SVR,4,1,256,random,3.2755464987301166
ENB2012,Y2,RF,4,1,256,grouped,10.609132922363395
ENB2012,Y2,RF,4,1,256,random,1.9927885257496263
ENB2012,Y2,GBM,4,1,256,grouped,10.478784372363227
ENB2012,Y2,GBM,4,1,256,random,1.678142251159716
ENB2012,Y2,Ridge,4,2,256,grouped,7.860797941244005
ENB2012,Y2,Ridge,4,2,256,random,3.0815357558569847
ENB2012,Y2,SVR,4,2,256,grouped,2.878410492661805
ENB2012,Y2,SVR,4,2,256,random,2.772861064978638
ENB2012,Y2,RF,4,2,256,grouped,0.6277773340698698
ENB2012,Y2,RF,4,2,256,random,1.7584618439980078
ENB2012,Y2,GBM,4,2,256,grouped,1.1204132717315312
ENB2012,Y2,GBM,4,2,256,random,1.358112447827407
ENB2012,Y2,Ridge,4,3,256,grouped,0.8075068933650886
ENB2012,Y2,Ridge,4,3,256,random,2.9546414446276956
ENB2012,Y2,SVR,4,3,256,grouped,1.472876832936819
ENB2012,Y2,SVR,4,3,256,random,2.580613437878726
ENB2012,Y2,RF,4,3,256,grouped,0.7407019159954804
ENB2012,Y2,RF,4,3,256,random,1.8814904631617835
ENB2012,Y2,GBM,4,3,256,grouped,0.7308569903224152
ENB2012,Y2,GBM,4,3,256,random,1.5042104373811245
ENB2012,Y2,Ridge,4,4,256,grouped,5.624723624459046
ENB2012,Y2,Ridge,4,4,256,random,3.3022142460308506
ENB2012,Y2,SVR,4,4,256,grouped,3.564617593221561
ENB2012,Y2,SVR,4,4,256,random,2.7630491759444036
ENB2012,Y2,RF,4,4,256,grouped,2.6645485797756394
ENB2012,Y2,RF,4,4,256,random,1.5350067146636508
ENB2012,Y2,GBM,4,4,256,grouped,3.037035810884726
ENB2012,Y2,GBM,4,4,256,random,1.2693027707972744
ENB2012,Y2,Ridge,4,5,256,grouped,2.608040741098999
ENB2012,Y2,Ridge,4,5,256,random,3.090689313584193
ENB2012,Y2,SVR,4,5,256,grouped,14.40881449452694
ENB2012,Y2,SVR,4,5,256,random,2.566725988069228
ENB2012,Y2,RF,4,5,256,grouped,4.838941819886864
ENB2012,Y2,RF,4,5,256,random,1.6226213256352326
ENB2012,Y2,GBM,4,5,256,grouped,4.6950276192586795
ENB2012,Y2,GBM,4,5,256,random,1.5075647860725907
ENB2012,Y2,Ridge,4,6,256,grouped,8.45345612248771
ENB2012,Y2,Ridge,4,6,256,random,3.282676090929404
ENB2012,Y2,SVR,4,6,256,grouped,10.56798477722664
ENB2012,Y2,SVR,4,6,256,random,2.906278551388534
ENB2012,Y2,RF,4,6,256,grouped,8.925194623573868
ENB2012,Y2,RF,4,6,256,random,1.8884806712962074
ENB2012,Y2,GBM,4,6,256,grouped,8.94798810428965
ENB2012,Y2,GBM,4,6,256,random,1.5433852637276713
ENB2012,Y2,Ridge,4,7,256,grouped,10.50639413159511
ENB2012,Y2,Ridge,4,7,256,random,3.4410207630635856
ENB2012,Y2,SVR,4,7,256,grouped,8.395827992985504
ENB2012,Y2,SVR,4,7,256,random,2.7883374389485613
ENB2012,Y2,RF,4,7,256,grouped,7.005208828887838
ENB2012,Y2,RF,4,7,256,random,1.918206815296515
ENB2012,Y2,GBM,4,7,256,grouped,6.685115459665949
ENB2012,Y2,GBM,4,7,256,random,1.3807499390117668
ENB2012,Y2,Ridge,4,8,256,grouped,12.40287920203103
ENB2012,Y2,Ridge,4,8,256,random,2.971393447164594
ENB2012,Y2,SVR,4,8,256,grouped,11.970074004602164
ENB2012,Y2,SVR,4,8,256,random,3.042578927915594
ENB2012,Y2,RF,4,8,256,grouped,12.020118114374567
ENB2012,Y2,RF,4,8,256,random,1.996298266831951
ENB2012,Y2,GBM,4,8,256,grouped,12.020448417997882
ENB2012,Y2,GBM,4,8,256,random,1.821128630005733
ENB2012,Y2,Ridge,4,9,256,grouped,5.244247720252292
ENB2012,Y2,Ridge,4,9,256,random,3.023214408225021
ENB2012,Y2,SVR,4,9,256,grouped,3.107272864768947
ENB2012,Y2,SVR,4,9,256,random,2.5917413072868016
ENB2012,Y2,RF,4,9,256,grouped,1.9413083360844205
ENB2012,Y2,RF,4,9,256,random,1.9962264864183432
ENB2012,Y2,GBM,4,9,256,grouped,1.737916855063752
ENB2012,Y2,GBM,4,9,256,random,1.7794170326634169
ENB2012,Y2,Ridge,4,10,256,grouped,5.407435810678977
ENB2012,Y2,Ridge,4,10,256,random,3.4862448573613083
ENB2012,Y2,SVR,4,10,256,grouped,4.152694681579942
ENB2012,Y2,SVR,4,10,256,random,2.646892009807006
ENB2012,Y2,RF,4,10,256,grouped,3.5317326903177846
ENB2012,Y2,RF,4,10,256,random,1.7556555912251157
ENB2012,Y2,GBM,4,10,256,grouped,3.5936700865360836
ENB2012,Y2,GBM,4,10,256,random,1.4442124061093589
ENB2012,Y2,Ridge,4,11,256,grouped,7.2482792380559635
ENB2012,Y2,Ridge,4,11,256,random,2.54099918606332
ENB2012,Y2,SVR,4,11,256,grouped,4.716981731366699
ENB2012,Y2,SVR,4,11,256,random,2.326076417655139
ENB2012,Y2,RF,4,11,256,grouped,4.50120257569696
ENB2012,Y2,RF,4,11,256,random,1.789458015713138
ENB2012,Y2,GBM,4,11,256,grouped,5.6401239912195775
ENB2012,Y2,GBM,4,11,256,random,1.5577700830412815
ENB2012,Y2,Ridge,4,12,256,grouped,10.793995212953279
ENB2012,Y2,Ridge,4,12,256,random,2.651516187830366
ENB2012,Y2,SVR,4,12,256,grouped,12.371197769249163
ENB2012,Y2,SVR,4,12,256,random,2.998073318531812
ENB2012,Y2,RF,4,12,256,grouped,13.45702986330762
ENB2012,Y2,RF,4,12,256,random,1.4568145503600018
ENB2012,Y2,GBM,4,12,256,grouped,11.560868727422756
ENB2012,Y2,GBM,4,12,256,random,1.2622196647469042
ENB2012,Y2,Ridge,4,13,256,grouped,4.746425030322152
ENB2012,Y2,Ridge,4,13,256,random,3.119558262765085
ENB2012,Y2,SVR,4,13,256,grouped,6.114619565274401
ENB2012,Y2,SVR,4,13,256,random,2.7630144606587357
ENB2012,Y2,RF,4,13,256,grouped,5.668828069783525
ENB2012,Y2,RF,4,13,256,random,1.4404598723964455
ENB2012,Y2,GBM,4,13,256,grouped,4.805327366899008
ENB2012,Y2,GBM,4,13,256,random,1.4444550008186974
ENB2012,Y2,Ridge,4,14,256,grouped,5.4099461241986715
ENB2012,Y2,Ridge,4,14,256,random,3.7436602816848312
ENB2012,Y2,SVR,4,14,256,grouped,7.072313205825332
ENB2012,Y2,SVR,4,14,256,random,3.031988525066009
ENB2012,Y2,RF,4,14,256,grouped,4.687341964222995
ENB2012,Y2,RF,4,14,256,random,1.93873227403647
ENB2012,Y2,GBM,4,14,256,grouped,4.825719469496559
ENB2012,Y2,GBM,4,14,256,random,1.6856118755120162
ENB2012,Y2,Ridge,4,15,256,grouped,4.756249307471585
ENB2012,Y2,Ridge,4,15,256,random,3.2268645917756564
ENB2012,Y2,SVR,4,15,256,grouped,4.775387131906512
ENB2012,Y2,SVR,4,15,256,random,2.817552448345817
ENB2012,Y2,RF,4,15,256,grouped,4.76737895929199
ENB2012,Y2,RF,4,15,256,random,1.9107390472177228
ENB2012,Y2,GBM,4,15,256,grouped,4.735696308353311
ENB2012,Y2,GBM,4,15,256,random,1.6130619296022652
ENB2012,Y2,Ridge,4,16,256,grouped,1.9725187291248727
ENB2012,Y2,Ridge,4,16,256,random,3.5756356673624152
ENB2012,Y2,SVR,4,16,256,grouped,8.344346665856317
ENB2012,Y2,SVR,4,16,256,random,3.090645777977931
ENB2012,Y2,RF,4,16,256,grouped,2.186044773136235
ENB2012,Y2,RF,4,16,256,random,2.1068638348302504
ENB2012,Y2,GBM,4,16,256,grouped,1.7079641615211885
ENB2012,Y2,GBM,4,16,256,random,1.6533835463021527
ENB2012,Y2,Ridge,4,17,256,grouped,4.142051516741102
ENB2012,Y2,Ridge,4,17,256,random,3.419620527381838
ENB2012,Y2,SVR,4,17,256,grouped,2.39570650351094
ENB2012,Y2,SVR,4,17,256,random,2.7081264926755337
ENB2012,Y2,RF,4,17,256,grouped,0.569588416232502
ENB2012,Y2,RF,4,17,256,random,1.745189686323528
ENB2012,Y2,GBM,4,17,256,grouped,1.4290724497408664
ENB2012,Y2,GBM,4,17,256,random,1.4498922459272667
ENB2012,Y2,Ridge,4,18,256,grouped,13.848540255380911
ENB2012,Y2,Ridge,4,18,256,random,2.758951140026467
ENB2012,Y2,SVR,4,18,256,grouped,5.9507548847192355
ENB2012,Y2,SVR,4,18,256,random,2.2332839973181517
ENB2012,Y2,RF,4,18,256,grouped,1.7064760586741712
ENB2012,Y2,RF,4,18,256,random,1.848591539629737
ENB2012,Y2,GBM,4,18,256,grouped,1.8570694793984732
ENB2012,Y2,GBM,4,18,256,random,1.3527896218980324
ENB2012,Y2,Ridge,4,19,256,grouped,2.2920756514074663
ENB2012,Y2,Ridge,4,19,256,random,3.030347301092203
ENB2012,Y2,SVR,4,19,256,grouped,2.4904557629684936
ENB2012,Y2,SVR,4,19,256,random,2.670031595250585
ENB2012,Y2,RF,4,19,256,grouped,0.8554431746405233
ENB2012,Y2,RF,4,19,256,random,1.7783112737888103
ENB2012,Y2,GBM,4,19,256,grouped,0.8405749454838078
ENB2012,Y2,GBM,4,19,256,random,1.5789771523378944
ENB2012,Y2,Ridge,4,20,256,grouped,14.02951692853236
ENB2012,Y2,Ridge,4,20,256,random,3.8489059972798065
ENB2012,Y2,SVR,4,20,256,grouped,11.22706321449137
ENB2012,Y2,SVR,4,20,256,random,3.3401793766659273
ENB2012,Y2,RF,4,20,256,grouped,10.23455643685695
ENB2012,Y2,RF,4,20,256,random,2.134036133989273
ENB2012,Y2,GBM,4,20,256,grouped,10.254577581884213
ENB2012,Y2,GBM,4,20,256,random,1.8231636442689252
ENB2012,Y2,Ridge,4,21,256,grouped,6.004908301230021
ENB2012,Y2,Ridge,4,21,256,random,3.304786262679556
ENB2012,Y2,SVR,4,21,256,grouped,6.21992491238488
ENB2012,Y2,SVR,4,21,256,random,2.951261352673334
ENB2012,Y2,RF,4,21,256,grouped,4.2639368671397
ENB2012,Y2,RF,4,21,256,random,1.8069710419174203
ENB2012,Y2,GBM,4,21,256,grouped,4.682771939800316
ENB2012,Y2,GBM,4,21,256,random,1.4034352520516764
ENB2012,Y2,Ridge,4,22,256,grouped,12.141150500039801
ENB2012,Y2,Ridge,4,22,256,random,3.5166602773132043
ENB2012,Y2,SVR,4,22,256,grouped,11.162449026357725
ENB2012,Y2,SVR,4,22,256,random,2.894857723762204
ENB2012,Y2,RF,4,22,256,grouped,8.950166651202471
ENB2012,Y2,RF,4,22,256,random,2.2130226804044244
ENB2012,Y2,GBM,4,22,256,grouped,9.00360125280546
ENB2012,Y2,GBM,4,22,256,random,1.83653335928337
ENB2012,Y2,Ridge,4,23,256,grouped,2.377675302622684
ENB2012,Y2,Ridge,4,23,256,random,3.3208131838480135
ENB2012,Y2,SVR,4,23,256,grouped,1.45396944800333
ENB2012,Y2,SVR,4,23,256,random,2.5653176214390205
ENB2012,Y2,RF,4,23,256,grouped,2.035680319627988
ENB2012,Y2,RF,4,23,256,random,1.844906729836732
ENB2012,Y2,GBM,4,23,256,grouped,2.204069121204432
ENB2012,Y2,GBM,4,23,256,random,1.5357249797998564
ENB2012,Y2,Ridge,4,24,256,grouped,8.203573371281031
ENB2012,Y2,Ridge,4,24,256,random,3.5906064132535276
ENB2012,Y2,SVR,4,24,256,grouped,8.74008974438333
ENB2012,Y2,SVR,4,24,256,random,3.038843322576991
ENB2012,Y2,RF,4,24,256,grouped,9.320348018922255
ENB2012,Y2,RF,4,24,256,random,1.8713637946361523
ENB2012,Y2,GBM,4,24,256,grouped,9.396752594885035
ENB2012,Y2,GBM,4,24,256,random,1.6575043446833673
ENB2012,Y2,Ridge,6,0,384,grouped,3.535614716327989
ENB2012,Y2,Ridge,6,0,384,random,3.287920688148086
ENB2012,Y2,SVR,6,0,384,grouped,4.262480445794344
ENB2012,Y2,SVR,6,0,384,random,2.7573932352093617
ENB2012,Y2,RF,6,0,384,grouped,4.784893284754044
ENB2012,Y2,RF,6,0,384,random,2.042581048900663
ENB2012,Y2,GBM,6,0,384,grouped,5.433436936845083
ENB2012,Y2,GBM,6,0,384,random,1.4348815815366134
ENB2012,Y2,Ridge,6,1,384,grouped,5.175523569623562
ENB2012,Y2,Ridge,6,1,384,random,3.6946508841966086
ENB2012,Y2,SVR,6,1,384,grouped,6.383709799732284
ENB2012,Y2,SVR,6,1,384,random,3.1384256612187356
ENB2012,Y2,RF,6,1,384,grouped,3.311554900635324
ENB2012,Y2,RF,6,1,384,random,1.815611063909513
ENB2012,Y2,GBM,6,1,384,grouped,3.6419937577064707
ENB2012,Y2,GBM,6,1,384,random,1.3429994572723334
ENB2012,Y2,Ridge,6,2,384,grouped,4.804044802289532
ENB2012,Y2,Ridge,6,2,384,random,3.10468749455388
ENB2012,Y2,SVR,6,2,384,grouped,2.764070725221282
ENB2012,Y2,SVR,6,2,384,random,2.619948117746994
ENB2012,Y2,RF,6,2,384,grouped,3.2606671922706147
ENB2012,Y2,RF,6,2,384,random,1.5643246881392212
ENB2012,Y2,GBM,6,2,384,grouped,3.4931311390797553
ENB2012,Y2,GBM,6,2,384,random,1.375777460089189
ENB2012,Y2,Ridge,6,3,384,grouped,3.5620796206079985
ENB2012,Y2,Ridge,6,3,384,random,2.7298218512821104
ENB2012,Y2,SVR,6,3,384,grouped,10.611718530197757
ENB2012,Y2,SVR,6,3,384,random,2.6054811612276585
ENB2012,Y2,RF,6,3,384,grouped,6.089119118238185
ENB2012,Y2,RF,6,3,384,random,1.6484079823186533
ENB2012,Y2,GBM,6,3,384,grouped,4.162054339565988
ENB2012,Y2,GBM,6,3,384,random,1.2153914653732214
ENB2012,Y2,Ridge,6,4,384,grouped,3.4533945270410293
ENB2012,Y2,Ridge,6,4,384,random,2.7170925966743296
ENB2012,Y2,SVR,6,4,384,grouped,3.6347561897062506
ENB2012,Y2,SVR,6,4,384,random,2.4343845420543913
ENB2012,Y2,RF,6,4,384,grouped,3.591620383876196
ENB2012,Y2,RF,6,4,384,random,1.638683823272887
ENB2012,Y2,GBM,6,4,384,grouped,3.5865214244737613
ENB2012,Y2,GBM,6,4,384,random,1.1421795607492908
ENB2012,Y2,Ridge,6,5,384,grouped,3.0390578059392874
ENB2012,Y2,Ridge,6,5,384,random,3.5125315267938606
ENB2012,Y2,SVR,6,5,384,grouped,2.4545531113760775
ENB2012,Y2,SVR,6,5,384,random,2.7543581122947667
ENB2012,Y2,RF,6,5,384,grouped,4.291137167792761
ENB2012,Y2,RF,6,5,384,random,1.8441676595958418
ENB2012,Y2,GBM,6,5,384,grouped,3.071668581074324
ENB2012,Y2,GBM,6,5,384,random,1.5372412971302991
ENB2012,Y2,Ridge,6,6,384,grouped,3.335000364612109
ENB2012,Y2,Ridge,6,6,384,random,3.098952819213291
ENB2012,Y2,SVR,6,6,384,grouped,9.178638322025476
ENB2012,Y2,SVR,6,6,384,random,2.4331149427097
ENB2012,Y2,RF,6,6,384,grouped,3.5804211784781885
ENB2012,Y2,RF,6,6,384,random,1.4751064509521434
ENB2012,Y2,GBM,6,6,384,grouped,3.708251874738567
ENB2012,Y2,GBM,6,6,384,random,1.3761787425346896
ENB2012,Y2,Ridge,6,7,384,grouped,4.138927568595611
ENB2012,Y2,Ridge,6,7,384,random,3.1496241794003303
ENB2012,Y2,SVR,6,7,384,grouped,9.157123869443407
ENB2012,Y2,SVR,6,7,384,random,2.4147238549016903
ENB2012,Y2,RF,6,7,384,grouped,4.019763460566585
ENB2012,Y2,RF,6,7,384,random,1.5931247243036202
ENB2012,Y2,GBM,6,7,384,grouped,4.102791147542469
ENB2012,Y2,GBM,6,7,384,random,1.259107342010742
ENB2012,Y2,Ridge,6,8,384,grouped,5.086940504632874
ENB2012,Y2,Ridge,6,8,384,random,3.206440454188949
ENB2012,Y2,SVR,6,8,384,grouped,5.616954651054173
ENB2012,Y2,SVR,6,8,384,random,2.2824263633900146
ENB2012,Y2,RF,6,8,384,grouped,4.989730352105086
ENB2012,Y2,RF,6,8,384,random,1.5856608615623389
ENB2012,Y2,GBM,6,8,384,grouped,4.831285503586123
ENB2012,Y2,GBM,6,8,384,random,1.3995868109786291
ENB2012,Y2,Ridge,6,9,384,grouped,7.930941320021126
ENB2012,Y2,Ridge,6,9,384,random,3.2895040238053763
ENB2012,Y2,SVR,6,9,384,grouped,6.27127370551285
ENB2012,Y2,SVR,6,9,384,random,3.0590497524716684
ENB2012,Y2,RF,6,9,384,grouped,7.686058774973273
ENB2012,Y2,RF,6,9,384,random,1.8180416263326058
ENB2012,Y2,GBM,6,9,384,grouped,8.45451267660639
ENB2012,Y2,GBM,6,9,384,random,1.6945854424415459
ENB2012,Y2,Ridge,6,10,384,grouped,10.606722644477635
ENB2012,Y2,Ridge,6,10,384,random,2.8300837821915805
ENB2012,Y2,SVR,6,10,384,grouped,19.62554590005933
ENB2012,Y2,SVR,6,10,384,random,2.523482938073719
ENB2012,Y2,RF,6,10,384,grouped,16.048708517101147
ENB2012,Y2,RF,6,10,384,random,1.592266344245092
ENB2012,Y2,GBM,6,10,384,grouped,16.286538687735842
ENB2012,Y2,GBM,6,10,384,random,1.4245237113407554
ENB2012,Y2,Ridge,6,11,384,grouped,8.522676250956835
ENB2012,Y2,Ridge,6,11,384,random,3.2032957705853176
ENB2012,Y2,SVR,6,11,384,grouped,5.564650539761845
ENB2012,Y2,SVR,6,11,384,random,2.437655346274363
ENB2012,Y2,RF,6,11,384,grouped,4.34406231316092
ENB2012,Y2,RF,6,11,384,random,1.5578367406784468
ENB2012,Y2,GBM,6,11,384,grouped,4.547435019108961
ENB2012,Y2,GBM,6,11,384,random,1.5666208351084363
ENB2012,Y2,Ridge,6,12,384,grouped,2.6454494595435225
ENB2012,Y2,Ridge,6,12,384,random,2.760531708819785
ENB2012,Y2,SVR,6,12,384,grouped,3.643646193544678
ENB2012,Y2,SVR,6,12,384,random,2.360083160763617
ENB2012,Y2,RF,6,12,384,grouped,2.2563746535163984
ENB2012,Y2,RF,6,12,384,random,1.3121012722323457
ENB2012,Y2,GBM,6,12,384,grouped,2.313257255458393
ENB2012,Y2,GBM,6,12,384,random,1.0842251671638128
ENB2012,Y2,Ridge,6,13,384,grouped,2.978055813513194
ENB2012,Y2,Ridge,6,13,384,random,3.5957318472692847
ENB2012,Y2,SVR,6,13,384,grouped,10.305896784710116
ENB2012,Y2,SVR,6,13,384,random,3.039208338542656
ENB2012,Y2,RF,6,13,384,grouped,4.467337280337517
ENB2012,Y2,RF,6,13,384,random,2.0611019776293222
ENB2012,Y2,GBM,6,13,384,grouped,4.367277554255532
ENB2012,Y2,GBM,6,13,384,random,1.5514369878636602
ENB2012,Y2,Ridge,6,14,384,grouped,5.445878358637117
ENB2012,Y2,Ridge,6,14,384,random,3.3847074575544127
ENB2012,Y2,SVR,6,14,384,grouped,18.497772675242746
ENB2012,Y2,SVR,6,14,384,random,3.119850566178799
ENB2012,Y2,RF,6,14,384,grouped,3.175454885265953
ENB2012,Y2,RF,6,14,384,random,1.9166042207218716
ENB2012,Y2,GBM,6,14,384,grouped,5.259332011168949
ENB2012,Y2,GBM,6,14,384,random,1.5171155320123921
ENB2012,Y2,Ridge,6,15,384,grouped,6.886056834382696
ENB2012,Y2,Ridge,6,15,384,random,2.9155649322391493
ENB2012,Y2,SVR,6,15,384,grouped,5.13570536531078
ENB2012,Y2,SVR,6,15,384,random,2.484643500458114
ENB2012,Y2,RF,6,15,384,grouped,4.841207771851398
ENB2012,Y2,RF,6,15,384,random,1.484109187673704
ENB2012,Y2,GBM,6,15,384,grouped,4.741276760361956
ENB2012,Y2,GBM,6,15,384,random,1.33345060618044
ENB2012,Y2,Ridge,6,16,384,grouped,3.8678399648278656
ENB2012,Y2,Ridge,6,16,384,random,3.613328638437757
ENB2012,Y2,SVR,6,16,384,grouped,2.8993694038488753
ENB2012,Y2,SVR,6,16,384,random,3.023907741064497
ENB2012,Y2,RF,6,16,384,grouped,2.337362134052639
ENB2012,Y2,RF,6,16,384,random,1.699323039546745
ENB2012,Y2,GBM,6,16,384,grouped,4.280223301799827
ENB2012,Y2,GBM,6,16,384,random,1.448465539009705
ENB2012,Y2,Ridge,6,17,384,grouped,7.762760599140597
ENB2012,Y2,Ridge,6,17,384,random,3.205181682529897
ENB2012,Y2,SVR,6,17,384,grouped,12.57053397326424
ENB2012,Y2,SVR,6,17,384,random,2.4678609666732885
ENB2012,Y2,RF,6,17,384,grouped,9.283034532599643
ENB2012,Y2,RF,6,17,384,random,1.5906517305219583
ENB2012,Y2,GBM,6,17,384,grouped,9.32040755953035
ENB2012,Y2,GBM,6,17,384,random,1.371069719375589
ENB2012,Y2,Ridge,6,18,384,grouped,1.3672027553312798
ENB2012,Y2,Ridge,6,18,384,random,3.040373307818014
ENB2012,Y2,SVR,6,18,384,grouped,5.911203823622588
ENB2012,Y2,SVR,6,18,384,random,2.4723870639333096
ENB2012,Y2,RF,6,18,384,grouped,1.1257030263073398
ENB2012,Y2,RF,6,18,384,random,1.6340556417968966
ENB2012,Y2,GBM,6,18,384,grouped,2.0576101628948518
ENB2012,Y2,GBM,6,18,384,random,1.4154144051658055
ENB2012,Y2,Ridge,6,19,384,grouped,5.964172481750036
ENB2012,Y2,Ridge,6,19,384,random,3.4169045923059898
ENB2012,Y2,SVR,6,19,384,grouped,4.125999448311096
ENB2012,Y2,SVR,6,19,384,random,2.8070327641682606
ENB2012,Y2,RF,6,19,384,grouped,4.526187422348586
ENB2012,Y2,RF,6,19,384,random,1.6286060848736574
ENB2012,Y2,GBM,6,19,384,grouped,5.414313946741719
ENB2012,Y2,GBM,6,19,384,random,1.3431394320527783
ENB2012,Y2,Ridge,6,20,384,grouped,4.97070479659889
ENB2012,Y2,Ridge,6,20,384,random,3.0498495717007663
ENB2012,Y2,SVR,6,20,384,grouped,6.178626026511865
ENB2012,Y2,SVR,6,20,384,random,2.4532315234953352
ENB2012,Y2,RF,6,20,384,grouped,5.471692055251278
ENB2012,Y2,RF,6,20,384,random,1.543715976143283
ENB2012,Y2,GBM,6,20,384,grouped,5.472596931448868
ENB2012,Y2,GBM,6,20,384,random,1.1940966221189349
ENB2012,Y2,Ridge,6,21,384,grouped,3.8591371900881004
ENB2012,Y2,Ridge,6,21,384,random,3.083013430550659
ENB2012,Y2,SVR,6,21,384,grouped,6.880749986138206
ENB2012,Y2,SVR,6,21,384,random,2.44195805556723
ENB2012,Y2,RF,6,21,384,grouped,3.1928051367978134
ENB2012,Y2,RF,6,21,384,random,1.7416501583672381
ENB2012,Y2,GBM,6,21,384,grouped,3.10038111510028
ENB2012,Y2,GBM,6,21,384,random,1.3511180657970505
ENB2012,Y2,Ridge,6,22,384,grouped,2.8630727908320237
ENB2012,Y2,Ridge,6,22,384,random,3.3607507112787416
ENB2012,Y2,SVR,6,22,384,grouped,3.0815408900067967
ENB2012,Y2,SVR,6,22,384,random,2.9131695488416773
ENB2012,Y2,RF,6,22,384,grouped,3.3043193729477025
ENB2012,Y2,RF,6,22,384,random,2.0168307370026746
ENB2012,Y2,GBM,6,22,384,grouped,3.3521900440634895
ENB2012,Y2,GBM,6,22,384,random,1.6157038654324436
ENB2012,Y2,Ridge,6,23,384,grouped,7.15334229483881
ENB2012,Y2,Ridge,6,23,384,random,3.411159036854563
ENB2012,Y2,SVR,6,23,384,grouped,12.52963950697295
ENB2012,Y2,SVR,6,23,384,random,2.6754530696743974
ENB2012,Y2,RF,6,23,384,grouped,14.15108459101391
ENB2012,Y2,RF,6,23,384,random,1.619162429506376
ENB2012,Y2,GBM,6,23,384,grouped,15.072550302354049
ENB2012,Y2,GBM,6,23,384,random,1.344123671597494
ENB2012,Y2,Ridge,6,24,384,grouped,1.5844233277917932
ENB2012,Y2,Ridge,6,24,384,random,3.415598674260044
ENB2012,Y2,SVR,6,24,384,grouped,11.092268502820275
ENB2012,Y2,SVR,6,24,384,random,2.7312693556379415
ENB2012,Y2,RF,6,24,384,grouped,8.000082982313762
ENB2012,Y2,RF,6,24,384,random,2.0032190671945678
ENB2012,Y2,GBM,6,24,384,grouped,6.481484221225023
ENB2012,Y2,GBM,6,24,384,random,1.61604381961102
ENB2012,Y2,Ridge,8,0,512,grouped,1.049548444804676
ENB2012,Y2,Ridge,8,0,512,random,2.970084562644807
ENB2012,Y2,SVR,8,0,512,grouped,2.593783292199959
ENB2012,Y2,SVR,8,0,512,random,2.3135565105671594
ENB2012,Y2,RF,8,0,512,grouped,0.8928642830187722
ENB2012,Y2,RF,8,0,512,random,1.4933069374556316
ENB2012,Y2,GBM,8,0,512,grouped,1.3134300492840811
ENB2012,Y2,GBM,8,0,512,random,1.2918679886208952
ENB2012,Y2,Ridge,8,1,512,grouped,3.8277682224497194
ENB2012,Y2,Ridge,8,1,512,random,2.6810182165426095
ENB2012,Y2,SVR,8,1,512,grouped,7.918874036597487
ENB2012,Y2,SVR,8,1,512,random,2.0745363914645862
ENB2012,Y2,RF,8,1,512,grouped,4.681944202081674
ENB2012,Y2,RF,8,1,512,random,1.528451483835025
ENB2012,Y2,GBM,8,1,512,grouped,4.123944641530801
ENB2012,Y2,GBM,8,1,512,random,1.2215268769393255
ENB2012,Y2,Ridge,8,2,512,grouped,3.233357727264664
ENB2012,Y2,Ridge,8,2,512,random,3.628338814762833
ENB2012,Y2,SVR,8,2,512,grouped,3.162324678221514
ENB2012,Y2,SVR,8,2,512,random,2.6483525934468406
ENB2012,Y2,RF,8,2,512,grouped,3.2903780686552553
ENB2012,Y2,RF,8,2,512,random,1.828450460665906
ENB2012,Y2,GBM,8,2,512,grouped,3.382813982016478
ENB2012,Y2,GBM,8,2,512,random,1.3819970204054823
ENB2012,Y2,Ridge,8,3,512,grouped,4.115402301479344
ENB2012,Y2,Ridge,8,3,512,random,2.999905899887174
ENB2012,Y2,SVR,8,3,512,grouped,8.702953854459068
ENB2012,Y2,SVR,8,3,512,random,2.2967672353390114
ENB2012,Y2,RF,8,3,512,grouped,7.100965054483791
ENB2012,Y2,RF,8,3,512,random,1.3218436288830682
ENB2012,Y2,GBM,8,3,512,grouped,5.352101027420963
ENB2012,Y2,GBM,8,3,512,random,1.3013139915194294
ENB2012,Y2,Ridge,8,4,512,grouped,5.768593242243656
ENB2012,Y2,Ridge,8,4,512,random,3.348120205313473
ENB2012,Y2,SVR,8,4,512,grouped,6.955415221546662
ENB2012,Y2,SVR,8,4,512,random,2.764821626431335
ENB2012,Y2,RF,8,4,512,grouped,7.531779126809215
ENB2012,Y2,RF,8,4,512,random,1.6893971722658132
ENB2012,Y2,GBM,8,4,512,grouped,7.27831298539716
ENB2012,Y2,GBM,8,4,512,random,1.299746899882278
ENB2012,Y2,Ridge,8,5,512,grouped,7.7809703125509
ENB2012,Y2,Ridge,8,5,512,random,2.908126159565445
ENB2012,Y2,SVR,8,5,512,grouped,13.793336025561102
ENB2012,Y2,SVR,8,5,512,random,2.2963908815041387
ENB2012,Y2,RF,8,5,512,grouped,9.57189711091757
ENB2012,Y2,RF,8,5,512,random,1.5847507340469975
ENB2012,Y2,GBM,8,5,512,grouped,9.543910783932919
ENB2012,Y2,GBM,8,5,512,random,1.2229116331707537
ENB2012,Y2,Ridge,8,6,512,grouped,7.545221045630168
ENB2012,Y2,Ridge,8,6,512,random,2.6712601101809086
ENB2012,Y2,SVR,8,6,512,grouped,12.751037813530582
ENB2012,Y2,SVR,8,6,512,random,2.1518773103133553
ENB2012,Y2,RF,8,6,512,grouped,8.955705464290627
ENB2012,Y2,RF,8,6,512,random,1.8611126266463558
ENB2012,Y2,GBM,8,6,512,grouped,8.816119906819235
ENB2012,Y2,GBM,8,6,512,random,1.275312537905068
ENB2012,Y2,Ridge,8,7,512,grouped,3.3454776669694746
ENB2012,Y2,Ridge,8,7,512,random,3.0627098668611783
ENB2012,Y2,SVR,8,7,512,grouped,4.0298646692983
ENB2012,Y2,SVR,8,7,512,random,2.2605322806775927
ENB2012,Y2,RF,8,7,512,grouped,5.000153472418053
ENB2012,Y2,RF,8,7,512,random,1.6261726255613174
ENB2012,Y2,GBM,8,7,512,grouped,5.549831837403583
ENB2012,Y2,GBM,8,7,512,random,1.1488302825483645
ENB2012,Y2,Ridge,8,8,512,grouped,3.1873667233163503
ENB2012,Y2,Ridge,8,8,512,random,3.3146129279447827
ENB2012,Y2,SVR,8,8,512,grouped,8.986230354791104
ENB2012,Y2,SVR,8,8,512,random,2.783138661378267
ENB2012,Y2,RF,8,8,512,grouped,3.481112765624261
ENB2012,Y2,RF,8,8,512,random,1.542659145457125
ENB2012,Y2,GBM,8,8,512,grouped,3.4328490452097995
ENB2012,Y2,GBM,8,8,512,random,1.227803526694812
ENB2012,Y2,Ridge,8,9,512,grouped,2.0875460205259393
ENB2012,Y2,Ridge,8,9,512,random,3.0073596446814044
ENB2012,Y2,SVR,8,9,512,grouped,1.3473766498029291
ENB2012,Y2,SVR,8,9,512,random,2.4258985501247214
ENB2012,Y2,RF,8,9,512,grouped,6.917517285113479
ENB2012,Y2,RF,8,9,512,random,1.7821812367722643
ENB2012,Y2,GBM,8,9,512,grouped,5.924978982345861
ENB2012,Y2,GBM,8,9,512,random,1.3556958695668222
ENB2012,Y2,Ridge,8,10,512,grouped,2.933448218703775
ENB2012,Y2,Ridge,8,10,512,random,2.7740711842450594
ENB2012,Y2,SVR,8,10,512,grouped,3.3068642318272508
ENB2012,Y2,SVR,8,10,512,random,2.161417619754079
ENB2012,Y2,RF,8,10,512,grouped,3.564239054329303
ENB2012,Y2,RF,8,10,512,random,1.674400816570292
ENB2012,Y2,GBM,8,10,512,grouped,3.18301821081475
ENB2012,Y2,GBM,8,10,512,random,1.1470735343580483
ENB2012,Y2,Ridge,8,11,512,grouped,2.6017590599523013
ENB2012,Y2,Ridge,8,11,512,random,2.7597949284477217
ENB2012,Y2,SVR,8,11,512,grouped,3.450118229236685
ENB2012,Y2,SVR,8,11,512,random,2.138360190827056
ENB2012,Y2,RF,8,11,512,grouped,1.1727784315780454
ENB2012,Y2,RF,8,11,512,random,1.7297771465025495
ENB2012,Y2,GBM,8,11,512,grouped,2.710159913521801
ENB2012,Y2,GBM,8,11,512,random,1.1194989068437309
ENB2012,Y2,Ridge,8,12,512,grouped,8.509679635938948
ENB2012,Y2,Ridge,8,12,512,random,3.1083617500828606
ENB2012,Y2,SVR,8,12,512,grouped,12.49631835359321
ENB2012,Y2,SVR,8,12,512,random,2.5349677891602105
ENB2012,Y2,RF,8,12,512,grouped,9.458956041336931
ENB2012,Y2,RF,8,12,512,random,1.376526091345983
ENB2012,Y2,GBM,8,12,512,grouped,9.461377738505561
ENB2012,Y2,GBM,8,12,512,random,1.088402116002739
ENB2012,Y2,Ridge,8,13,512,grouped,3.334480146697271
ENB2012,Y2,Ridge,8,13,512,random,3.594989138197059
ENB2012,Y2,SVR,8,13,512,grouped,3.6375107436919496
ENB2012,Y2,SVR,8,13,512,random,2.6036528177193197
ENB2012,Y2,RF,8,13,512,grouped,3.1496873149824673
ENB2012,Y2,RF,8,13,512,random,1.667315091884254
ENB2012,Y2,GBM,8,13,512,grouped,3.081033593525205
ENB2012,Y2,GBM,8,13,512,random,1.3986838683758445
ENB2012,Y2,Ridge,8,14,512,grouped,8.503683570843265
ENB2012,Y2,Ridge,8,14,512,random,3.2511509478034597
ENB2012,Y2,SVR,8,14,512,grouped,12.466824621427417
ENB2012,Y2,SVR,8,14,512,random,2.367716454694211
ENB2012,Y2,RF,8,14,512,grouped,9.45444921658039
ENB2012,Y2,RF,8,14,512,random,1.6408027904975924
ENB2012,Y2,GBM,8,14,512,grouped,9.475123388565853
ENB2012,Y2,GBM,8,14,512,random,1.4207769720164232
ENB2012,Y2,Ridge,8,15,512,grouped,4.42147931628877
ENB2012,Y2,Ridge,8,15,512,random,3.636873155557527
ENB2012,Y2,SVR,8,15,512,grouped,3.7645788813691663
ENB2012,Y2,SVR,8,15,512,random,2.739185780332646
ENB2012,Y2,RF,8,15,512,grouped,2.8001201383824577
ENB2012,Y2,RF,8,15,512,random,1.673646713242235
ENB2012,Y2,GBM,8,15,512,grouped,3.164353754731326
ENB2012,Y2,GBM,8,15,512,random,1.4265502071574112
ENB2012,Y2,Ridge,8,16,512,grouped,3.053844500540842
ENB2012,Y2,Ridge,8,16,512,random,3.3990726894611174
ENB2012,Y2,SVR,8,16,512,grouped,3.507406558141491
ENB2012,Y2,SVR,8,16,512,random,2.546705067383643
ENB2012,Y2,RF,8,16,512,grouped,3.114385580443089
ENB2012,Y2,RF,8,16,512,random,1.6520935003995694
ENB2012,Y2,GBM,8,16,512,grouped,2.3813698580637626
ENB2012,Y2,GBM,8,16,512,random,1.2664505783459377
ENB2012,Y2,Ridge,8,17,512,grouped,3.735129631800192
ENB2012,Y2,Ridge,8,17,512,random,3.2945152313156827
ENB2012,Y2,SVR,8,17,512,grouped,7.9140703976355
ENB2012,Y2,SVR,8,17,512,random,2.4683345292508387
ENB2012,Y2,RF,8,17,512,grouped,3.450763644006471
ENB2012,Y2,RF,8,17,512,random,1.7210134527001844
ENB2012,Y2,GBM,8,17,512,grouped,3.897006582752446
ENB2012,Y2,GBM,8,17,512,random,1.382342086509555
ENB2012,Y2,Ridge,8,18,512,grouped,6.989936777749855
ENB2012,Y2,Ridge,8,18,512,random,3.234218329988407
ENB2012,Y2,SVR,8,18,512,grouped,10.851709957589923
ENB2012,Y2,SVR,8,18,512,random,2.50343763016938
ENB2012,Y2,RF,8,18,512,grouped,8.917033174536316
ENB2012,Y2,RF,8,18,512,random,1.6661703793101779
ENB2012,Y2,GBM,8,18,512,grouped,8.5554646850545
ENB2012,Y2,GBM,8,18,512,random,1.2829338522090856
ENB2012,Y2,Ridge,8,19,512,grouped,6.081378399512156
ENB2012,Y2,Ridge,8,19,512,random,3.1072736330165958
ENB2012,Y2,SVR,8,19,512,grouped,4.583128231560079
ENB2012,Y2,SVR,8,19,512,random,1.959034018017676
ENB2012,Y2,RF,8,19,512,grouped,4.321282362539722
ENB2012,Y2,RF,8,19,512,random,1.359167314882074
ENB2012,Y2,GBM,8,19,512,grouped,4.837338822872868
ENB2012,Y2,GBM,8,19,512,random,1.005471301244048
ENB2012,Y2,Ridge,8,20,512,grouped,3.2110977440687285
ENB2012,Y2,Ridge,8,20,512,random,2.9020042884705712
ENB2012,Y2,SVR,8,20,512,grouped,9.154219389873232
ENB2012,Y2,SVR,8,20,512,random,2.4393550394653514
ENB2012,Y2,RF,8,20,512,grouped,3.325885418341624
ENB2012,Y2,RF,8,20,512,random,1.7344301990878175
ENB2012,Y2,GBM,8,20,512,grouped,3.7338875396844755
ENB2012,Y2,GBM,8,20,512,random,1.3990002228057417
ENB2012,Y2,Ridge,8,21,512,grouped,8.643569499359952
ENB2012,Y2,Ridge,8,21,512,random,3.1332512678613447
ENB2012,Y2,SVR,8,21,512,grouped,15.747785092314443
ENB2012,Y2,SVR,8,21,512,random,2.5728561227001974
ENB2012,Y2,RF,8,21,512,grouped,12.650462570387123
ENB2012,Y2,RF,8,21,512,random,1.7901644760765012
ENB2012,Y2,GBM,8,21,512,grouped,12.305829265316667
ENB2012,Y2,GBM,8,21,512,random,1.3501279530197972
ENB2012,Y2,Ridge,8,22,512,grouped,4.188689870689449
ENB2012,Y2,Ridge,8,22,512,random,3.1667151570149485
ENB2012,Y2,SVR,8,22,512,grouped,2.455257775796025
ENB2012,Y2,SVR,8,22,512,random,2.177946226762528
ENB2012,Y2,RF,8,22,512,grouped,4.7016996827859305
ENB2012,Y2,RF,8,22,512,random,1.5934225703115017
ENB2012,Y2,GBM,8,22,512,grouped,4.668932381136074
ENB2012,Y2,GBM,8,22,512,random,1.2361261254712623
ENB2012,Y2,Ridge,8,23,512,grouped,7.688162211620205
ENB2012,Y2,Ridge,8,23,512,random,3.2722518810848724
ENB2012,Y2,SVR,8,23,512,grouped,7.126188725157039
ENB2012,Y2,SVR,8,23,512,random,2.5145341754203843
ENB2012,Y2,RF,8,23,512,grouped,8.924890784516464
ENB2012,Y2,RF,8,23,512,random,1.8121275185796866
ENB2012,Y2,GBM,8,23,512,grouped,8.831756438775924
ENB2012,Y2,GBM,8,23,512,random,1.4673892817208969
ENB2012,Y2,Ridge,8,24,512,grouped,3.2411016264083763
ENB2012,Y2,Ridge,8,24,512,random,3.7005087579180955
ENB2012,Y2,SVR,8,24,512,grouped,9.185434250441185
ENB2012,Y2,SVR,8,24,512,random,2.6564794821908717
ENB2012,Y2,RF,8,24,512,grouped,4.2418574700904905
ENB2012,Y2,RF,8,24,512,random,1.57755727827867
ENB2012,Y2,GBM,8,24,512,grouped,4.095970185583498
ENB2012,Y2,GBM,8,24,512,random,1.171117922137616
ENB2012,Y2,Ridge,10,0,640,grouped,2.150386675894093
ENB2012,Y2,Ridge,10,0,640,random,3.753001234332179
ENB2012,Y2,SVR,10,0,640,grouped,8.913225631550477
ENB2012,Y2,SVR,10,0,640,random,2.6202779536124243
ENB2012,Y2,RF,10,0,640,grouped,5.89676030139511
ENB2012,Y2,RF,10,0,640,random,1.9673428776455493
ENB2012,Y2,GBM,10,0,640,grouped,7.513342555251349
ENB2012,Y2,GBM,10,0,640,random,1.4394853406066823
ENB2012,Y2,Ridge,10,1,640,grouped,7.777976262649371
ENB2012,Y2,Ridge,10,1,640,random,3.211735410432376
ENB2012,Y2,SVR,10,1,640,grouped,19.37666275102702
ENB2012,Y2,SVR,10,1,640,random,2.1141546695856372
ENB2012,Y2,RF,10,1,640,grouped,13.017814642781948
ENB2012,Y2,RF,10,1,640,random,1.8299284021438242
ENB2012,Y2,GBM,10,1,640,grouped,12.229782310027677
ENB2012,Y2,GBM,10,1,640,random,1.4791936221112572
ENB2012,Y2,Ridge,10,2,640,grouped,4.939740113024787
ENB2012,Y2,Ridge,10,2,640,random,3.2117962890747593
ENB2012,Y2,SVR,10,2,640,grouped,6.172396486236127
ENB2012,Y2,SVR,10,2,640,random,2.1916949678837945
ENB2012,Y2,RF,10,2,640,grouped,5.305723542111148
ENB2012,Y2,RF,10,2,640,random,1.8335766503143864
ENB2012,Y2,GBM,10,2,640,grouped,6.635405459985224
ENB2012,Y2,GBM,10,2,640,random,1.4140615304997683
ENB2012,Y2,Ridge,10,3,640,grouped,8.031970708069553
ENB2012,Y2,Ridge,10,3,640,random,2.962990425150929
ENB2012,Y2,SVR,10,3,640,grouped,8.44440872264698
ENB2012,Y2,SVR,10,3,640,random,2.2804336338130664
ENB2012,Y2,RF,10,3,640,grouped,9.020881077741242
ENB2012,Y2,RF,10,3,640,random,1.4371672695901645
ENB2012,Y2,GBM,10,3,640,grouped,9.043424414517675
ENB2012,Y2,GBM,10,3,640,random,1.1244102373058984
ENB2012,Y2,Ridge,10,4,640,grouped,5.703949849605166
ENB2012,Y2,Ridge,10,4,640,random,3.658595829996488
ENB2012,Y2,SVR,10,4,640,grouped,9.821239929388724
ENB2012,Y2,SVR,10,4,640,random,2.5010464994535293
ENB2012,Y2,RF,10,4,640,grouped,6.127056415884992
ENB2012,Y2,RF,10,4,640,random,1.7618710044961798
ENB2012,Y2,GBM,10,4,640,grouped,7.581150043741666
ENB2012,Y2,GBM,10,4,640,random,1.4090649676017026
ENB2012,Y2,Ridge,10,5,640,grouped,4.005348157208212
ENB2012,Y2,Ridge,10,5,640,random,2.6637661479344454
ENB2012,Y2,SVR,10,5,640,grouped,12.036886483398208
ENB2012,Y2,SVR,10,5,640,random,1.996080528252056
ENB2012,Y2,RF,10,5,640,grouped,3.7548445427415826
ENB2012,Y2,RF,10,5,640,random,1.523429732807124
ENB2012,Y2,GBM,10,5,640,grouped,3.7216809381660134
ENB2012,Y2,GBM,10,5,640,random,1.0448972297889272
ENB2012,Y2,Ridge,10,6,640,grouped,3.352075690861431
ENB2012,Y2,Ridge,10,6,640,random,3.1048872705074664
ENB2012,Y2,SVR,10,6,640,grouped,9.588283067805115
ENB2012,Y2,SVR,10,6,640,random,2.4055793402602745
ENB2012,Y2,RF,10,6,640,grouped,3.429758721766191
ENB2012,Y2,RF,10,6,640,random,1.7256924620098164
ENB2012,Y2,GBM,10,6,640,grouped,3.212224334372407
ENB2012,Y2,GBM,10,6,640,random,1.2398585011763639
ENB2012,Y2,Ridge,10,7,640,grouped,5.707617835430963
ENB2012,Y2,Ridge,10,7,640,random,3.361750917864766
ENB2012,Y2,SVR,10,7,640,grouped,16.808053185543756
ENB2012,Y2,SVR,10,7,640,random,2.3948319296859872
ENB2012,Y2,RF,10,7,640,grouped,5.35027386313513
ENB2012,Y2,RF,10,7,640,random,1.6299323343412888
ENB2012,Y2,GBM,10,7,640,grouped,3.8164406981855636
ENB2012,Y2,GBM,10,7,640,random,1.246341400122803
ENB2012,Y2,Ridge,10,8,640,grouped,5.6691157569078126
ENB2012,Y2,Ridge,10,8,640,random,3.4955122789249997
ENB2012,Y2,SVR,10,8,640,grouped,6.594793671270008
ENB2012,Y2,SVR,10,8,640,random,2.474369141239479
ENB2012,Y2,RF,10,8,640,grouped,5.8246780338929955
ENB2012,Y2,RF,10,8,640,random,1.6646048526743131
ENB2012,Y2,GBM,10,8,640,grouped,7.650918914301012
ENB2012,Y2,GBM,10,8,640,random,1.3906538889451212
ENB2012,Y2,Ridge,10,9,640,grouped,6.705824747434335
ENB2012,Y2,Ridge,10,9,640,random,2.9670277857807323
ENB2012,Y2,SVR,10,9,640,grouped,5.800671885188583
ENB2012,Y2,SVR,10,9,640,random,2.4538005137452408
ENB2012,Y2,RF,10,9,640,grouped,6.00706245953981
ENB2012,Y2,RF,10,9,640,random,1.603773639659173
ENB2012,Y2,GBM,10,9,640,grouped,5.805677290968093
ENB2012,Y2,GBM,10,9,640,random,1.212927289603162
ENB2012,Y2,Ridge,10,10,640,grouped,3.1416691836018065
ENB2012,Y2,Ridge,10,10,640,random,3.1200003441156343
ENB2012,Y2,SVR,10,10,640,grouped,11.069497250979602
ENB2012,Y2,SVR,10,10,640,random,2.440158427692549
ENB2012,Y2,RF,10,10,640,grouped,3.3503745485696186
ENB2012,Y2,RF,10,10,640,random,1.4960557771029568
ENB2012,Y2,GBM,10,10,640,grouped,3.606071587972362
ENB2012,Y2,GBM,10,10,640,random,1.2554142306082336
ENB2012,Y2,Ridge,10,11,640,grouped,1.2106692393331024
ENB2012,Y2,Ridge,10,11,640,random,3.1293308130442665
ENB2012,Y2,SVR,10,11,640,grouped,4.147547792409069
ENB2012,Y2,SVR,10,11,640,random,1.9666392841089857
ENB2012,Y2,RF,10,11,640,grouped,7.1463145452142385
ENB2012,Y2,RF,10,11,640,random,1.742196396188049
ENB2012,Y2,GBM,10,11,640,grouped,7.8472674489411585
ENB2012,Y2,GBM,10,11,640,random,1.3363682930887668
ENB2012,Y2,Ridge,10,12,640,grouped,2.38017782325102
ENB2012,Y2,Ridge,10,12,640,random,2.9317403507751036
ENB2012,Y2,SVR,10,12,640,grouped,6.821328258982238
ENB2012,Y2,SVR,10,12,640,random,2.3118081486367394
ENB2012,Y2,RF,10,12,640,grouped,3.214164416942702
ENB2012,Y2,RF,10,12,640,random,1.6527328316495986
ENB2012,Y2,GBM,10,12,640,grouped,3.184918830395516
ENB2012,Y2,GBM,10,12,640,random,1.1377933373634221
ENB2012,Y2,Ridge,10,13,640,grouped,3.9616093157755166
ENB2012,Y2,Ridge,10,13,640,random,3.3315553265748887
ENB2012,Y2,SVR,10,13,640,grouped,7.692505491921929
ENB2012,Y2,SVR,10,13,640,random,2.4947955091064196
ENB2012,Y2,RF,10,13,640,grouped,3.555858717237387
ENB2012,Y2,RF,10,13,640,random,1.5819070101956878
ENB2012,Y2,GBM,10,13,640,grouped,3.5829005028574037
ENB2012,Y2,GBM,10,13,640,random,1.3666346746466658
ENB2012,Y2,Ridge,10,14,640,grouped,7.026384452399206
ENB2012,Y2,Ridge,10,14,640,random,3.479643545947923
ENB2012,Y2,SVR,10,14,640,grouped,9.539826046013415
ENB2012,Y2,SVR,10,14,640,random,2.6062260699091064
ENB2012,Y2,RF,10,14,640,grouped,8.890873603576063
ENB2012,Y2,RF,10,14,640,random,1.783285880864486
ENB2012,Y2,GBM,10,14,640,grouped,8.381706937967143
ENB2012,Y2,GBM,10,14,640,random,1.5226272563717456
ENB2012,Y2,Ridge,10,15,640,grouped,2.8303760056000455
ENB2012,Y2,Ridge,10,15,640,random,3.029646377199648
ENB2012,Y2,SVR,10,15,640,grouped,3.0236621298271045
ENB2012,Y2,SVR,10,15,640,random,2.442813295053379
ENB2012,Y2,RF,10,15,640,grouped,3.278106537340763
ENB2012,Y2,RF,10,15,640,random,1.568867894324998
ENB2012,Y2,GBM,10,15,640,grouped,2.9308400677814976
ENB2012,Y2,GBM,10,15,640,random,1.257301283840899
ENB2012,Y2,Ridge,10,16,640,grouped,7.03405699007747
ENB2012,Y2,Ridge,10,16,640,random,2.9560160986572295
ENB2012,Y2,SVR,10,16,640,grouped,9.692513479498055
ENB2012,Y2,SVR,10,16,640,random,1.980675799439479
ENB2012,Y2,RF,10,16,640,grouped,8.890058304219489
ENB2012,Y2,RF,10,16,640,random,1.3606008935622858
ENB2012,Y2,GBM,10,16,640,grouped,8.513985304979554
ENB2012,Y2,GBM,10,16,640,random,1.150526821282955
ENB2012,Y2,Ridge,10,17,640,grouped,1.037088350940598
ENB2012,Y2,Ridge,10,17,640,random,2.923412280007994
ENB2012,Y2,SVR,10,17,640,grouped,4.863649027508068
ENB2012,Y2,SVR,10,17,640,random,2.006523814610905
ENB2012,Y2,RF,10,17,640,grouped,0.7478071084740856
ENB2012,Y2,RF,10,17,640,random,1.4531230702272093
ENB2012,Y2,GBM,10,17,640,grouped,0.746952257690376
ENB2012,Y2,GBM,10,17,640,random,1.0663895347893362
ENB2012,Y2,Ridge,10,18,640,grouped,2.3017611886734914
ENB2012,Y2,Ridge,10,18,640,random,3.535703478299642
ENB2012,Y2,SVR,10,18,640,grouped,6.449799901330237
ENB2012,Y2,SVR,10,18,640,random,2.6830581261611113
ENB2012,Y2,RF,10,18,640,grouped,3.0503221526714386
ENB2012,Y2,RF,10,18,640,random,1.7999075628391668
ENB2012,Y2,GBM,10,18,640,grouped,2.91369645742616
ENB2012,Y2,GBM,10,18,640,random,1.3463957014615342
ENB2012,Y2,Ridge,10,19,640,grouped,3.077440185916036
ENB2012,Y2,Ridge,10,19,640,random,3.884889189547572
ENB2012,Y2,SVR,10,19,640,grouped,11.20633589543735
ENB2012,Y2,SVR,10,19,640,random,3.0492750347612905
ENB2012,Y2,RF,10,19,640,grouped,7.657088661566722
ENB2012,Y2,RF,10,19,640,random,1.9049197953301396
ENB2012,Y2,GBM,10,19,640,grouped,8.201114904529396
ENB2012,Y2,GBM,10,19,640,random,1.5177723868737554
ENB2012,Y2,Ridge,10,20,640,grouped,7.623073145796745
ENB2012,Y2,Ridge,10,20,640,random,3.342163230601728
ENB2012,Y2,SVR,10,20,640,grouped,10.263114256898431
ENB2012,Y2,SVR,10,20,640,random,2.4195981727367624
ENB2012,Y2,RF,10,20,640,grouped,9.459854678286389
ENB2012,Y2,RF,10,20,640,random,1.763771336733098
ENB2012,Y2,GBM,10,20,640,grouped,9.458090750936702
ENB2012,Y2,GBM,10,20,640,random,1.3745553126447898
ENB2012,Y2,Ridge,10,21,640,grouped,5.703949849605166
ENB2012,Y2,Ridge,10,21,640,random,3.3477987199908434
ENB2012,Y2,SVR,10,21,640,grouped,9.821239929388724
ENB2012,Y2,SVR,10,21,640,random,2.3715024758635006
ENB2012,Y2,RF,10,21,640,grouped,6.127056415884992
ENB2012,Y2,RF,10,21,640,random,1.5001394350644255
ENB2012,Y2,GBM,10,21,640,grouped,7.581150043741666
ENB2012,Y2,GBM,10,21,640,random,1.20366663015795
ENB2012,Y2,Ridge,10,22,640,grouped,3.1416691836018065
ENB2012,Y2,Ridge,10,22,640,random,3.532627914377128
ENB2012,Y2,SVR,10,22,640,grouped,11.069497250979602
ENB2012,Y2,SVR,10,22,640,random,2.3543576171160017
ENB2012,Y2,RF,10,22,640,grouped,3.3503745485696186
ENB2012,Y2,RF,10,22,640,random,1.82520444935715
ENB2012,Y2,GBM,10,22,640,grouped,3.606071587972362
ENB2012,Y2,GBM,10,22,640,random,1.3419907169604062
ENB2012,Y2,Ridge,10,23,640,grouped,2.5134164996694617
ENB2012,Y2,Ridge,10,23,640,random,3.6301511455606312
ENB2012,Y2,SVR,10,23,640,grouped,7.368451785899673
ENB2012,Y2,SVR,10,23,640,random,2.4512425983929345
ENB2012,Y2,RF,10,23,640,grouped,7.544069029262738
ENB2012,Y2,RF,10,23,640,random,1.8711132107651827
ENB2012,Y2,GBM,10,23,640,grouped,6.851804137827561
ENB2012,Y2,GBM,10,23,640,random,1.5185002011663082
ENB2012,Y2,Ridge,10,24,640,grouped,7.03405699007747
ENB2012,Y2,Ridge,10,24,640,random,3.3521920010326984
ENB2012,Y2,SVR,10,24,640,grouped,9.692513479498055
ENB2012,Y2,SVR,10,24,640,random,2.5412164642521544
ENB2012,Y2,RF,10,24,640,grouped,8.890058304219489
ENB2012,Y2,RF,10,24,640,random,1.6430161980190976
ENB2012,Y2,GBM,10,24,640,grouped,8.513985304979554
ENB2012,Y2,GBM,10,24,640,random,1.2911134168165244
Concrete,strength,Ridge,20,0,44,grouped,12.9336756357923
Concrete,strength,Ridge,20,0,44,random,12.724794239448908
Concrete,strength,SVR,20,0,44,grouped,12.2574324178325
Concrete,strength,SVR,20,0,44,random,12.551810742619018
Concrete,strength,RF,20,0,44,grouped,11.549770905984643
Concrete,strength,RF,20,0,44,random,10.58829016534402
Concrete,strength,GBM,20,0,44,grouped,11.426933278904652
Concrete,strength,GBM,20,0,44,random,9.572236266217391
Concrete,strength,Ridge,20,1,64,grouped,11.462620075352747
Concrete,strength,Ridge,20,1,64,random,10.35425762905068
Concrete,strength,SVR,20,1,64,grouped,9.878538231303917
Concrete,strength,SVR,20,1,64,random,8.48215796792081
Concrete,strength,RF,20,1,64,grouped,8.319383810624252
Concrete,strength,RF,20,1,64,random,9.113570181153932
Concrete,strength,GBM,20,1,64,grouped,8.085587727080785
Concrete,strength,GBM,20,1,64,random,9.007183943037846
Concrete,strength,Ridge,20,2,43,grouped,14.433212287216646
Concrete,strength,Ridge,20,2,43,random,11.311700647696396
Concrete,strength,SVR,20,2,43,grouped,14.099627768127517
Concrete,strength,SVR,20,2,43,random,8.165646065851828
Concrete,strength,RF,20,2,43,grouped,13.63995634133973
Concrete,strength,RF,20,2,43,random,8.268249479728977
Concrete,strength,GBM,20,2,43,grouped,14.305849120914502
Concrete,strength,GBM,20,2,43,random,8.691768585014266
Concrete,strength,Ridge,20,3,51,grouped,10.873697317769508
Concrete,strength,Ridge,20,3,51,random,12.19776902993769
Concrete,strength,SVR,20,3,51,grouped,9.826369010477126
Concrete,strength,SVR,20,3,51,random,13.207829460334201
Concrete,strength,RF,20,3,51,grouped,9.040687832277275
Concrete,strength,RF,20,3,51,random,11.776983606286677
Concrete,strength,GBM,20,3,51,grouped,9.322249337729932
Concrete,strength,GBM,20,3,51,random,11.204346980821304
Concrete,strength,Ridge,20,4,43,grouped,13.307704824551983
Concrete,strength,Ridge,20,4,43,random,12.080761445036377
Concrete,strength,SVR,20,4,43,grouped,11.030684732711764
Concrete,strength,SVR,20,4,43,random,14.121356256147298
Concrete,strength,RF,20,4,43,grouped,10.932818371733818
Concrete,strength,RF,20,4,43,random,11.817952545076068
Concrete,strength,GBM,20,4,43,grouped,10.591761998644857
Concrete,strength,GBM,20,4,43,random,12.475073395293332
Concrete,strength,Ridge,20,5,50,grouped,11.36289418255151
Concrete,strength,Ridge,20,5,50,random,10.067247931932034
Concrete,strength,SVR,20,5,50,grouped,13.743379487139059
Concrete,strength,SVR,20,5,50,random,10.485796148618947
Concrete,strength,RF,20,5,50,grouped,10.745791880221182
Concrete,strength,RF,20,5,50,random,8.483660738802614
Concrete,strength,GBM,20,5,50,grouped,9.425256184046477
Concrete,strength,GBM,20,5,50,random,9.192411428462309
Concrete,strength,Ridge,20,6,52,grouped,13.777504493213709
Concrete,strength,Ridge,20,6,52,random,12.203050425596372
Concrete,strength,SVR,20,6,52,grouped,12.007297495467704
Concrete,strength,SVR,20,6,52,random,11.327598391931677
Concrete,strength,RF,20,6,52,grouped,14.041022460668307
Concrete,strength,RF,20,6,52,random,11.225408569880376
Concrete,strength,GBM,20,6,52,grouped,12.144042633148867
Concrete,strength,GBM,20,6,52,random,10.08081057022885
Concrete,strength,Ridge,20,7,47,grouped,11.170082801260588
Concrete,strength,Ridge,20,7,47,random,10.440113626233982
Concrete,strength,SVR,20,7,47,grouped,11.810870186853744
Concrete,strength,SVR,20,7,47,random,10.880638781676648
Concrete,strength,RF,20,7,47,grouped,10.399388650751304
Concrete,strength,RF,20,7,47,random,9.905172025812442
Concrete,strength,GBM,20,7,47,grouped,9.627533896069918
Concrete,strength,GBM,20,7,47,random,9.056600055233394
Concrete,strength,Ridge,50,0,128,grouped,11.040820136931078
Concrete,strength,Ridge,50,0,128,random,10.934348391611689
Concrete,strength,SVR,50,0,128,grouped,9.486888857595389
Concrete,strength,SVR,50,0,128,random,8.84625936206317
Concrete,strength,RF,50,0,128,grouped,8.185841499138004
Concrete,strength,RF,50,0,128,random,8.080653379633496
Concrete,strength,GBM,50,0,128,grouped,7.8647800723427705
Concrete,strength,GBM,50,0,128,random,8.17138541124766
Concrete,strength,Ridge,50,1,102,grouped,10.84045203980285
Concrete,strength,Ridge,50,1,102,random,13.129350932807865
Concrete,strength,SVR,50,1,102,grouped,10.726041357617728
Concrete,strength,SVR,50,1,102,random,9.740687973782515
Concrete,strength,RF,50,1,102,grouped,9.89684550613389
Concrete,strength,RF,50,1,102,random,8.812013002658448
Concrete,strength,GBM,50,1,102,grouped,9.256818734707986
Concrete,strength,GBM,50,1,102,random,8.562146367835306
Concrete,strength,Ridge,50,2,104,grouped,12.41281951750381
Concrete,strength,Ridge,50,2,104,random,12.614710800058463
Concrete,strength,SVR,50,2,104,grouped,12.663459345828295
Concrete,strength,SVR,50,2,104,random,12.173146895469682
Concrete,strength,RF,50,2,104,grouped,13.011247186359403
Concrete,strength,RF,50,2,104,random,9.220221737991299
Concrete,strength,GBM,50,2,104,grouped,11.582876269054283
Concrete,strength,GBM,50,2,104,random,7.225961503181756
Concrete,strength,Ridge,50,3,154,grouped,10.911966391357659
Concrete,strength,Ridge,50,3,154,random,10.18796751532422
Concrete,strength,SVR,50,3,154,grouped,9.722588262705086
Concrete,strength,SVR,50,3,154,random,7.94707336411823
Concrete,strength,RF,50,3,154,grouped,7.779304230727413
Concrete,strength,RF,50,3,154,random,6.772086765563163
Concrete,strength,GBM,50,3,154,grouped,8.836729247902918
Concrete,strength,GBM,50,3,154,random,7.089284619306587
Concrete,strength,Ridge,50,4,99,grouped,10.81091594557196
Concrete,strength,Ridge,50,4,99,random,11.711692181907909
Concrete,strength,SVR,50,4,99,grouped,11.833063139211779
Concrete,strength,SVR,50,4,99,random,10.553904801583096
Concrete,strength,RF,50,4,99,grouped,8.882569466618317
Concrete,strength,RF,50,4,99,random,9.136908998364822
Concrete,strength,GBM,50,4,99,grouped,7.797378825201485
Concrete,strength,GBM,50,4,99,random,7.693943062849802
Concrete,strength,Ridge,50,5,103,grouped,10.851517372548638
Concrete,strength,Ridge,50,5,103,random,11.8171860302558
Concrete,strength,SVR,50,5,103,grouped,10.822286418216848
Concrete,strength,SVR,50,5,103,random,9.77069701511601
Concrete,strength,RF,50,5,103,grouped,10.908803779173043
Concrete,strength,RF,50,5,103,random,9.64319545924371
Concrete,strength,GBM,50,5,103,grouped,8.14426120325338
Concrete,strength,GBM,50,5,103,random,8.446234171261706
Concrete,strength,Ridge,50,6,140,grouped,11.995069155031938
Concrete,strength,Ridge,50,6,140,random,10.199897323136291
Concrete,strength,SVR,50,6,140,grouped,9.898171223526111
Concrete,strength,SVR,50,6,140,random,8.738430702278084
Concrete,strength,RF,50,6,140,grouped,9.8101326454287
Concrete,strength,RF,50,6,140,random,7.994472473308745
Concrete,strength,GBM,50,6,140,grouped,8.198049827437114
Concrete,strength,GBM,50,6,140,random,6.997016257553595
Concrete,strength,Ridge,50,7,124,grouped,10.205217382018205
Concrete,strength,Ridge,50,7,124,random,11.05501643754493
Concrete,strength,SVR,50,7,124,grouped,8.136206808780809
Concrete,strength,SVR,50,7,124,random,9.00811042411317
Concrete,strength,RF,50,7,124,grouped,6.766567768767696
Concrete,strength,RF,50,7,124,random,7.938636528474894
Concrete,strength,GBM,50,7,124,grouped,7.493887749093133
Concrete,strength,GBM,50,7,124,random,7.453277935861872
Concrete,strength,Ridge,100,0,271,grouped,11.273209699667317
Concrete,strength,Ridge,100,0,271,random,10.60064356484442
Concrete,strength,SVR,100,0,271,grouped,9.180806534377528
Concrete,strength,SVR,100,0,271,random,8.843928614640843
Concrete,strength,RF,100,0,271,grouped,7.770928438806567
Concrete,strength,RF,100,0,271,random,7.49961310201116
Concrete,strength,GBM,100,0,271,grouped,6.952307383369467
Concrete,strength,GBM,100,0,271,random,6.215726663956784
Concrete,strength,Ridge,100,1,271,grouped,10.958162435941695
Concrete,strength,Ridge,100,1,271,random,10.5902102501252
Concrete,strength,SVR,100,1,271,grouped,8.158147914501473
Concrete,strength,SVR,100,1,271,random,6.928031424868936
Concrete,strength,RF,100,1,271,grouped,8.03145711540827
Concrete,strength,RF,100,1,271,random,7.037049994832167
Concrete,strength,GBM,100,1,271,grouped,7.722757863806932
Concrete,strength,GBM,100,1,271,random,7.753033835901964
Concrete,strength,Ridge,100,2,291,grouped,11.754078520670832
Concrete,strength,Ridge,100,2,291,random,10.213581365505506
Concrete,strength,SVR,100,2,291,grouped,10.334267850590322
Concrete,strength,SVR,100,2,291,random,8.453219678728548
Concrete,strength,RF,100,2,291,grouped,9.264477492579658
Concrete,strength,RF,100,2,291,random,5.759209566472921
Concrete,strength,GBM,100,2,291,grouped,8.614449577648108
Concrete,strength,GBM,100,2,291,random,5.883126893571852
Concrete,strength,Ridge,100,3,260,grouped,10.199056933550452
Concrete,strength,Ridge,100,3,260,random,9.976730594121916
Concrete,strength,SVR,100,3,260,grouped,7.626624210393764
Concrete,strength,SVR,100,3,260,random,7.595278889587233
Concrete,strength,RF,100,3,260,grouped,6.776645764608179
Concrete,strength,RF,100,3,260,random,6.227048348851659
Concrete,strength,GBM,100,3,260,grouped,6.6646117068229405
Concrete,strength,GBM,100,3,260,random,5.620421365631647
Concrete,strength,Ridge,100,4,212,grouped,11.566552316677308
Concrete,strength,Ridge,100,4,212,random,13.357697612114245
Concrete,strength,SVR,100,4,212,grouped,8.542195573465996
Concrete,strength,SVR,100,4,212,random,7.972539575882601
Concrete,strength,RF,100,4,212,grouped,8.426964374478123
Concrete,strength,RF,100,4,212,random,8.208181629325704
Concrete,strength,GBM,100,4,212,grouped,7.324533739990123
Concrete,strength,GBM,100,4,212,random,6.887764344377925
Concrete,strength,Ridge,100,5,250,grouped,10.577150958305795
Concrete,strength,Ridge,100,5,250,random,10.90692205005587
Concrete,strength,SVR,100,5,250,grouped,6.907155247494032
Concrete,strength,SVR,100,5,250,random,7.491831403547871
Concrete,strength,RF,100,5,250,grouped,7.2648531757870405
Concrete,strength,RF,100,5,250,random,7.138249541794268
Concrete,strength,GBM,100,5,250,grouped,6.67950682612289
Concrete,strength,GBM,100,5,250,random,6.710436055489051
Concrete,strength,Ridge,100,6,248,grouped,10.517830906842315
Concrete,strength,Ridge,100,6,248,random,10.997571845663396
Concrete,strength,SVR,100,6,248,grouped,8.649633647956536
Concrete,strength,SVR,100,6,248,random,7.732188310892765
Concrete,strength,RF,100,6,248,grouped,8.655923029268402
Concrete,strength,RF,100,6,248,random,6.900899370793306
Concrete,strength,GBM,100,6,248,grouped,8.574400522727531
Concrete,strength,GBM,100,6,248,random,5.923963760520703
Concrete,strength,Ridge,100,7,270,grouped,9.152951830546211
Concrete,strength,Ridge,100,7,270,random,10.039250865685476
Concrete,strength,SVR,100,7,270,grouped,8.123088713038923
Concrete,strength,SVR,100,7,270,random,7.768562314440458
Concrete,strength,RF,100,7,270,grouped,6.736652749236647
Concrete,strength,RF,100,7,270,random,7.639668820443801
Concrete,strength,GBM,100,7,270,grouped,8.20516515339222
Concrete,strength,GBM,100,7,270,random,7.938400885159046
Concrete,strength,Ridge,200,0,503,grouped,10.799395872016392
Concrete,strength,Ridge,200,0,503,random,10.140787709646993
Concrete,strength,SVR,200,0,503,grouped,6.836856947058393
Concrete,strength,SVR,200,0,503,random,6.17892030388686
Concrete,strength,RF,200,0,503,grouped,6.363390326600217
Concrete,strength,RF,200,0,503,random,5.695108259568459
Concrete,strength,GBM,200,0,503,grouped,5.426654043789446
Concrete,strength,GBM,200,0,503,random,6.0523516640894925
Concrete,strength,Ridge,200,1,514,grouped,12.008802502956367
Concrete,strength,Ridge,200,1,514,random,10.001120241690325
Concrete,strength,SVR,200,1,514,grouped,9.01259535664387
Concrete,strength,SVR,200,1,514,random,7.520946561947087
Concrete,strength,RF,200,1,514,grouped,8.351737082603828
Concrete,strength,RF,200,1,514,random,4.69355453409638
Concrete,strength,GBM,200,1,514,grouped,7.361117978578967
Concrete,strength,GBM,200,1,514,random,4.9987747540366785
Concrete,strength,Ridge,200,2,507,grouped,10.089582317879556
Concrete,strength,Ridge,200,2,507,random,10.022304016398309
Concrete,strength,SVR,200,2,507,grouped,6.319050321129638
Concrete,strength,SVR,200,2,507,random,6.666656453865229
Concrete,strength,RF,200,2,507,grouped,6.761808134146857
Concrete,strength,RF,200,2,507,random,5.090801342784626
Concrete,strength,GBM,200,2,507,grouped,5.772556963861357
Concrete,strength,GBM,200,2,507,random,4.993312631457173
Concrete,strength,Ridge,200,3,465,grouped,11.136941557180098
Concrete,strength,Ridge,200,3,465,random,12.559235948124535
Concrete,strength,SVR,200,3,465,grouped,7.803209527209421
Concrete,strength,SVR,200,3,465,random,6.919007092908912
Concrete,strength,RF,200,3,465,grouped,7.419543336855232
Concrete,strength,RF,200,3,465,random,6.295434882648853
Concrete,strength,GBM,200,3,465,grouped,6.727231372021511
Concrete,strength,GBM,200,3,465,random,5.6842344853464875
Concrete,strength,Ridge,200,4,474,grouped,10.673992551219733
Concrete,strength,Ridge,200,4,474,random,10.893717437545696
Concrete,strength,SVR,200,4,474,grouped,5.923039214109174
Concrete,strength,SVR,200,4,474,random,6.44917074869136
Concrete,strength,RF,200,4,474,grouped,5.7156177308482325
Concrete,strength,RF,200,4,474,random,5.8966926499998555
Concrete,strength,GBM,200,4,474,grouped,5.455179131183057
Concrete,strength,GBM,200,4,474,random,5.466232701238635
Concrete,strength,Ridge,200,5,471,grouped,10.543866301180024
Concrete,strength,Ridge,200,5,471,random,10.452893376073776
Concrete,strength,SVR,200,5,471,grouped,8.26522167154647
Concrete,strength,SVR,200,5,471,random,7.02603611669177
Concrete,strength,RF,200,5,471,grouped,8.198199973590667
Concrete,strength,RF,200,5,471,random,5.975155631406671
Concrete,strength,GBM,200,5,471,grouped,7.510939235934073
Concrete,strength,GBM,200,5,471,random,5.208140261171806
Concrete,strength,Ridge,200,6,482,grouped,9.01291295162134
Concrete,strength,Ridge,200,6,482,random,10.042338173920019
Concrete,strength,SVR,200,6,482,grouped,7.155793051268891
Concrete,strength,SVR,200,6,482,random,6.634328132082933
Concrete,strength,RF,200,6,482,grouped,5.873019520350207
Concrete,strength,RF,200,6,482,random,7.3830428691447505
Concrete,strength,GBM,200,6,482,grouped,7.155650158280543
Concrete,strength,GBM,200,6,482,random,7.143348891167682
Concrete,strength,Ridge,200,7,465,grouped,9.203152250432069
Concrete,strength,Ridge,200,7,465,random,9.678052607345128
Concrete,strength,SVR,200,7,465,grouped,5.941694098262166
Concrete,strength,SVR,200,7,465,random,6.853114552692311
Concrete,strength,RF,200,7,465,grouped,5.1941253801948015
Concrete,strength,RF,200,7,465,random,4.830640798995257
Concrete,strength,GBM,200,7,465,grouped,4.742702014820655
Concrete,strength,GBM,200,7,465,random,4.385926614636425
Concrete,strength,Ridge,300,0,719,grouped,11.962059491054818
Concrete,strength,Ridge,300,0,719,random,9.992607986088775
Concrete,strength,SVR,300,0,719,grouped,8.181752165607826
Concrete,strength,SVR,300,0,719,random,7.016188040335718
Concrete,strength,RF,300,0,719,grouped,7.31083969384565
Concrete,strength,RF,300,0,719,random,4.12707711636438
Concrete,strength,GBM,300,0,719,grouped,6.723097821538605
Concrete,strength,GBM,300,0,719,random,4.5235234520175664
Concrete,strength,Ridge,300,1,757,grouped,10.305913379552232
Concrete,strength,Ridge,300,1,757,random,10.095662206090925
Concrete,strength,SVR,300,1,757,grouped,5.271564740766492
Concrete,strength,SVR,300,1,757,random,5.974265320270116
Concrete,strength,RF,300,1,757,grouped,5.713946958372316
Concrete,strength,RF,300,1,757,random,4.215625740664745
Concrete,strength,GBM,300,1,757,grouped,5.004318729267131
Concrete,strength,GBM,300,1,757,random,3.9772249404215345
Concrete,strength,Ridge,300,2,697,grouped,10.957638899323102
Concrete,strength,Ridge,300,2,697,random,11.71205662498634
Concrete,strength,SVR,300,2,697,grouped,7.8726188584856285
Concrete,strength,SVR,300,2,697,random,6.895350046291792
Concrete,strength,RF,300,2,697,grouped,6.458184397000813
Concrete,strength,RF,300,2,697,random,5.707568690481421
Concrete,strength,GBM,300,2,697,grouped,6.124314532351781
Concrete,strength,GBM,300,2,697,random,5.5929989809298535
Concrete,strength,Ridge,300,3,750,grouped,10.828643215376259
Concrete,strength,Ridge,300,3,750,random,10.851693521529668
Concrete,strength,SVR,300,3,750,grouped,5.57026499680188
Concrete,strength,SVR,300,3,750,random,5.9435731341946605
Concrete,strength,RF,300,3,750,grouped,5.321980572367733
Concrete,strength,RF,300,3,750,random,4.821184563000209
Concrete,strength,GBM,300,3,750,grouped,5.236733978714681
Concrete,strength,GBM,300,3,750,random,4.875196836121115
Concrete,strength,Ridge,300,4,761,grouped,10.41308459933255
Concrete,strength,Ridge,300,4,761,random,10.54866600131038
Concrete,strength,SVR,300,4,761,grouped,6.377846072590299
Concrete,strength,SVR,300,4,761,random,6.685227202570894
Concrete,strength,RF,300,4,761,grouped,6.591944059424685
Concrete,strength,RF,300,4,761,random,4.773254255001913
Concrete,strength,GBM,300,4,761,grouped,6.137960366651348
Concrete,strength,GBM,300,4,761,random,4.31860927268476
Concrete,strength,Ridge,300,5,747,grouped,9.007207743234444
Concrete,strength,Ridge,300,5,747,random,9.900830255463356
Concrete,strength,SVR,300,5,747,grouped,7.275049181870551
Concrete,strength,SVR,300,5,747,random,6.0713663797067445
Concrete,strength,RF,300,5,747,grouped,6.446298019508432
Concrete,strength,RF,300,5,747,random,6.392676367455698
Concrete,strength,GBM,300,5,747,grouped,7.225755236277242
Concrete,strength,GBM,300,5,747,random,6.180510790389017
Concrete,strength,Ridge,300,6,714,grouped,8.701830652593223
Concrete,strength,Ridge,300,6,714,random,9.386205674541856
Concrete,strength,SVR,300,6,714,grouped,5.126923441929192
Concrete,strength,SVR,300,6,714,random,6.375569534678399
Concrete,strength,RF,300,6,714,grouped,5.104506944515457
Concrete,strength,RF,300,6,714,random,4.398983631645623
Concrete,strength,GBM,300,6,714,grouped,4.630052257913447
Concrete,strength,GBM,300,6,714,random,3.898735730168894
Concrete,strength,Ridge,300,7,701,grouped,11.549535022668625
Concrete,strength,Ridge,300,7,701,random,10.935294274456934
Concrete,strength,SVR,300,7,701,grouped,7.651915154763107
Concrete,strength,SVR,300,7,701,random,5.6220787824965806
Concrete,strength,RF,300,7,701,grouped,6.617061622032688
Concrete,strength,RF,300,7,701,random,4.909217156918362
Concrete,strength,GBM,300,7,701,grouped,6.990099687125862
Concrete,strength,GBM,300,7,701,random,4.373682382976707
Concrete,strength,Ridge,380,0,909,grouped,10.401642482781059
Concrete,strength,Ridge,380,0,909,random,9.572248378323202
Concrete,strength,SVR,380,0,909,grouped,7.272647647685284
Concrete,strength,SVR,380,0,909,random,5.343223913103929
Concrete,strength,RF,380,0,909,grouped,4.826133379679901
Concrete,strength,RF,380,0,909,random,3.8465202379342402
Concrete,strength,GBM,380,0,909,grouped,5.157300471453972
Concrete,strength,GBM,380,0,909,random,3.8977688123305514
Concrete,strength,Ridge,380,1,926,grouped,9.416547554137898
Concrete,strength,Ridge,380,1,926,random,10.291824385128395
Concrete,strength,SVR,380,1,926,grouped,5.049292945857003
Concrete,strength,SVR,380,1,926,random,6.678131392218706
Concrete,strength,RF,380,1,926,grouped,3.574024942126338
Concrete,strength,RF,380,1,926,random,5.216185764063669
Concrete,strength,GBM,380,1,926,grouped,3.846880663241794
Concrete,strength,GBM,380,1,926,random,4.734073731969989
Concrete,strength,Ridge,380,2,906,grouped,11.12502143062046
Concrete,strength,Ridge,380,2,906,random,9.296801824945582
Concrete,strength,SVR,380,2,906,grouped,7.36791739310588
Concrete,strength,SVR,380,2,906,random,6.595193604964552
Concrete,strength,RF,380,2,906,grouped,7.176696165568033
Concrete,strength,RF,380,2,906,random,5.320584978778214
Concrete,strength,GBM,380,2,906,grouped,6.1630991133755355
Concrete,strength,GBM,380,2,906,random,5.488396455755664
Concrete,strength,Ridge,380,3,915,grouped,8.894846885627274
Concrete,strength,Ridge,380,3,915,random,10.820741922707285
Concrete,strength,SVR,380,3,915,grouped,5.073187316291118
Concrete,strength,SVR,380,3,915,random,6.644668044841179
Concrete,strength,RF,380,3,915,grouped,4.259766402696816
Concrete,strength,RF,380,3,915,random,5.278273001604891
Concrete,strength,GBM,380,3,915,grouped,4.253001896943048
Concrete,strength,GBM,380,3,915,random,4.711051605943861
Concrete,strength,Ridge,380,4,947,grouped,9.728246624848563
Concrete,strength,Ridge,380,4,947,random,10.292180119558116
Concrete,strength,SVR,380,4,947,grouped,6.502196539154177
Concrete,strength,SVR,380,4,947,random,6.493647305948887
Concrete,strength,RF,380,4,947,grouped,4.65170261079601
Concrete,strength,RF,380,4,947,random,3.5231899021750808
Concrete,strength,GBM,380,4,947,grouped,4.666852645730623
Concrete,strength,GBM,380,4,947,random,3.4274948093933615
Concrete,strength,Ridge,380,5,901,grouped,9.547832956917913
Concrete,strength,Ridge,380,5,901,random,10.60808773511601
Concrete,strength,SVR,380,5,901,grouped,5.712509500145053
Concrete,strength,SVR,380,5,901,random,6.861852060942221
Concrete,strength,RF,380,5,901,grouped,5.5702146145394416
Concrete,strength,RF,380,5,901,random,4.9539448137462445
Concrete,strength,GBM,380,5,901,grouped,5.248381993115219
Concrete,strength,GBM,380,5,901,random,5.038165983476411
Concrete,strength,Ridge,380,6,932,grouped,10.410339723502027
Concrete,strength,Ridge,380,6,932,random,11.712675963440125
Concrete,strength,SVR,380,6,932,grouped,6.10353928481333
Concrete,strength,SVR,380,6,932,random,6.787831276041497
Concrete,strength,RF,380,6,932,grouped,4.9426040722185025
Concrete,strength,RF,380,6,932,random,5.263069723233014
Concrete,strength,GBM,380,6,932,grouped,5.272361236287991
Concrete,strength,GBM,380,6,932,random,5.13157821961682
Concrete,strength,Ridge,380,7,935,grouped,10.165539499132715
Concrete,strength,Ridge,380,7,935,random,12.088523647613249
Concrete,strength,SVR,380,7,935,grouped,7.405425183534112
Concrete,strength,SVR,380,7,935,random,7.861570985840563
Concrete,strength,RF,380,7,935,grouped,5.51298108622815
Concrete,strength,RF,380,7,935,random,5.908531118836935
Concrete,strength,GBM,380,7,935,grouped,4.85975418932697
Concrete,strength,GBM,380,7,935,random,5.644829802394293
Parkinson,total_UPDRS,Ridge,4,0,530,grouped,18.578546774268492
Parkinson,total_UPDRS,Ridge,4,0,530,random,10.010864464507325
Parkinson,total_UPDRS,SVR,4,0,530,grouped,14.487733240971735
Parkinson,total_UPDRS,SVR,4,0,530,random,8.831159605521757
Parkinson,total_UPDRS,GBM,4,0,530,grouped,11.96682781468371
Parkinson,total_UPDRS,GBM,4,0,530,random,6.000614143951374
Parkinson,total_UPDRS,Ridge,4,1,540,grouped,16.24377526921652
Parkinson,total_UPDRS,Ridge,4,1,540,random,10.352794034460723
Parkinson,total_UPDRS,SVR,4,1,540,grouped,16.59991744538021
Parkinson,total_UPDRS,SVR,4,1,540,random,9.565088347556598
Parkinson,total_UPDRS,GBM,4,1,540,grouped,16.84331872789332
Parkinson,total_UPDRS,GBM,4,1,540,random,6.133983718595569
Parkinson,total_UPDRS,Ridge,4,2,554,grouped,18.99788420700848
Parkinson,total_UPDRS,Ridge,4,2,554,random,9.296139535358686
Parkinson,total_UPDRS,SVR,4,2,554,grouped,19.491771931915608
Parkinson,total_UPDRS,SVR,4,2,554,random,7.901802539020541
Parkinson,total_UPDRS,GBM,4,2,554,grouped,22.447944546800976
Parkinson,total_UPDRS,GBM,4,2,554,random,5.446596789492273
Parkinson,total_UPDRS,Ridge,4,3,553,grouped,15.488079217507547
Parkinson,total_UPDRS,Ridge,4,3,553,random,9.839194709499568
Parkinson,total_UPDRS,SVR,4,3,553,grouped,17.797328278845864
Parkinson,total_UPDRS,SVR,4,3,553,random,8.885455743199246
Parkinson,total_UPDRS,GBM,4,3,553,grouped,14.708966358219799
Parkinson,total_UPDRS,GBM,4,3,553,random,5.5195861300828675
Parkinson,total_UPDRS,Ridge,4,4,476,grouped,17.629964550674813
Parkinson,total_UPDRS,Ridge,4,4,476,random,9.854981511881093
Parkinson,total_UPDRS,SVR,4,4,476,grouped,15.47984271687179
Parkinson,total_UPDRS,SVR,4,4,476,random,8.481221960829078
Parkinson,total_UPDRS,GBM,4,4,476,grouped,14.920304338747943
Parkinson,total_UPDRS,GBM,4,4,476,random,5.761928262067255
Parkinson,total_UPDRS,Ridge,4,5,572,grouped,12.74759409284504
Parkinson,total_UPDRS,Ridge,4,5,572,random,9.856396165891114
Parkinson,total_UPDRS,SVR,4,5,572,grouped,10.312156646477286
Parkinson,total_UPDRS,SVR,4,5,572,random,8.69776812962259
Parkinson,total_UPDRS,GBM,4,5,572,grouped,11.34694092871119
Parkinson,total_UPDRS,GBM,4,5,572,random,5.858653549561066
Parkinson,total_UPDRS,Ridge,8,0,1069,grouped,10.959468053995723
Parkinson,total_UPDRS,Ridge,8,0,1069,random,9.8806022719526
Parkinson,total_UPDRS,SVR,8,0,1069,grouped,11.184819137237978
Parkinson,total_UPDRS,SVR,8,0,1069,random,8.163146672612452
Parkinson,total_UPDRS,GBM,8,0,1069,grouped,12.959793682244248
Parkinson,total_UPDRS,GBM,8,0,1069,random,4.949877488727313
Parkinson,total_UPDRS,Ridge,8,1,1125,grouped,8.973531881527393
Parkinson,total_UPDRS,Ridge,8,1,1125,random,9.419355803620736
Parkinson,total_UPDRS,SVR,8,1,1125,grouped,9.699992172419156
Parkinson,total_UPDRS,SVR,8,1,1125,random,7.865814962301931
Parkinson,total_UPDRS,GBM,8,1,1125,grouped,10.516909810705306
Parkinson,total_UPDRS,GBM,8,1,1125,random,4.4949608023138214
Parkinson,total_UPDRS,Ridge,8,2,1111,grouped,8.612318579071802
Parkinson,total_UPDRS,Ridge,8,2,1111,random,10.095050414024831
Parkinson,total_UPDRS,SVR,8,2,1111,grouped,9.209209658799596
Parkinson,total_UPDRS,SVR,8,2,1111,random,8.818630434638251
Parkinson,total_UPDRS,GBM,8,2,1111,grouped,7.850742757588788
Parkinson,total_UPDRS,GBM,8,2,1111,random,4.810186711658319
Parkinson,total_UPDRS,Ridge,8,3,1107,grouped,9.05867770730393
Parkinson,total_UPDRS,Ridge,8,3,1107,random,9.399533293389172
Parkinson,total_UPDRS,SVR,8,3,1107,grouped,15.082708964279337
Parkinson,total_UPDRS,SVR,8,3,1107,random,8.10578422357919
Parkinson,total_UPDRS,GBM,8,3,1107,grouped,8.983405727202662
Parkinson,total_UPDRS,GBM,8,3,1107,random,4.702834791214852
Parkinson,total_UPDRS,Ridge,8,4,1130,grouped,9.45768610111898
Parkinson,total_UPDRS,Ridge,8,4,1130,random,9.528120367244812
Parkinson,total_UPDRS,SVR,8,4,1130,grouped,14.065232507825659
Parkinson,total_UPDRS,SVR,8,4,1130,random,8.292650855719783
Parkinson,total_UPDRS,GBM,8,4,1130,grouped,14.685283337136816
Parkinson,total_UPDRS,GBM,8,4,1130,random,4.578158573685499
Parkinson,total_UPDRS,Ridge,8,5,1117,grouped,18.68848959881348
Parkinson,total_UPDRS,Ridge,8,5,1117,random,10.154017008983672
Parkinson,total_UPDRS,SVR,8,5,1117,grouped,14.01414054131045
Parkinson,total_UPDRS,SVR,8,5,1117,random,8.690929649982774
Parkinson,total_UPDRS,GBM,8,5,1117,grouped,16.35682367276522
Parkinson,total_UPDRS,GBM,8,5,1117,random,4.772655115834196
Parkinson,total_UPDRS,Ridge,12,0,1718,grouped,13.1083554729338
Parkinson,total_UPDRS,Ridge,12,0,1718,random,9.870240689157022
Parkinson,total_UPDRS,SVR,12,0,1718,grouped,11.96874298978323
Parkinson,total_UPDRS,SVR,12,0,1718,random,8.092902033978488
Parkinson,total_UPDRS,GBM,12,0,1718,grouped,15.732575993058253
Parkinson,total_UPDRS,GBM,12,0,1718,random,4.1333185543056485
Parkinson,total_UPDRS,Ridge,12,1,1688,grouped,12.1893039428661
Parkinson,total_UPDRS,Ridge,12,1,1688,random,9.527427044563945
Parkinson,total_UPDRS,SVR,12,1,1688,grouped,15.476791175591735
Parkinson,total_UPDRS,SVR,12,1,1688,random,8.053693334564176
Parkinson,total_UPDRS,GBM,12,1,1688,grouped,16.411789070008727
Parkinson,total_UPDRS,GBM,12,1,1688,random,4.321738576681484
Parkinson,total_UPDRS,Ridge,12,2,1685,grouped,10.602592969880046
Parkinson,total_UPDRS,Ridge,12,2,1685,random,9.819311721872543
Parkinson,total_UPDRS,SVR,12,2,1685,grouped,7.537828066719433
Parkinson,total_UPDRS,SVR,12,2,1685,random,7.922323690044082
Parkinson,total_UPDRS,GBM,12,2,1685,grouped,10.477474161225238
Parkinson,total_UPDRS,GBM,12,2,1685,random,4.275576728397435
Parkinson,total_UPDRS,Ridge,12,3,1632,grouped,18.483190313102575
Parkinson,total_UPDRS,Ridge,12,3,1632,random,9.852127939900065
Parkinson,total_UPDRS,SVR,12,3,1632,grouped,16.771265935954087
Parkinson,total_UPDRS,SVR,12,3,1632,random,8.054825857876978
Parkinson,total_UPDRS,GBM,12,3,1632,grouped,16.077969858630006
Parkinson,total_UPDRS,GBM,12,3,1632,random,4.710217544641273
Parkinson,total_UPDRS,Ridge,12,4,1730,grouped,14.148103027615056
Parkinson,total_UPDRS,Ridge,12,4,1730,random,9.732540448243721
Parkinson,total_UPDRS,SVR,12,4,1730,grouped,13.791911833282876
Parkinson,total_UPDRS,SVR,12,4,1730,random,7.936429432570178
Parkinson,total_UPDRS,GBM,12,4,1730,grouped,13.093074693218862
Parkinson,total_UPDRS,GBM,12,4,1730,random,4.535707317629072
Parkinson,total_UPDRS,Ridge,12,5,1703,grouped,9.995583994594979
Parkinson,total_UPDRS,Ridge,12,5,1703,random,9.538605618056486
Parkinson,total_UPDRS,SVR,12,5,1703,grouped,10.438933033491304
Parkinson,total_UPDRS,SVR,12,5,1703,random,8.020792153979462
Parkinson,total_UPDRS,GBM,12,5,1703,grouped,11.909569178328494
Parkinson,total_UPDRS,GBM,12,5,1703,random,4.350774914252002
Parkinson,total_UPDRS,Ridge,20,0,2876,grouped,15.36988923707791
Parkinson,total_UPDRS,Ridge,20,0,2876,random,9.799371421809344
Parkinson,total_UPDRS,SVR,20,0,2876,grouped,14.791073573636268
Parkinson,total_UPDRS,SVR,20,0,2876,random,7.555254121880712
Parkinson,total_UPDRS,GBM,20,0,2876,grouped,12.759682244532174
Parkinson,total_UPDRS,GBM,20,0,2876,random,4.037301766560884
Parkinson,total_UPDRS,Ridge,20,1,2864,grouped,9.058673843284865
Parkinson,total_UPDRS,Ridge,20,1,2864,random,9.565055289724858
Parkinson,total_UPDRS,SVR,20,1,2864,grouped,9.878816511870845
Parkinson,total_UPDRS,SVR,20,1,2864,random,7.699657166966506
Parkinson,total_UPDRS,GBM,20,1,2864,grouped,13.72815755633424
Parkinson,total_UPDRS,GBM,20,1,2864,random,4.072500208044193
Parkinson,total_UPDRS,Ridge,20,2,2784,grouped,11.047654942511963
Parkinson,total_UPDRS,Ridge,20,2,2784,random,9.797108245775792
Parkinson,total_UPDRS,SVR,20,2,2784,grouped,14.995616561653222
Parkinson,total_UPDRS,SVR,20,2,2784,random,7.5805002673541955
Parkinson,total_UPDRS,GBM,20,2,2784,grouped,14.40148828747615
Parkinson,total_UPDRS,GBM,20,2,2784,random,3.968336855389557
Parkinson,total_UPDRS,Ridge,20,3,2713,grouped,11.399755013842553
Parkinson,total_UPDRS,Ridge,20,3,2713,random,9.575164895686797
Parkinson,total_UPDRS,SVR,20,3,2713,grouped,11.843973810688231
Parkinson,total_UPDRS,SVR,20,3,2713,random,7.676360060435369
Parkinson,total_UPDRS,GBM,20,3,2713,grouped,13.944881076286162
Parkinson,total_UPDRS,GBM,20,3,2713,random,4.240424266499615
Parkinson,total_UPDRS,Ridge,20,4,2764,grouped,11.140350537134113
Parkinson,total_UPDRS,Ridge,20,4,2764,random,9.516991910781424
Parkinson,total_UPDRS,SVR,20,4,2764,grouped,11.496041542526223
Parkinson,total_UPDRS,SVR,20,4,2764,random,7.586104146425871
Parkinson,total_UPDRS,GBM,20,4,2764,grouped,15.324218163718418
Parkinson,total_UPDRS,GBM,20,4,2764,random,4.126292400551812
Parkinson,total_UPDRS,Ridge,20,5,2804,grouped,15.034532548634596
Parkinson,total_UPDRS,Ridge,20,5,2804,random,9.896888008191718
Parkinson,total_UPDRS,SVR,20,5,2804,grouped,11.690356446944948
Parkinson,total_UPDRS,SVR,20,5,2804,random,7.894713209001253
Parkinson,total_UPDRS,GBM,20,5,2804,grouped,17.413898521416712
Parkinson,total_UPDRS,GBM,20,5,2804,random,4.237982136133746
Parkinson,total_UPDRS,Ridge,28,0,3943,grouped,9.099998897408188
Parkinson,total_UPDRS,Ridge,28,0,3943,random,9.985700641166547
Parkinson,total_UPDRS,SVR,28,0,3943,grouped,9.384703217531962
Parkinson,total_UPDRS,SVR,28,0,3943,random,7.604731190661431
Parkinson,total_UPDRS,GBM,28,0,3943,grouped,9.910748985431411
Parkinson,total_UPDRS,GBM,28,0,3943,random,4.021673253142183
Parkinson,total_UPDRS,Ridge,28,1,3925,grouped,8.816415593619139
Parkinson,total_UPDRS,Ridge,28,1,3925,random,9.76828639530388
Parkinson,total_UPDRS,SVR,28,1,3925,grouped,13.539022233136224
Parkinson,total_UPDRS,SVR,28,1,3925,random,7.789446999761277
Parkinson,total_UPDRS,GBM,28,1,3925,grouped,13.388357948135129
Parkinson,total_UPDRS,GBM,28,1,3925,random,4.113563262797125
Parkinson,total_UPDRS,Ridge,28,2,3957,grouped,13.45908478037673
Parkinson,total_UPDRS,Ridge,28,2,3957,random,9.765646660152596
Parkinson,total_UPDRS,SVR,28,2,3957,grouped,10.637919851775054
Parkinson,total_UPDRS,SVR,28,2,3957,random,7.480469329185227
Parkinson,total_UPDRS,GBM,28,2,3957,grouped,14.284784132482539
Parkinson,total_UPDRS,GBM,28,2,3957,random,4.3211396084520555
Parkinson,total_UPDRS,Ridge,28,3,3872,grouped,10.494935899205098
Parkinson,total_UPDRS,Ridge,28,3,3872,random,9.843195982265742
Parkinson,total_UPDRS,SVR,28,3,3872,grouped,11.761799316307899
Parkinson,total_UPDRS,SVR,28,3,3872,random,7.580580799462575
Parkinson,total_UPDRS,GBM,28,3,3872,grouped,13.617269661059085
Parkinson,total_UPDRS,GBM,28,3,3872,random,3.8701416695479725
Parkinson,total_UPDRS,Ridge,28,4,3818,grouped,12.06859181842974
Parkinson,total_UPDRS,Ridge,28,4,3818,random,9.755178779711304
Parkinson,total_UPDRS,SVR,28,4,3818,grouped,13.932865480817131
Parkinson,total_UPDRS,SVR,28,4,3818,random,7.793100790301139
Parkinson,total_UPDRS,GBM,28,4,3818,grouped,14.289249306112975
Parkinson,total_UPDRS,GBM,28,4,3818,random,4.310603442457979
Parkinson,total_UPDRS,Ridge,28,5,3938,grouped,12.29386716404821
Parkinson,total_UPDRS,Ridge,28,5,3938,random,9.704032501196743
Parkinson,total_UPDRS,SVR,28,5,3938,grouped,16.695019253202474
Parkinson,total_UPDRS,SVR,28,5,3938,random,7.735007859332954
Parkinson,total_UPDRS,GBM,28,5,3938,grouped,13.760068305017985
Parkinson,total_UPDRS,GBM,28,5,3938,random,3.8244922413994207
Parkinson,total_UPDRS,Ridge,36,0,5052,grouped,9.340854362695625
Parkinson,total_UPDRS,Ridge,36,0,5052,random,9.868048137812368
Parkinson,total_UPDRS,SVR,36,0,5052,grouped,15.64836290210484
Parkinson,total_UPDRS,SVR,36,0,5052,random,7.450427706741867
Parkinson,total_UPDRS,GBM,36,0,5052,grouped,14.313601209059827
Parkinson,total_UPDRS,GBM,36,0,5052,random,3.8370264992849683
Parkinson,total_UPDRS,Ridge,36,1,5032,grouped,11.406998988531367
Parkinson,total_UPDRS,Ridge,36,1,5032,random,9.516207893019908
Parkinson,total_UPDRS,SVR,36,1,5032,grouped,10.957921669135205
Parkinson,total_UPDRS,SVR,36,1,5032,random,7.103857789158445
Parkinson,total_UPDRS,GBM,36,1,5032,grouped,8.29678434012278
Parkinson,total_UPDRS,GBM,36,1,5032,random,3.923906640561039
Parkinson,total_UPDRS,Ridge,36,2,5010,grouped,7.810582368894308
Parkinson,total_UPDRS,Ridge,36,2,5010,random,9.826271174774279
Parkinson,total_UPDRS,SVR,36,2,5010,grouped,8.881882326794365
Parkinson,total_UPDRS,SVR,36,2,5010,random,7.533227848517825
Parkinson,total_UPDRS,GBM,36,2,5010,grouped,9.667344071233984
Parkinson,total_UPDRS,GBM,36,2,5010,random,3.998100424219754
Parkinson,total_UPDRS,Ridge,36,3,5074,grouped,10.209173505626234
Parkinson,total_UPDRS,Ridge,36,3,5074,random,9.45172284949535
Parkinson,total_UPDRS,SVR,36,3,5074,grouped,12.601396341981951
Parkinson,total_UPDRS,SVR,36,3,5074,random,7.15072028464247
Parkinson,total_UPDRS,GBM,36,3,5074,grouped,11.74299051638712
Parkinson,total_UPDRS,GBM,36,3,5074,random,3.682602156569789
Parkinson,total_UPDRS,Ridge,36,4,5085,grouped,7.075018236604569
Parkinson,total_UPDRS,Ridge,36,4,5085,random,9.695614521597616
Parkinson,total_UPDRS,SVR,36,4,5085,grouped,13.119118027592226
Parkinson,total_UPDRS,SVR,36,4,5085,random,7.4641921196203125
Parkinson,total_UPDRS,GBM,36,4,5085,grouped,15.552852440873297
Parkinson,total_UPDRS,GBM,36,4,5085,random,3.679600333042436
Parkinson,total_UPDRS,Ridge,36,5,5005,grouped,14.874140389700264
Parkinson,total_UPDRS,Ridge,36,5,5005,random,9.67168245302068
Parkinson,total_UPDRS,SVR,36,5,5005,grouped,13.931529843400746
Parkinson,total_UPDRS,SVR,36,5,5005,random,7.194601322664306
Parkinson,total_UPDRS,GBM,36,5,5005,grouped,18.065532333594632
Parkinson,total_UPDRS,GBM,36,5,5005,random,3.7616725602739756
