subject,y,base,Ridge,RF,GBM
1,34.398,29.23125903092006,34.28139287624131,27.981905000000005,21.898001266218895
1,34.894,29.23125903092006,28.403477102275136,26.029649999999997,23.24669270572898
1,35.389,29.23125903092006,34.177062550338675,25.603991999999995,22.26409975486106
1,35.81,29.23125903092006,31.38529064355406,26.848080000000003,23.44614394923689
1,36.375,29.23125903092006,30.72763436265713,26.921899999999997,23.29732272962785
1,36.87,29.23125903092006,33.38675611715203,25.086359999999996,22.536565669995646
1,37.363,29.23125903092006,32.06021365295413,28.118593000000004,23.454916793310392
1,37.857,29.23125903092006,34.513721599121126,26.338480000000008,24.75791118911149
1,38.353,29.23125903092006,32.766223856528846,29.435419999999993,25.55203078255913
1,38.849,29.23125903092006,32.650374243813275,26.952919999999985,25.142242450073798
1,39.34,29.23125903092006,30.211710442184685,27.91310999999999,26.05268878313562
1,39.834,29.23125903092006,32.03576282765326,24.499349,24.382189899306486
1,40.412,29.23125903092006,33.78067475120038,25.86584,25.694599015242552
1,41.034,29.23125903092006,32.10972718989816,28.33261999999999,25.686523005938287
1,41.657,29.23125903092006,33.334303087453804,25.909980000000004,25.196712950565587
1,42.28,29.23125903092006,34.355007929987536,25.11764,24.497042064166745
1,42.904,29.23125903092006,36.79122366951509,25.98031000000001,26.494143518659367
1,43.524,29.23125903092006,33.36080253209807,26.61135,26.579000733506447
1,44.146,29.23125903092006,33.39797862839444,24.187070000000016,25.030111071028998
1,44.861,29.23125903092006,34.44600763517193,25.610069000000014,23.414117650264785
1,45.39,29.23125903092006,33.99456344600516,28.068550000000005,25.366979974732807
1,46.013,29.23125903092006,36.79840727197543,25.011639999999993,26.122334414691053
1,46.635,29.23125903092006,33.78263113176174,25.327659999999977,23.62070563304518
1,47.97,29.23125903092006,33.40210145909895,25.558928,24.287086972010638
1,34.398,29.23125903092006,29.86052763713928,27.732672999999995,20.06535834716426
1,34.894,29.23125903092006,32.85745824031028,26.627579999999988,26.99073575254273
1,35.389,29.23125903092006,30.530182248357022,27.481850000000005,22.489493372146892
1,35.81,29.23125903092006,29.761527198349828,27.215520000000005,22.25936147229437
1,36.375,29.23125903092006,31.046964232313822,27.052,23.185137930778446
1,36.87,29.23125903092006,31.658488951133222,27.393980000000003,23.531001129083435
1,37.363,29.23125903092006,33.316738266493914,29.207510000000003,24.725220815315684
1,37.857,29.23125903092006,35.08284930852443,25.951520000000013,24.912203689990825
1,38.353,29.23125903092006,30.565809259362158,26.069399999999995,24.681067234063683
1,38.849,29.23125903092006,30.034770502742568,27.15818999999999,24.15505158803031
1,39.34,29.23125903092006,31.09878328732046,25.74827999999999,24.723585591718358
1,39.834,29.23125903092006,35.5608867544678,26.59660000000001,26.614489204506658
1,40.412,29.23125903092006,36.6783764748111,25.687740000000005,27.422637161655686
1,41.034,29.23125903092006,27.82915923033128,26.08280900000001,23.195428991823317
1,41.657,29.23125903092006,29.017170837539012,27.64072800000001,25.93548083226522
1,42.28,29.23125903092006,31.165876192716432,26.958920000000003,23.699957512892677
1,42.904,29.23125903092006,33.36058994430751,24.64329000000001,27.813074761567087
1,43.524,29.23125903092006,32.444813139000686,26.6511,27.30221116254927
1,44.146,29.23125903092006,32.84238239332048,26.140690000000003,24.648543963990974
1,44.861,29.23125903092006,33.66171635195951,26.126720000000006,24.161547814972447
1,45.39,29.23125903092006,30.45716393507736,25.52649,24.04254160669498
1,46.013,29.23125903092006,33.4182822919771,25.583889999999982,24.005382405387095
1,46.635,29.23125903092006,32.29525731831595,26.643029999999996,24.282496642833742
1,47.257,29.23125903092006,33.71385581029797,23.668289999999992,23.092197383162667
1,47.97,29.23125903092006,32.35588436352806,26.987759999999998,24.335728767945568
1,34.398,29.23125903092006,31.075508669087824,28.633020000000002,23.293650100090286
1,34.894,29.23125903092006,27.203870868886433,25.951638,23.97990215447589
1,35.389,29.23125903092006,32.835977240529985,25.97618000000001,23.809616819423436
1,35.81,29.23125903092006,28.31031608681805,27.040027999999996,20.78573659826543
1,36.375,29.23125903092006,33.588333803731715,26.148219999999995,24.829361044900256
1,36.87,29.23125903092006,31.378364120988465,28.31323000000001,25.06687703136148
1,37.363,29.23125903092006,31.501785830645225,26.65871000000002,23.896653133844854
1,37.857,29.23125903092006,31.673015716324993,27.49494,23.915243646213835
1,38.353,29.23125903092006,34.028397466846585,25.031830000000024,25.911406197897744
1,38.849,29.23125903092006,34.425727226729535,27.601570000000017,26.425944369913143
1,39.34,29.23125903092006,29.62969997604869,30.386837999999997,25.36866808227189
1,39.834,29.23125903092006,31.053700211814665,25.914720000000003,24.85473508631578
1,40.412,29.23125903092006,33.05355433677666,26.045619999999996,24.83856070588896
1,41.034,29.23125903092006,27.19263676395592,26.298345000000012,23.88693007319683
1,41.657,29.23125903092006,27.375408614186913,26.833470000000013,24.798858619088488
1,42.28,29.23125903092006,28.319307917329375,27.601175000000012,22.344963233197923
1,42.904,29.23125903092006,31.712646071748996,27.11918800000001,26.632149705722018
1,43.524,29.23125903092006,29.78537766440494,27.101689999999994,24.03920268575794
1,44.146,29.23125903092006,29.939837239481236,25.886700000000005,23.209727875153085
1,44.861,29.23125903092006,29.161064940037587,27.841590000000007,23.114160946861485
1,45.39,29.23125903092006,32.62174736691772,26.32969,24.99515689265159
1,46.013,29.23125903092006,33.12545177711582,26.36572999999999,25.532263358371427
1,46.635,29.23125903092006,32.61485751041183,25.255829999999982,23.686576223244067
1,47.257,29.23125903092006,35.84192513243105,23.085670000000007,24.56088982045201
1,47.97,29.23125903092006,32.55765547968077,26.783859999999986,24.452782361739956
1,34.398,29.23125903092006,26.057733121845065,27.03598999999999,20.536486017473557
1,34.894,29.23125903092006,33.801327185264654,28.065110000000004,26.999768158419688
1,35.389,29.23125903092006,33.05275401792385,26.971680000000006,22.47999245408803
1,35.811,29.23125903092006,28.029014301464834,25.710618000000007,21.35050578224765
1,36.375,29.23125903092006,31.1326267443122,26.86607,23.31347806064174
1,36.87,29.23125903092006,29.801524230474094,26.921698999999993,22.430849967612954
1,37.364,29.23125903092006,34.02601416480552,26.009601999999987,23.162213600335363
1,37.857,29.23125903092006,31.989657109258097,25.74225999999999,24.379152636382887
1,38.353,29.23125903092006,31.018629422037467,26.506029999999992,24.63099762861891
1,38.849,29.23125903092006,31.898780291834196,26.139220000000012,25.45373454963777
1,39.34,29.23125903092006,36.863618816639686,25.752240000000008,26.756840847328753
1,39.835,29.23125903092006,29.600123511009503,26.358839,23.574961975931224
1,40.412,29.23125903092006,32.259891424153416,25.35891,24.41145626196078
1,41.034,29.23125903092006,29.654345876313258,26.350849000000004,23.135508017962565
1,41.657,29.23125903092006,30.52178148505986,27.049491,24.879690594408764
1,42.28,29.23125903092006,32.53495664399721,27.216879999999996,24.987662850263558
1,42.904,29.23125903092006,32.88582022925609,26.375940000000003,24.497042064166745
1,43.524,29.23125903092006,29.88821300439614,27.090830000000004,23.54618249734704
1,44.146,29.23125903092006,32.83061503366287,26.841409999999996,25.488956431326383
1,44.861,29.23125903092006,31.471332647797656,26.88710000000001,24.19120406362952
1,45.39,29.23125903092006,32.08852293581026,26.493709999999993,24.025842202654346
1,46.013,29.23125903092006,33.96235702040485,25.67191999999999,25.486022139059703
1,46.635,29.23125903092006,32.461024216913835,25.05172999999999,23.71137657762935
1,47.257,29.23125903092006,32.5046531831728,27.68113000000001,25.489286408691896
1,47.97,29.23125903092006,35.00544684080505,26.790770000000013,26.274211624586663
1,34.399,29.23125903092006,29.813138341827933,27.417679999999997,20.19875915322277
1,34.894,29.23125903092006,30.490099334020986,27.304740000000002,26.20710934496266
1,35.389,29.23125903092006,30.170686217277805,26.78405800000001,21.9821366757918
1,35.811,29.23125903092006,27.604451226819865,26.885050000000007,20.789358253692114
1,36.375,29.23125903092006,32.52937067496444,27.07805000000001,24.36011713829213
1,36.87,29.23125903092006,32.0294014669553,26.854369999999985,22.443438900692925
1,37.364,29.23125903092006,36.52416035887835,26.83056000000002,25.932665155766216
1,37.857,29.23125903092006,32.398148879956224,27.650999999999982,24.1218582634678
1,38.353,29.23125903092006,32.919459371323114,27.153021999999993,24.480596298047473
1,38.849,29.23125903092006,29.610227563440418,26.322618000000016,23.780860967618864
1,39.34,29.23125903092006,34.81053604628797,28.10454000000001,26.767657372596297
1,39.835,29.23125903092006,30.02931240139449,27.443418000000005,24.131786537064478
1,40.412,29.23125903092006,30.853136081657112,26.732329,23.57179553292136
1,41.034,29.23125903092006,31.433608616326296,27.866160000000026,24.647027748070922
1,41.657,29.23125903092006,30.900669069228037,27.458200000000012,24.261144897327025
1,42.28,29.23125903092006,29.708402559026368,26.825675000000004,23.679651292905795
1,42.904,29.23125903092006,30.947712462166844,27.72364,24.732962662082414
1,43.524,29.23125903092006,31.764289046697506,27.212369999999993,24.09417248956993
1,44.146,29.23125903092006,32.45305181318233,27.390970000000003,25.434227859801485
1,44.862,29.23125903092006,35.04578731375881,26.23706,24.869355276002178
1,45.39,29.23125903092006,32.73953953286084,27.693349999999995,24.676117681046886
1,46.013,29.23125903092006,35.91119745575103,27.387250000000005,26.27614965567536
1,46.635,29.23125903092006,33.53707493147673,26.252759999999988,24.475172138223453
1,47.257,29.23125903092006,31.95891526720052,27.785070000000005,24.330208112337058
1,47.97,29.23125903092006,33.69710218578309,26.854350000000014,25.96843729246923
1,34.399,29.23125903092006,24.927385636183544,26.818039999999993,21.04643481102132
1,34.894,29.23125903092006,29.983144498922776,26.218028,23.967948625393557
1,35.39,29.23125903092006,26.39227093185819,26.536859999999997,21.289909494317758
1,35.811,29.23125903092006,26.37089238562692,25.99497,21.146610795470263
1,36.375,29.23125903092006,29.919323908991235,28.11887,22.756516002288752
1,36.87,29.23125903092006,30.365400490574,27.590120000000002,21.396412496710347
1,37.364,29.23125903092006,29.941958773501465,27.4191,22.127706236336355
1,37.857,29.23125903092006,32.187995130364,28.469982,25.108414518237975
1,38.353,29.23125903092006,31.3703395349903,27.36081,23.24190072606171
1,38.849,29.23125903092006,33.624591064467005,26.731420000000004,26.595440102148086
1,39.34,29.23125903092006,30.69985878701744,27.33519,23.994060807919965
1,39.835,29.23125903092006,30.152689887951773,26.750997000000005,23.760600843917835
1,40.412,29.23125903092006,27.331010898991508,26.479489999999995,23.981408796429985
1,41.034,29.23125903092006,32.075046487594626,29.095892000000003,25.300430889984348
1,41.657,29.23125903092006,32.02870010035546,28.124880000000008,26.47999394504205
1,42.28,29.23125903092006,34.89220938727483,27.416828999999996,24.58823020399921
1,42.904,29.23125903092006,32.299686769473,27.10594000000001,25.365131490243666
1,43.524,29.23125903092006,31.60122168872424,28.443150000000024,23.32975174077634
1,44.146,29.23125903092006,33.94194683041274,26.615250000000007,25.377018545754346
1,44.862,29.23125903092006,32.88587931362915,27.878580000000007,25.235989354160804
1,45.39,29.23125903092006,30.54301820856193,27.93668000000001,24.824615057351313
1,46.013,29.23125903092006,33.06861947131018,26.779709999999987,24.580775080591227
1,46.635,29.23125903092006,31.25676182102452,27.210139999999992,24.481865622975754
1,47.257,29.23125903092006,29.951910783821443,27.324860000000008,24.750604705147595
1,47.97,29.23125903092006,32.25652083218623,28.65934,25.770781453718815
2,14.039,28.622986597549477,23.572495095246428,24.875270000000004,21.326991150808333
2,14.109,28.622986597549477,23.387082986624474,21.3871,22.045012134347044
2,14.18,28.622986597549477,25.42209957957265,20.554940000000002,21.222311579903383
2,14.251,28.622986597549477,25.543420200028514,21.446802000000005,20.72713972783425
2,14.321,28.622986597549477,25.87355851543798,23.358150000000002,20.075583977870494
2,14.391,28.622986597549477,25.951159380285414,21.3356,18.350004311956422
2,14.463,28.622986597549477,28.959354815808826,22.833380000000002,20.75487251380856
2,14.553,28.622986597549477,25.87184257706727,20.216731999999993,21.324815793595125
2,14.604,28.622986597549477,27.283346816800325,23.049570000000013,21.000722181525077
2,14.694,28.622986597549477,28.754611123736662,22.76581999999999,20.568325260972784
2,14.745,28.622986597549477,28.06211738519115,22.50427,21.3686618989716
2,14.816,28.622986597549477,27.022135403185988,25.193029999999993,22.5709902994997
2,14.917,28.622986597549477,29.933311889732458,24.63741999999999,23.226235877904845
2,14.957,28.622986597549477,24.361644767665204,22.19062,22.896987250504687
2,15.03,28.622986597549477,26.84369013659129,24.529960000000006,22.927370749150068
2,15.976,28.622986597549477,27.701667451002557,23.92058,22.78996045279007
2,16.4,28.622986597549477,26.859017850750437,23.849019999999996,22.752711835407784
2,16.984,28.622986597549477,24.754271804893317,21.29929,22.920095363265023
2,18.15,28.622986597549477,25.25572904318622,22.990679999999998,23.252888259757903
2,18.736,28.622986597549477,26.932064935749402,23.582400000000003,23.168239558393907
2,19.317,28.622986597549477,25.494284463516337,22.360000000000003,23.418720891154013
2,19.9,28.622986597549477,27.952285418992577,25.82116,23.280844038781147
2,20.647,28.622986597549477,28.824896179874607,23.321089999999995,23.7174587472459
2,21.067,28.622986597549477,25.735204915297967,23.190430000000006,23.225233482845947
2,21.65,28.622986597549477,26.60250048696796,22.095622000000002,22.53773795300502
2,14.039,28.622986597549477,26.382959330967672,23.337920000000004,21.446285444917287
2,14.109,28.622986597549477,23.517859153002902,23.476479999999995,22.165075147456967
2,14.18,28.622986597549477,22.86449671486058,22.99443,21.336158213304866
2,14.251,28.622986597549477,28.838550374423242,21.152780000000003,20.41965560425547
2,14.321,28.622986597549477,25.050886920200973,23.042080000000002,20.058978468654352
2,14.391,28.622986597549477,24.951468283093565,21.030059999999995,18.5246050900029
2,14.463,28.622986597549477,27.297560456544254,21.238469999999996,21.699404411425444
2,14.553,28.622986597549477,24.8071454107177,23.405699999999996,21.324815793595125
2,14.604,28.622986597549477,24.551105444875333,23.926049000000006,21.14003831407633
2,14.694,28.622986597549477,28.291192573713964,22.15652,20.678513617311552
2,14.745,28.622986597549477,24.587469496627342,23.413369999999997,21.659169337310402
2,14.917,28.622986597549477,27.27669149593679,22.998060000000006,22.8691555258926
2,14.957,28.622986597549477,26.18374081646812,22.60295,22.670265315132625
2,15.03,28.622986597549477,25.29616660169558,23.31482,22.54837632353888
2,15.976,28.622986597549477,27.07179185719434,23.439839999999993,22.90278879788559
2,16.4,28.622986597549477,24.437021596968798,22.96103,22.76726432104886
2,16.984,28.622986597549477,26.840824236751807,22.918420000000015,22.951085986481374
2,18.15,28.622986597549477,24.129463254227517,26.59361,23.163125894074135
2,18.736,28.622986597549477,25.793507979112462,24.04396,23.111172001219405
2,19.317,28.622986597549477,24.428549717540047,22.308670000000003,22.525227371669228
2,19.9,28.622986597549477,22.96435757774353,24.06247000000001,23.447691474197473
2,20.647,28.622986597549477,27.95490745092112,22.802409999999995,23.58911983394784
2,21.067,28.622986597549477,24.204072475420684,23.515420000000002,23.512495397913785
2,21.65,28.622986597549477,23.88050225366739,23.10895,21.982429207360425
2,14.039,28.622986597549477,24.10706284846211,22.382270000000002,21.60395688512712
2,14.109,28.622986597549477,24.182622142746883,20.745490000000004,20.73118653863629
2,14.18,28.622986597549477,23.762659615642093,21.871270000000013,20.216307522918004
2,14.251,28.622986597549477,23.35935737858224,22.28105,20.396755828578915
2,14.321,28.622986597549477,24.00150299792917,20.672113999999986,20.29002249330329
2,14.391,28.622986597549477,26.951738878575743,21.16570999999999,18.45329055870627
2,14.463,28.622986597549477,26.266273915183547,22.12338,20.762564129701584
2,14.553,28.622986597549477,25.2310786732551,22.23355,21.71537912892052
2,14.604,28.622986597549477,26.426491556111916,22.02422,20.88991044399752
2,14.694,28.622986597549477,29.219489740140148,22.60633,20.920655778452915
2,14.745,28.622986597549477,24.970722857743127,22.95929999999999,21.591153406483077
2,14.816,28.622986597549477,23.46795048314855,23.047140000000002,22.415780156754497
2,14.917,28.622986597549477,28.701973335974962,23.350040000000007,22.927370749150068
2,14.957,28.622986597549477,25.849942470007665,23.811110000000014,23.017031094662137
2,15.03,28.622986597549477,25.345992861871597,21.764339999999994,22.36296957443134
2,15.976,28.622986597549477,26.708871095410995,23.05516,22.67878599788251
2,16.4,28.622986597549477,24.787800988082978,23.884150000000005,23.275567391120617
2,16.984,28.622986597549477,25.60394930210696,21.523719999999994,22.687934663810513
2,18.15,28.622986597549477,24.483798079258563,23.136100000000006,23.18289202133672
2,18.736,28.622986597549477,27.0339975026353,23.63689999999999,22.99611134209974
2,19.317,28.622986597549477,23.190220362298398,23.48018,22.682418497321034
2,19.9,28.622986597549477,24.641449708816218,23.945209999999996,23.37011981319237
2,20.647,28.622986597549477,24.908430801973598,23.31844400000001,23.608871641970552
2,21.067,28.622986597549477,26.7496658001465,22.886120000000002,23.46471063287397
2,21.65,28.622986597549477,23.932404285740564,23.441319000000004,22.9245935175446
2,14.039,28.622986597549477,24.506104670642024,22.715060000000005,23.02019402174517
2,14.109,28.622986597549477,23.446514490307763,21.655929999999994,20.618570309551085
2,14.18,28.622986597549477,23.422531195372628,21.56926,21.384538191913276
2,14.251,28.622986597549477,25.913818796017967,21.781682,20.64320751800953
2,14.321,28.622986597549477,24.312354625082506,21.173309,19.855399784125854
2,14.391,28.622986597549477,25.37420150162989,23.035030000000003,18.29601596641849
2,14.463,28.622986597549477,26.241033529652206,22.016690000000008,21.164654543171068
2,14.553,28.622986597549477,25.128631764583268,21.477421999999997,21.701028085680164
2,14.604,28.622986597549477,26.10640666045756,21.651010000000007,20.28505140874503
2,14.694,28.622986597549477,28.260604416521165,26.129400000000015,21.603796489295746
2,14.746,28.622986597549477,24.342851697759663,22.43941,21.56485735094271
2,14.816,28.622986597549477,26.00016103725573,21.778269999999992,22.698288784176082
2,14.917,28.622986597549477,26.95273182824407,22.89455000000001,22.03716720526996
2,14.957,28.622986597549477,24.436030567000884,22.338909999999995,23.089862061192495
2,15.03,28.622986597549477,23.4583510445364,22.658290000000008,22.894057837572586
2,15.976,28.622986597549477,30.73290549411388,21.894799999999996,22.17530236170664
2,16.4,28.622986597549477,26.643145534819702,21.63356,22.605403751197578
2,16.984,28.622986597549477,25.344030737379036,22.981500000000004,22.744703726223655
2,18.15,28.622986597549477,22.137912882038684,22.856139999999996,23.192906029521303
2,18.736,28.622986597549477,27.754050277799536,24.429749999999995,23.168239558393907
2,19.317,28.622986597549477,25.643228545195054,22.517340000000004,23.677800680644115
2,19.9,28.622986597549477,27.10569563192528,24.413910000000005,22.5711620794601
2,20.647,28.622986597549477,24.584374537100032,22.390210000000007,23.217256619015437
2,21.067,28.622986597549477,27.89138136766342,23.192249999999998,22.889119241188578
2,21.65,28.622986597549477,25.003856861411766,22.968190000000014,22.42343831729919
2,14.039,28.622986597549477,22.65893992741576,25.34281,22.818894158964785
2,14.109,28.622986597549477,23.31758188615148,23.168919999999993,20.46826486678886
2,14.18,28.622986597549477,24.733532938132576,20.994199999999996,20.763572837553212
2,14.251,28.622986597549477,23.43678939251253,21.519456000000005,19.5758058546877
2,14.391,28.622986597549477,24.504919235489346,22.344079999999995,18.26597497803661
2,14.463,28.622986597549477,26.809431508685755,21.925740000000005,21.23519187612359
2,14.553,28.622986597549477,26.364588776430235,22.460902,21.404572275966572
2,14.604,28.622986597549477,23.380010256079427,20.77727000000001,20.842142035198655
2,14.694,28.622986597549477,26.927716170242654,21.761379999999996,22.005262276261305
2,14.746,28.622986597549477,29.918329391905928,22.258250000000004,21.548820966385446
2,14.816,28.622986597549477,26.37421880774,21.634309999999996,22.059271948626794
2,14.917,28.622986597549477,27.828234553698724,21.61652,23.317094314107
2,14.957,28.622986597549477,26.005935550542265,22.6664,23.375574237397
2,15.03,28.622986597549477,24.923321481002244,23.766130000000004,23.641059825481285
2,15.976,28.622986597549477,21.27504683856968,23.143639000000004,21.932720818411774
2,16.4,28.622986597549477,26.26563553561383,22.624200000000002,23.17305160301285
2,16.984,28.622986597549477,23.79653572053818,21.592900000000004,22.935035904936157
2,18.15,28.622986597549477,23.61165800675647,24.52877000000001,23.648963186906332
2,18.736,28.622986597549477,26.92347950398465,22.948809999999998,23.168239558393907
2,19.317,28.622986597549477,24.77965323795975,23.651329999999998,23.768116149449448
2,19.9,28.622986597549477,26.27131094468096,22.589670000000005,23.584198178440236
2,20.647,28.622986597549477,24.560479099712484,23.930349999999997,23.463143467372614
2,21.067,28.622986597549477,24.011701808497072,22.5696,23.394906645604888
2,21.65,28.622986597549477,26.682591854867468,23.059660000000008,22.477987411107538
2,14.039,28.622986597549477,23.53490502411126,24.23456000000001,23.450340371438543
2,14.109,28.622986597549477,24.211885673625066,22.276659999999996,18.841782327476736
2,14.251,28.622986597549477,24.67900515714699,22.473603000000004,19.04300459244969
2,14.321,28.622986597549477,25.815214861755955,21.086309999999997,19.787176471430225
2,14.391,28.622986597549477,22.486619327321616,24.337552000000006,18.737070338466562
2,14.463,28.622986597549477,27.061760188004232,22.3111,20.734242806503058
2,14.553,28.622986597549477,25.57329718837838,22.628052000000004,21.742377516130965
2,14.604,28.622986597549477,26.604284547738885,22.316239999999997,20.420275007310412
2,14.694,28.622986597549477,26.14630350514124,24.582440000000002,21.916270588485467
2,14.746,28.622986597549477,26.32520505684941,22.01937999999999,21.707586213563324
2,14.816,28.622986597549477,26.03900623199391,23.18858999999999,22.51355332363203
2,14.917,28.622986597549477,25.42924019409527,23.09145,22.28684797029106
2,14.957,28.622986597549477,22.863260018440613,23.770910000000004,22.66617910791978
2,15.03,28.622986597549477,24.01628890059483,23.98845000000001,23.20876205043458
2,15.976,28.622986597549477,25.60494856900141,24.09919,22.181204131673926
2,16.4,28.622986597549477,25.485314405469957,23.247069999999994,23.205571152699434
2,16.984,28.622986597549477,25.358542589935738,22.187679000000006,22.584474021911436
2,19.317,28.622986597549477,21.522712375725998,23.710190000000008,23.660427221293176
2,19.9,28.622986597549477,24.24497369200428,22.10511000000001,23.017228165899994
2,20.647,28.622986597549477,28.770108095849842,21.59587,22.773014848376636
2,21.067,28.622986597549477,24.61710156263522,23.68154000000002,23.786565154013292
2,21.65,28.622986597549477,26.208480946805718,22.869600000000002,22.553753231669123
3,25.729,28.84628394270637,29.765069839484195,21.676289,15.764768670946106
3,26.427,28.84628394270637,29.349062054012272,19.197770000000002,18.54160685943855
3,27.125,28.84628394270637,28.780373650616795,19.273565999999995,18.55440858421388
3,27.826,28.84628394270637,28.071351286693382,20.145465,18.56990004463252
3,28.526,28.84628394270637,29.227910416040544,19.779242999999997,16.583556266877505
3,29.231,28.84628394270637,29.54390573560078,19.906564,19.185588928307574
3,29.927,28.84628394270637,29.996775813195516,20.917979,17.779872046205952
3,30.627,28.84628394270637,34.35116174223915,23.214675999999994,16.30286375142737
3,31.33,28.84628394270637,27.803638611686637,17.010585,17.18575321847834
3,32.029,28.84628394270637,29.31333048255281,20.138844000000002,20.13293669520855
3,32.731,28.84628394270637,27.532205994999693,17.371358999999995,18.000541083133772
3,33.428,28.84628394270637,30.913675367695877,23.22894699999999,18.446921357640157
3,34.13,28.84628394270637,28.28214970384248,19.906691999999996,20.02525951044512
3,34.835,28.84628394270637,30.684996121116818,21.25346700000001,19.193270216885566
3,35.382,28.84628394270637,28.940015227880792,20.389653,21.30317549736468
3,35.89,28.84628394270637,28.683062750456727,19.10498999999999,20.39615873431797
3,36.402,28.84628394270637,30.328169760603185,22.771086999999998,20.60521947672043
3,36.903,28.84628394270637,30.959752291781932,21.890700000000006,21.61703140243484
3,37.485,28.84628394270637,30.713527779036774,22.971280000000007,20.90870704360814
3,37.919,28.84628394270637,28.44355960204858,18.793209999999995,18.64681124350853
3,38.427,28.84628394270637,30.267046157706616,19.783465999999997,21.485473131281157
3,38.935,28.84628394270637,31.20542434520945,24.53771000000002,21.954453533989458
3,39.441,28.84628394270637,29.56540232456222,19.469056,20.949879005263426
3,39.947,28.84628394270637,29.17793087866432,19.876914999999993,19.72163814100406
3,25.729,28.84628394270637,33.39660481258653,21.903997,15.14899707046829
3,26.427,28.84628394270637,29.626443612833647,18.893847,16.506909907781893
3,27.125,28.84628394270637,27.406067562331245,18.482132999999997,16.821203894460755
3,27.826,28.84628394270637,29.125701068774763,20.683346,18.56990004463252
3,28.526,28.84628394270637,29.642825467095477,19.539315,18.566341646425297
3,29.231,28.84628394270637,30.99933221681861,20.112268999999994,17.23778835990596
3,29.927,28.84628394270637,32.10852779851417,21.182633000000006,16.359509774414544
3,30.627,28.84628394270637,30.687906674072465,20.710497999999994,19.284251154872393
3,31.33,28.84628394270637,27.846620210780266,17.749630999999987,17.048156882579864
3,32.029,28.84628394270637,28.69438256927342,18.04942099999999,17.96983445860112
3,32.731,28.84628394270637,26.5034257556433,16.406302999999987,15.917769278945196
3,33.428,28.84628394270637,28.950368197239495,21.384938000000005,18.412045849416916
3,34.13,28.84628394270637,29.064286375044443,20.571125999999996,20.02525951044512
3,34.835,28.84628394270637,30.60239958917231,20.478776000000003,18.92339594650016
3,35.382,28.84628394270637,27.981001272286214,18.832111000000005,19.26748430534263
3,35.89,28.84628394270637,29.044420225095838,22.473531999999995,19.4108895228961
3,36.402,28.84628394270637,29.911830036035585,20.046318,21.556225782295257
3,36.903,28.84628394270637,28.989337887328794,18.29163299999999,19.433450067481623
3,37.485,28.84628394270637,31.29627698115692,21.54523000000001,20.128058889378497
3,37.919,28.84628394270637,28.026513405171535,19.050356999999998,17.540037154569674
3,38.427,28.84628394270637,30.81732900289192,22.471393000000006,22.609845777296343
3,38.935,28.84628394270637,31.09691250276633,21.106528000000008,23.599102170782963
3,39.441,28.84628394270637,30.0750264004981,19.769715999999995,21.195781754223574
3,39.947,28.84628394270637,30.538415511464862,22.544869,22.818448461632535
3,25.729,28.84628394270637,32.50521506587673,20.94660900000001,15.14899707046829
3,26.427,28.84628394270637,30.116580278690602,18.250432,18.62882467881986
3,27.125,28.84628394270637,29.474914906178878,19.86998,15.809643275877699
3,27.826,28.84628394270637,32.431640916597445,20.225625,17.82101192723134
3,28.526,28.84628394270637,29.726902406272412,18.889193999999996,18.764023318842607
3,29.231,28.84628394270637,30.67830879832503,20.649321,17.59237526519199
3,29.927,28.84628394270637,31.543608809113344,21.563829000000005,16.35781486079164
3,30.627,28.84628394270637,30.079962462667982,20.436833999999998,17.825521983626878
3,31.33,28.84628394270637,26.920942448707144,17.10555699999999,16.048145831845215
3,32.029,28.84628394270637,28.33382799674842,18.737995999999995,18.831261520077664
3,32.731,28.84628394270637,27.49035800895404,16.35498599999999,18.000541083133772
3,33.428,28.84628394270637,29.381573930616764,21.252521,18.412045849416916
3,34.13,28.84628394270637,28.779000215404842,20.799182000000002,18.565712424617082
3,34.835,28.84628394270637,30.843434559853026,23.95297699999999,18.76330427513839
3,35.382,28.84628394270637,29.58579092001741,23.120122000000002,19.493425248209288
3,35.89,28.84628394270637,28.97077642753206,18.853535,20.473671270369255
3,36.402,28.84628394270637,29.98887543040054,19.853267000000002,21.672041241381
3,36.903,28.84628394270637,28.98824780607222,17.819264,19.509291422181597
3,37.485,28.84628394270637,31.326770800894906,20.94460999999999,20.85841578661836
3,37.919,28.84628394270637,28.216587277843757,19.853727000000003,18.888314967734754
3,38.427,28.84628394270637,31.061995186833663,20.986101999999995,22.868706487869602
3,38.935,28.84628394270637,30.636131480907842,20.617179,22.609140909573977
3,39.441,28.84628394270637,30.307531379455646,20.553530999999992,22.57270249721108
3,39.947,28.84628394270637,29.95318901428032,21.278498999999996,22.72566228930392
3,25.729,28.84628394270637,28.808747769853017,18.738472000000005,15.994266580047228
3,26.427,28.84628394270637,29.460441550366188,19.046684,17.52031118333772
3,27.125,28.84628394270637,29.75605439587103,19.030547,16.785673558318596
3,27.826,28.84628394270637,30.042308630516427,19.712210000000006,16.75214707896607
3,28.526,28.84628394270637,29.01377746147215,18.756854999999995,18.566341646425297
3,29.231,28.84628394270637,30.11982285163977,21.737739999999995,18.554979722530362
3,29.927,28.84628394270637,29.198576690011826,21.22608599999999,18.116418542510566
3,30.627,28.84628394270637,29.958646555644833,20.577654999999996,17.744451049368372
3,31.33,28.84628394270637,28.994873689245278,18.662176,19.647137504615905
3,32.029,28.84628394270637,30.816982933187916,20.336468999999997,19.749495038295752
3,32.731,28.84628394270637,28.01159581208045,17.248807999999993,18.21798060386168
3,33.428,28.84628394270637,29.02249503816455,19.443362,20.142523658604187
3,34.13,28.84628394270637,30.679263832485315,20.85129999999999,18.68200339839167
3,34.835,28.84628394270637,30.146772086347383,24.365859999999994,18.685791739087104
3,35.382,28.84628394270637,29.86623422454591,20.418806000000007,20.410728044789334
3,35.89,28.84628394270637,29.590472577902972,20.932318000000006,20.654508414545806
3,36.402,28.84628394270637,30.262050910403758,20.052000999999997,21.035722838588587
3,36.903,28.84628394270637,28.457269155859827,18.030600000000003,19.509291422181597
3,37.485,28.84628394270637,28.788707068463268,19.383467,21.815378697381256
3,37.92,28.84628394270637,29.200298437481514,21.751982,21.310734341377316
3,38.427,28.84628394270637,30.46931743492349,20.050389999999997,20.627706044587907
3,38.935,28.84628394270637,30.363985107778024,22.146993000000005,23.153329242044435
3,39.441,28.84628394270637,29.704822536639774,19.059483999999994,19.58623974437227
3,39.947,28.84628394270637,31.057805192607066,21.240096999999995,22.956270269318388
3,25.729,28.84628394270637,32.05455207870493,20.026881999999997,17.39225877589799
3,26.427,28.84628394270637,30.71899402549546,18.755692000000003,17.972888880500513
3,27.125,28.84628394270637,28.801831126377355,18.990018,18.822001526001056
3,27.826,28.84628394270637,30.195994640757345,19.628658,16.445951499292413
3,28.526,28.84628394270637,29.58753092473987,18.013233999999997,18.891937223212658
3,29.231,28.84628394270637,31.121790472956217,20.585969999999996,18.400342227925798
3,29.927,28.84628394270637,30.236210377794386,20.064124000000003,19.578706111963307
3,30.627,28.84628394270637,31.513887152278528,21.254822,20.093852761643316
3,31.33,28.84628394270637,26.48843256075182,17.354369999999992,16.044587433637993
3,32.029,28.84628394270637,28.90616259947248,18.306154999999997,20.162094607686843
3,32.731,28.84628394270637,28.04316742084407,17.10747499999999,18.207591301149144
3,33.428,28.84628394270637,31.82004680565686,21.320065999999997,17.787871086609982
3,34.13,28.84628394270637,27.02077231277797,17.74470199999999,17.52995085763185
3,34.835,28.84628394270637,32.39240654013616,22.950341999999992,18.6025585931725
3,35.382,28.84628394270637,31.859018201584682,20.855689999999992,21.209251756703285
3,35.89,28.84628394270637,30.349348240086105,18.992966000000003,21.319474248982843
3,36.402,28.84628394270637,30.3379969214278,20.400894000000005,21.598894899545204
3,36.903,28.84628394270637,30.75445042049788,20.978037000000004,22.00832636913758
3,37.485,28.84628394270637,30.627191369589394,19.659707,21.78782084488546
3,37.92,28.84628394270637,29.449300839308098,20.936052,21.350362513829
3,38.428,28.84628394270637,31.340562858986708,23.518443,23.147277590951628
3,38.935,28.84628394270637,28.305597616619526,19.246968999999993,19.55833131462831
3,39.441,28.84628394270637,33.33905610635474,22.251236999999996,22.21613295428867
3,39.947,28.84628394270637,31.112412258405456,22.700664000000003,23.172805108888596
3,25.729,28.84628394270637,33.16567118870948,19.631889,16.10843608763924
3,26.427,28.84628394270637,31.174445837824404,19.493454999999997,18.210467087268505
3,27.125,28.84628394270637,32.440469935641175,19.193262999999995,17.581548235097916
3,27.826,28.84628394270637,31.850552785158833,19.449335000000005,17.094548421254647
3,28.526,28.84628394270637,30.60177851111271,18.469642,18.375636731700055
3,29.231,28.84628394270637,32.45359577260143,21.500566,16.09852205603456
3,29.927,28.84628394270637,32.079154880735736,20.566027,19.823832492676726
3,30.627,28.84628394270637,33.86341250807799,21.294412999999995,16.999872013149254
3,31.33,28.84628394270637,29.87427540333524,19.843130999999996,19.650695902823127
3,32.029,28.84628394270637,28.081245183613852,16.289573999999984,16.860288518927906
3,32.731,28.84628394270637,29.03878791917903,18.858802,20.623763640317094
3,33.428,28.84628394270637,33.130603542386645,23.022072,18.194883802101092
3,34.13,28.84628394270637,29.29661636175567,22.850423999999997,18.229983842894992
3,34.835,28.84628394270637,33.73298573548784,22.36918199999999,17.86850135779468
3,35.382,28.84628394270637,29.969459010834093,19.478108000000002,19.7723801703096
3,35.89,28.84628394270637,32.19772221033423,21.486246999999988,20.928527259431572
3,36.402,28.84628394270637,30.81123806158529,20.253959000000012,21.595336501337982
3,36.903,28.84628394270637,31.206325165185838,21.166488000000005,22.043310362808146
3,37.485,28.84628394270637,29.903006036320992,20.975439,22.202455132214105
3,37.92,28.84628394270637,30.12715916414888,21.862012999999997,21.511537524918076
3,38.428,28.84628394270637,32.379406673976774,23.73232300000002,23.147277590951628
3,38.935,28.84628394270637,32.43777982875161,22.71378,23.15043466397322
3,39.441,28.84628394270637,34.55985205234525,23.059085999999997,23.14259415838213
3,39.947,28.84628394270637,33.95946028396218,22.77069700000001,22.124256927179804
4,15.263,29.591002243589745,38.10988123804275,38.96535000000002,44.62744451287747
4,16.177,29.591002243589745,35.54907416907576,39.041240000000045,44.55684135424728
4,17.091,29.591002243589745,34.960790104775384,38.676790000000004,44.877270764018455
4,18.007,29.591002243589745,37.75268014765291,38.99215000000001,45.80298425441067
4,19.042,29.591002243589745,34.50824699227155,37.03854000000003,45.639518330304476
4,19.829,29.591002243589745,36.13462097022255,38.22052000000001,45.68905986463017
4,20.744,29.591002243589745,35.43517508646655,37.89769000000001,44.94373425605237
4,21.657,29.591002243589745,36.05174768262201,37.89898000000002,45.358358748024074
4,22.575,29.591002243589745,36.082566898889766,37.14204000000001,43.54181253466753
4,23.48,29.591002243589745,33.716311710493834,38.154399999999995,43.617839235519966
4,24.391,29.591002243589745,36.69564888683182,37.64870000000002,43.79417283305031
4,26.012,29.591002243589745,37.7211967163839,38.28028000000002,44.39024027566163
4,26.218,29.591002243589745,37.810683124001024,40.21109000000002,44.34241167840847
4,26.353,29.591002243589745,35.50330029936217,38.46854000000004,44.01492074848901
4,26.51,29.591002243589745,37.71153444260181,39.89606000000003,44.12180603254948
4,26.67,29.591002243589745,37.629098180901124,40.70619000000002,43.86256003078628
4,26.826,29.591002243589745,37.93519086116053,41.62751000000002,44.269937725393824
4,26.983,29.591002243589745,38.56419425821747,41.32947000000002,42.79435855513193
4,27.139,29.591002243589745,39.0815700484748,43.72490999999998,42.84170131267218
4,27.298,29.591002243589745,37.6304094891112,44.25758,42.24205975916896
4,27.454,29.591002243589745,37.49710990847907,43.31979000000001,42.52852044320938
4,27.63,29.591002243589745,40.13214060392164,44.002970000000005,41.56015466994477
4,27.77,29.591002243589745,37.46484352824372,44.323060000000005,42.56208471571032
4,15.264,29.591002243589745,37.12439987512859,39.04646000000002,44.52943919902449
4,16.177,29.591002243589745,24.856041044790842,37.22921000000001,44.66596508621971
4,17.091,29.591002243589745,36.415444952964826,38.89494,45.4218170985912
4,18.007,29.591002243589745,37.03313987002602,38.49958999999999,44.97330735277876
4,19.042,29.591002243589745,33.852280372411705,36.74555000000002,44.35273966665502
4,19.829,29.591002243589745,34.87388664571905,38.41982,45.54859796300328
4,20.744,29.591002243589745,36.670187563351604,39.11120000000001,45.03437553572844
4,21.657,29.591002243589745,34.058281033209724,38.24308000000001,44.901027296110065
4,22.575,29.591002243589745,38.13030973740463,38.264430000000026,44.19821164416791
4,23.48,29.591002243589745,35.46418141330383,37.449600000000025,43.85714230708308
4,24.391,29.591002243589745,35.46449379744415,38.02987000000002,44.07470042542414
4,26.012,29.591002243589745,36.1599662160149,37.79577100000003,43.91371462076493
4,26.218,29.591002243589745,36.44398958503123,40.462690000000016,44.51343541102946
4,26.353,29.591002243589745,32.22394319362415,36.92257000000003,43.72804611241613
4,26.51,29.591002243589745,35.88108513206024,40.340460000000014,43.771496768261485
4,26.67,29.591002243589745,35.93751377465969,40.326160000000016,43.56972056501882
4,26.826,29.591002243589745,36.41259213849663,41.14611000000003,43.51602394383
4,26.983,29.591002243589745,38.33791380233837,41.70847999999999,42.43689833140217
4,27.139,29.591002243589745,35.92237036882132,43.81473000000001,41.71544357267625
4,27.298,29.591002243589745,36.68668111894699,43.76882999999999,41.6500764499763
4,27.454,29.591002243589745,34.83993567502427,44.800869999999996,42.37703009194852
4,27.63,29.591002243589745,36.28299771503792,44.03798,41.56892388237141
4,27.77,29.591002243589745,35.07805169554025,44.57309000000001,42.41304616263287
4,16.177,29.591002243589745,35.87414905347596,38.38721,44.3266436451959
4,17.091,29.591002243589745,34.1183582668728,38.55329000000003,44.819621220941066
4,18.007,29.591002243589745,34.88850544033481,39.18696000000001,45.48031976179055
4,19.042,29.591002243589745,35.49062613011278,38.59075000000001,45.602629624218544
4,19.829,29.591002243589745,31.16632274749828,38.269500000000015,45.77310852816146
4,20.744,29.591002243589745,34.991122594920775,38.82697999999999,45.14195127674397
4,21.657,29.591002243589745,37.089083133837384,38.40655000000001,44.86246878008167
4,22.575,29.591002243589745,35.93738370064923,37.17665000000004,43.35024514615309
4,23.48,29.591002243589745,33.486953154090855,38.06223000000002,43.617839235519966
4,24.391,29.591002243589745,34.26249313436438,37.909160000000014,43.63683939197913
4,26.012,29.591002243589745,32.816520459565886,38.04490000000001,42.87762874912554
4,26.218,29.591002243589745,35.24094070933506,40.75202000000002,43.46898048117325
4,26.353,29.591002243589745,32.11177473583936,34.674550000000025,43.783792222436084
4,26.51,29.591002243589745,35.11761722317133,40.420570000000026,43.771496768261485
4,26.67,29.591002243589745,36.425547182795334,40.795680000000026,43.981207830522635
4,26.826,29.591002243589745,34.30042051111546,41.24119000000003,43.360232233167636
4,26.983,29.591002243589745,35.02401461945919,42.307069999999996,42.074316506469785
4,27.139,29.591002243589745,36.317671628758234,43.11684999999998,41.96188538606204
4,27.298,29.591002243589745,36.2604393805379,44.378059999999984,42.73784415896888
4,27.454,29.591002243589745,35.42921802861006,43.675430000000006,42.26427387532983
4,27.63,29.591002243589745,35.234576672146936,43.38598999999999,41.792238853706955
4,27.77,29.591002243589745,32.780815273563846,44.46907,40.36478809584486
4,15.264,29.591002243589745,38.31688358432978,38.70898000000002,44.356403512603464
4,16.178,29.591002243589745,34.4526214224732,39.328390000000034,45.22438251247049
4,17.091,29.591002243589745,35.46659344872905,38.76373000000004,44.93916300865568
4,18.007,29.591002243589745,37.616621326835066,39.26912,44.92043027544422
4,19.042,29.591002243589745,33.43323313963085,38.755529999999986,45.331921216390356
4,19.829,29.591002243589745,38.03293902528002,38.12798000000001,44.88265373435629
4,20.744,29.591002243589745,30.628271444229753,38.36909,44.16959719042411
4,21.657,29.591002243589745,36.73041825344648,37.76808000000001,44.735984718398825
4,22.575,29.591002243589745,34.7831978352611,38.11987000000002,44.15572691140761
4,23.48,29.591002243589745,35.016771388357824,37.76939000000004,43.95281280976384
4,24.392,29.591002243589745,34.57062884484022,38.069420000000015,43.613645717784536
4,26.012,29.591002243589745,35.400961075227265,38.87793000000001,44.03208906600264
4,26.218,29.591002243589745,35.69393963699607,41.18798000000002,43.36135988572271
4,26.353,29.591002243589745,36.66261294617442,40.710710000000006,44.202764530980545
4,26.51,29.591002243589745,35.91241989099648,39.42434000000001,44.07635042721052
4,26.67,29.591002243589745,35.550998426200984,40.712340000000026,43.7540187644775
4,26.826,29.591002243589745,33.24598249666998,41.483420000000024,42.54896023275331
4,26.983,29.591002243589745,35.26624221894849,41.839749999999974,41.63535431503357
4,27.139,29.591002243589745,36.86843528805707,43.20076999999998,41.46958989256784
4,27.298,29.591002243589745,35.45417809790406,42.96951,41.30568350338958
4,27.454,29.591002243589745,35.99335302928791,43.79318000000003,42.35635264655687
4,27.63,29.591002243589745,38.61336553810132,44.34876,42.26199168638191
4,27.77,29.591002243589745,35.67620035124254,45.184940000000005,42.661999940158424
4,15.264,29.591002243589745,37.080216835592985,39.812390000000015,44.73362755538594
4,16.178,29.591002243589745,31.1376226130279,38.35185000000001,45.150146022310565
4,17.091,29.591002243589745,34.753951406455215,38.87973000000002,44.680760253578576
4,18.008,29.591002243589745,37.32774495411465,38.56878000000002,45.158840591170375
4,19.042,29.591002243589745,32.70384069257284,37.292610000000025,45.454678590622024
4,19.829,29.591002243589745,32.805834771540155,38.266120000000015,45.792702235748834
4,20.744,29.591002243589745,30.435181540007676,37.997720000000015,44.55448617265524
4,21.657,29.591002243589745,36.803770704762215,37.693980000000025,43.75076332717841
4,22.575,29.591002243589745,32.02883402519472,37.83929000000002,42.93191696836383
4,23.48,29.591002243589745,34.056126618912366,37.62359000000002,43.70015674774997
4,24.392,29.591002243589745,35.969602215596005,38.79537000000001,43.920514080354806
4,26.012,29.591002243589745,34.81392838331482,39.53947000000001,42.33977410309661
4,26.218,29.591002243589745,36.941833568183355,39.59832000000002,44.159650016182646
4,26.353,29.591002243589745,34.893047778934914,39.17112000000001,44.25833166413866
4,26.51,29.591002243589745,34.82818497142797,41.44270000000003,43.86263264855097
4,26.67,29.591002243589745,35.756860138407134,40.30505000000002,43.70280825702259
4,26.826,29.591002243589745,34.55560786333896,41.496790000000026,42.9506367153854
4,26.983,29.591002243589745,37.11780103348768,42.368629999999996,42.516351823081436
4,27.139,29.591002243589745,36.19442360917022,42.941829999999975,42.2530602805748
4,27.298,29.591002243589745,36.17834603981143,41.736220000000024,41.59930866131931
4,27.454,29.591002243589745,37.07118826044105,44.163190000000014,42.21130182411594
4,27.63,29.591002243589745,35.83576003294152,44.70089999999999,42.00140265878489
4,27.77,29.591002243589745,34.70190704789824,46.09747999999999,41.95143580909582
4,15.264,29.591002243589745,36.85926413608227,39.11587000000002,44.43468191962457
4,16.178,29.591002243589745,32.18932305195399,38.648350000000036,44.29900860462032
4,17.091,29.591002243589745,34.32010379949542,39.30532000000001,44.61514102383808
4,18.008,29.591002243589745,35.049021591296984,38.578689999999995,45.422981792990974
4,19.042,29.591002243589745,35.65443177619284,38.806700000000006,44.903916011655014
4,19.829,29.591002243589745,35.711997764360866,38.71596000000001,44.671455998147856
4,20.744,29.591002243589745,32.25420066208442,38.41179,43.3974736408155
4,21.657,29.591002243589745,35.36096702878295,37.79289000000002,44.397260183614215
4,22.575,29.591002243589745,31.20918988484052,37.265080000000026,43.38464135459268
4,23.48,29.591002243589745,33.91055228042959,37.63015000000003,43.341251092233705
4,24.392,29.591002243589745,34.787499879982725,39.40303,43.277948670890765
4,26.012,29.591002243589745,35.35918082444802,39.001300000000015,43.12670285836362
4,26.218,29.591002243589745,36.34106976749855,41.31889000000001,43.44887073541918
4,26.353,29.591002243589745,32.92464791533936,39.42736000000003,43.64337607381773
4,26.51,29.591002243589745,35.62290372335857,40.58556000000001,44.129322478424406
4,26.67,29.591002243589745,34.91233535658856,39.760020000000026,44.3328225698568
4,26.826,29.591002243589745,34.90938598606678,41.87212000000004,43.5297376823055
4,26.983,29.591002243589745,38.2740021740962,43.18302,42.612642608618685
4,27.139,29.591002243589745,38.28357647149839,43.37336999999998,42.42706378619238
4,27.298,29.591002243589745,34.74736083799347,44.495200000000004,42.41328036551504
4,27.454,29.591002243589745,36.218517810137726,44.266010000000016,42.34659138755983
4,27.63,29.591002243589745,36.49287972450973,44.40347999999999,41.41277236590518
4,27.77,29.591002243589745,36.93549629505956,46.21236000000001,41.94233405331236
5,40.91,28.622986597549477,32.84466585610631,28.108779999999996,27.40724344255569
5,41.067,28.622986597549477,36.62210629510679,26.139249999999997,30.13201704029983
5,41.296,28.622986597549477,33.48239698725807,33.95205,31.8020667207866
5,41.523,28.622986597549477,32.907319627234685,30.050429999999988,30.753550032834898
5,41.752,28.622986597549477,33.19278834359753,26.94816000000001,28.35044739214609
5,41.98,28.622986597549477,36.99192707665869,28.833060000000003,30.770142526070526
5,42.232,28.622986597549477,32.290619070335566,28.24594,29.808212981348614
5,42.484,28.622986597549477,32.1842142511386,33.77301999999998,32.75283602000658
5,42.737,28.622986597549477,34.39113880186285,31.046320000000016,30.59060671118717
5,42.989,28.622986597549477,33.93098820495649,30.48167000000002,30.588725991276554
5,43.244,28.622986597549477,34.45832606008766,28.529680000000003,29.947093819888014
5,43.495,28.622986597549477,32.60885921572441,30.78455000000001,30.85577236394607
5,43.749,28.622986597549477,32.36714717830961,27.739810000000006,28.66034559280719
5,44.0,28.622986597549477,37.44482706427772,30.46761999999999,31.373766755343844
5,44.253,28.622986597549477,34.18091973967661,33.029040000000016,31.55328725126426
5,44.503,28.622986597549477,33.02215289150693,32.567460000000004,33.014358885119556
5,44.761,28.622986597549477,33.503615999861935,34.467699999999994,32.45089020347589
5,39.469,28.622986597549477,33.205864799465445,30.31594999999999,29.84042975478262
5,39.696,28.622986597549477,29.69647351026414,30.896299999999997,28.3949336125231
5,39.925,28.622986597549477,35.38521339377623,26.927749999999996,29.262539160304733
5,40.155,28.622986597549477,32.14361289417844,24.968739999999997,28.610751237305614
5,40.383,28.622986597549477,33.63806744456881,29.479659999999996,28.30269206288733
5,40.61,28.622986597549477,32.94919157749591,26.692339999999998,28.70249828437503
5,40.84,28.622986597549477,34.08683503935084,25.218770000000003,28.96914357276632
5,40.91,28.622986597549477,35.459997603137154,31.234259999999992,30.692277514236736
5,39.24,28.622986597549477,30.630962933236333,28.686759999999982,27.20095297008526
5,40.91,28.622986597549477,32.04556749636337,28.93862,29.74647132935423
5,41.067,28.622986597549477,31.66911096709169,28.568219999999997,28.857349896733492
5,41.296,28.622986597549477,30.120072476930158,29.354179999999996,29.294094798080415
5,41.523,28.622986597549477,32.6396522360648,28.647520000000014,29.217773237603346
5,41.752,28.622986597549477,33.862743294123916,30.113100000000017,30.414063413035038
5,41.98,28.622986597549477,33.5642042587877,29.459769999999995,29.759297948043447
5,42.232,28.622986597549477,34.623765744531795,32.700509999999994,30.577435523135993
5,42.484,28.622986597549477,31.50307007840159,32.658980000000014,30.47289260145232
5,42.737,28.622986597549477,31.85451507327175,30.834920000000007,30.574910930704277
5,42.989,28.622986597549477,35.63165903559811,30.33044,30.888093403385653
5,43.244,28.622986597549477,31.338924803130997,29.68566,30.13321224018295
5,43.495,28.622986597549477,33.44736301683682,32.354560000000035,30.502364525149304
5,43.749,28.622986597549477,37.16131722235572,30.733160000000012,30.750374097477724
5,44.0,28.622986597549477,30.294255917634683,30.03165,28.977164063978275
5,44.253,28.622986597549477,34.59352286006401,31.9716,31.081342742235915
5,44.503,28.622986597549477,31.568168770414132,28.42840000000001,30.755455555626664
5,44.761,28.622986597549477,35.790586952165235,32.285289999999996,30.461622410120963
5,39.469,28.622986597549477,29.281944148028042,24.621719999999993,26.248233883640168
5,39.696,28.622986597549477,32.642053986730794,28.767109999999988,28.047730784294902
5,39.925,28.622986597549477,33.437059277767155,28.470719999999993,28.376061955066593
5,40.155,28.622986597549477,32.33211704768498,26.838849999999997,28.653305716215634
5,40.383,28.622986597549477,33.12530203798625,25.524439999999995,28.31099294708563
5,40.61,28.622986597549477,31.308403207528798,32.720089,28.44854708261222
5,40.84,28.622986597549477,31.160743509712514,31.314340000000012,29.288417272266177
5,40.91,28.622986597549477,35.16576184732293,29.98525999999999,30.82684092866751
5,39.24,28.622986597549477,31.219863961017115,31.218510000000002,26.893702610835952
5,40.91,28.622986597549477,31.196996180383042,26.097289999999997,28.504464049808618
5,41.067,28.622986597549477,31.386643670971687,30.183629999999983,29.288846011786255
5,41.296,28.622986597549477,32.04635837480561,28.29159000000001,29.18832422792228
5,41.523,28.622986597549477,34.60938868128651,29.734689999999983,30.767073560605116
5,41.752,28.622986597549477,38.64892512492497,31.983790000000013,29.474540255856564
5,41.98,28.622986597549477,33.96814243065294,30.63647000000001,31.483269956259587
5,42.232,28.622986597549477,34.971887447404534,27.6838,28.636564495935275
5,42.484,28.622986597549477,33.516503234751156,30.309910000000013,30.1052846053804
5,42.737,28.622986597549477,33.293486933201066,31.534260000000017,29.924211126880426
5,42.989,28.622986597549477,36.192689323260254,30.81824000000001,30.460648995881343
5,43.244,28.622986597549477,32.999912507020085,30.687100000000015,31.107672120384603
5,43.495,28.622986597549477,36.731703958016766,30.06295999999999,31.346291880267255
5,43.749,28.622986597549477,34.60159265944134,33.29869000000002,30.039822802691546
5,44.0,28.622986597549477,33.33164962291869,29.635869999999997,31.600472718908122
5,44.253,28.622986597549477,34.38159027979763,30.68422,29.984159258791763
5,44.503,28.622986597549477,32.6552776931618,27.402679999999997,29.45450057456386
5,44.761,28.622986597549477,33.98987912862079,29.339460000000017,29.329749977701663
5,39.469,28.622986597549477,30.610911703086835,24.627349999999996,27.8353663931553
5,39.696,28.622986597549477,31.48946047221724,20.817499999999992,27.05212714830514
5,39.925,28.622986597549477,34.8257749745446,30.578450000000004,29.535961037181263
5,40.155,28.622986597549477,31.28007447581715,26.55241,28.67247577098192
5,40.383,28.622986597549477,30.949577781436837,26.347799999999996,28.275247993685124
5,40.61,28.622986597549477,32.22283845872196,23.96112999999999,28.188916876441006
5,40.84,28.622986597549477,33.04384224017026,23.739069999999998,28.006281693204325
5,40.91,28.622986597549477,33.91996283793735,27.45771,27.614136853347254
5,39.24,28.622986597549477,32.766976791771775,23.511589999999988,26.661641905490097
5,40.91,28.622986597549477,33.3826376965229,26.331850000000014,28.914628591198436
5,41.067,28.622986597549477,33.35800950915706,31.505809999999997,30.786253873263714
5,41.296,28.622986597549477,28.998031549551637,29.782819999999997,30.078421169571204
5,41.523,28.622986597549477,32.60812333705513,30.27216999999999,31.584196442330786
5,41.752,28.622986597549477,31.396803645304637,26.909690000000005,28.06229245145036
5,41.98,28.622986597549477,34.163299396705526,28.81462000000001,29.414258819990824
5,42.232,28.622986597549477,32.58258428675942,29.494600000000013,29.811201560155627
5,42.484,28.622986597549477,32.26306184979951,32.218540000000004,30.1052846053804
5,42.737,28.622986597549477,34.47732754187524,31.56849000000001,30.463931408347232
5,42.99,28.622986597549477,32.44253965187478,30.710270000000005,30.65183428795275
5,43.244,28.622986597549477,30.789334619622696,30.24814000000003,30.75711920667212
5,43.495,28.622986597549477,32.76648455261937,29.54225000000002,31.646533980675198
5,43.749,28.622986597549477,32.510864333398644,33.95516000000002,30.901793398312513
5,44.0,28.622986597549477,33.56806297580597,32.52198999999998,31.427706003423847
5,44.253,28.622986597549477,33.002830874443035,29.24040000000002,29.922429137734127
5,44.503,28.622986597549477,34.26882731101386,30.998259999999988,33.230769587521756
5,44.761,28.622986597549477,32.021179848876194,31.038580000000014,29.555807523383695
5,39.469,28.622986597549477,30.384251704111765,26.1123,27.465234154638576
5,39.696,28.622986597549477,31.35256529013402,26.77845,28.87991532969567
5,39.925,28.622986597549477,33.34862726051008,26.69336999999999,27.474507586688667
5,40.155,28.622986597549477,32.57542386681933,26.960979999999996,28.61295652518726
5,40.383,28.622986597549477,32.18881981701418,25.41773999999999,28.320282952117424
5,40.61,28.622986597549477,35.523038797388665,30.90685000000001,27.836281069302142
5,40.84,28.622986597549477,31.89699584583655,24.416880000000003,28.067514034873643
5,40.91,28.622986597549477,33.01385464941693,24.739580000000004,28.631674172081077
5,39.24,28.622986597549477,32.37628667792581,26.330910000000006,26.927333983572446
5,40.91,28.622986597549477,31.4928677985899,28.925390000000004,29.18694938890774
5,41.067,28.622986597549477,33.527051120959776,29.064079999999993,30.243546776024647
5,41.296,28.622986597549477,30.411657740775933,28.13437,29.89790704117307
5,41.523,28.622986597549477,33.43216686858707,27.61538000000002,29.682945803488344
5,41.752,28.622986597549477,33.63723998249985,28.09206,28.774925073996847
5,41.98,28.622986597549477,33.60830078313525,28.350620000000006,29.186959383384355
5,42.232,28.622986597549477,33.11343953641263,28.04827,28.844632181639177
5,42.484,28.622986597549477,31.346523641470466,30.955690000000015,30.623310794926436
5,42.737,28.622986597549477,31.85469981279259,30.24835000000002,29.966118695395362
5,42.99,28.622986597549477,37.13733552267986,30.668089999999996,30.565893365418486
5,43.244,28.622986597549477,30.994685881583457,28.038770000000017,29.947093819888014
5,43.495,28.622986597549477,35.94400466165141,28.740500000000015,29.63579602183905
5,43.749,28.622986597549477,34.18354100650174,29.85767999999999,30.48210309486983
5,44.0,28.622986597549477,32.3325485913527,27.74260000000001,29.382307962031707
5,44.253,28.622986597549477,35.59088748485532,32.117010000000015,31.373766755343844
5,44.503,28.622986597549477,35.31166187008232,31.157369999999993,32.06710795203982
5,44.761,28.622986597549477,33.88291339340866,32.274800000000006,30.702422736083097
5,39.469,28.622986597549477,29.18680287123673,29.014579999999988,27.529558286704745
5,39.696,28.622986597549477,31.39783956129543,26.83263999999999,26.455238637780127
5,39.925,28.622986597549477,35.05624321622105,27.97086999999999,28.85069831402702
5,40.155,28.622986597549477,31.043801748219515,30.722099999999983,28.71696371044528
5,40.383,28.622986597549477,33.40011438355073,28.16829000000001,29.122648935710593
5,40.61,28.622986597549477,32.35097468621403,26.3869,28.41856714485963
5,40.84,28.622986597549477,32.88275924813844,24.14662999999999,29.60700030485045
5,40.91,28.622986597549477,32.95916374888427,25.777290000000008,28.2787557817357
5,39.24,28.622986597549477,32.78454002813695,23.71345999999999,27.103076775089914
5,40.91,28.622986597549477,33.60712590577786,26.609839999999995,30.38081926257735
5,41.067,28.622986597549477,36.830067344278575,30.72344000000001,28.202775721906054
5,41.296,28.622986597549477,33.868404896241316,27.586880000000004,29.164223731655483
5,41.523,28.622986597549477,35.35028857517787,29.304490000000015,28.48709545317025
5,41.752,28.622986597549477,35.36274092216638,29.90885,28.930467687387722
5,41.98,28.622986597549477,33.874092319577315,30.137809999999995,29.80559043990009
5,42.232,28.622986597549477,33.56739629867969,29.37777,29.45053717065661
5,42.484,28.622986597549477,33.41535601375275,32.563779999999994,31.16794836589613
5,42.737,28.622986597549477,31.90449548956056,36.02716,29.996213955817367
5,42.99,28.622986597549477,33.75799892331282,28.60474000000001,30.31824169891007
5,43.244,28.622986597549477,32.62713748958603,30.20495,31.30827272249688
5,43.496,28.622986597549477,30.761883129925184,32.86234000000001,30.57961206638711
5,43.749,28.622986597549477,36.46753920179222,29.984979999999986,30.74127842697875
5,44.0,28.622986597549477,32.52175676961658,30.353730000000006,30.064417996173376
5,44.253,28.622986597549477,33.461496453258604,29.313140000000008,29.986764113826926
5,44.503,28.622986597549477,34.344410201372185,31.932090000000013,31.854875005569628
5,44.761,28.622986597549477,35.15439147462965,32.15331000000001,31.445525356946167
5,39.469,28.622986597549477,37.25976010563427,24.882210000000004,26.570050801462116
5,39.696,28.622986597549477,30.964015093750156,21.082590000000003,26.431444462438655
5,39.925,28.622986597549477,33.60082308365591,24.132369999999987,26.95305516359878
5,40.155,28.622986597549477,29.968904949606895,29.554830000000003,28.76201599749789
5,40.383,28.622986597549477,32.186336820489764,25.92483999999999,27.20884400181092
5,40.61,28.622986597549477,32.68363560879061,21.936700000000002,26.541814930780863
5,40.84,28.622986597549477,32.45065425632418,27.48225,28.841359304584536
5,40.91,28.622986597549477,33.13463421903314,27.171080000000003,28.500466482697412
5,39.24,28.622986597549477,31.354858935217017,24.127549999999996,26.662615439236077
6,39.059,29.25406615761689,31.462884548199472,27.761409999999984,24.027457809732876
6,39.136,29.25406615761689,29.91757943890625,24.86706099999999,21.94983751161967
6,39.212,29.25406615761689,34.53139122849137,28.027729000000004,24.361859079675135
6,39.289,29.25406615761689,31.22277330904446,28.38277299999998,20.449770805121855
6,39.366,29.25406615761689,28.91104776950009,23.856515000000005,21.354988292605704
6,39.443,29.25406615761689,28.53563706883493,26.602757999999994,20.905306695101313
6,39.52,29.25406615761689,33.01481129932473,27.263019999999972,24.39089748631026
6,39.597,29.25406615761689,25.11302724002854,19.623342000000008,23.06442832146246
6,39.674,29.25406615761689,30.231711956743865,26.37427899999997,25.741730045956658
6,39.751,29.25406615761689,29.436629023088326,21.191985999999996,20.31180329954274
6,39.828,29.25406615761689,27.653637650020038,23.926686999999998,22.185362973225057
6,39.905,29.25406615761689,27.873563676958984,20.915671000000007,24.703091124352053
6,39.982,29.25406615761689,29.335410455948562,26.739226999999985,22.807637951213493
6,40.356,29.25406615761689,29.665105841727293,24.603910999999997,25.33317294309075
6,40.822,29.25406615761689,28.96415549679798,26.040114,22.0074954440807
6,41.289,29.25406615761689,24.564155016366907,19.763998000000004,21.46661418640369
6,41.755,29.25406615761689,28.61974841342223,22.869212999999995,23.079060402464805
6,42.222,29.25406615761689,26.35714702741799,21.92711,25.433170032851418
6,42.689,29.25406615761689,30.94780325843781,27.857099999999992,28.307033742496436
6,43.156,29.25406615761689,31.938569255319234,25.94612999999998,21.844514003944916
6,43.622,29.25406615761689,30.974761597271268,26.42095099999998,25.47951082236922
6,44.089,29.25406615761689,32.78325002625808,27.356137999999998,27.839846860702835
6,44.556,29.25406615761689,29.050005822307636,25.50845799999999,22.97387815159565
6,45.022,29.25406615761689,30.909770348916673,23.077158000000008,24.298594884894126
6,45.489,29.25406615761689,32.35628440596206,27.022248,27.229232086906872
6,45.956,29.25406615761689,32.23335540284658,29.575590000000002,27.257063805935402
6,39.059,29.25406615761689,27.080637998609728,27.322503,23.32442332992316
6,39.136,29.25406615761689,30.71709110615853,27.48566799999998,24.217112810870216
6,39.212,29.25406615761689,33.6808200637837,27.530438999999987,25.515807338130163
6,39.289,29.25406615761689,30.28640119259231,26.594634,23.074468833350064
6,39.366,29.25406615761689,29.544807328537786,26.83288900000001,24.558421401750078
6,39.443,29.25406615761689,28.44718609497423,27.48901899999999,22.795307902593997
6,39.52,29.25406615761689,32.570913038152284,27.104939999999978,23.720185294759297
6,39.597,29.25406615761689,28.074982082674943,23.323896,21.725987827939193
6,39.674,29.25406615761689,31.727841749325343,26.55784299999998,25.366175299993433
6,39.751,29.25406615761689,24.964001490355038,20.019116,20.492330850918332
6,39.828,29.25406615761689,28.85299541839855,25.202117999999988,22.357775324051556
6,39.905,29.25406615761689,28.89859618090833,25.41115299999999,23.672774189055918
6,39.982,29.25406615761689,28.034524989340493,23.305561,24.9995270187292
6,40.356,29.25406615761689,30.182162830768394,24.180064999999995,25.359350194390498
6,40.822,29.25406615761689,30.484063895268946,25.658160999999993,25.834452877088268
6,41.289,29.25406615761689,26.551177530571707,24.454900000000006,25.2982824324259
6,41.755,29.25406615761689,27.811723729599795,26.135133999999972,23.72232983595945
6,42.222,29.25406615761689,34.77354436309029,29.793739999999985,27.940431235291804
6,42.689,29.25406615761689,29.566360923857687,26.085223999999993,24.217119322666488
6,43.156,29.25406615761689,29.662069811280624,25.90527699999999,22.995568744848427
6,43.622,29.25406615761689,32.385197898058095,27.072771999999983,27.480764591574047
6,44.089,29.25406615761689,30.415917304976,27.026100999999993,25.788494216529724
6,44.556,29.25406615761689,29.727452946161737,26.23177499999999,23.026942467290425
6,45.022,29.25406615761689,29.482041253632435,22.270413999999995,22.32692077236729
6,45.489,29.25406615761689,30.445207070614735,24.896394,23.669132757189654
6,45.956,29.25406615761689,30.573057876307868,25.465279000000006,23.48841738391518
6,39.059,29.25406615761689,28.383605171227657,26.046454999999987,24.271931180290043
6,39.136,29.25406615761689,26.703963174479792,26.71476999999998,24.75079266635807
6,39.212,29.25406615761689,31.93315709176591,26.926906999999996,24.59899376683454
6,39.289,29.25406615761689,27.88568690699048,26.761805999999993,23.68382569951095
6,39.366,29.25406615761689,27.87100571739487,25.671896,23.947068463508202
6,39.443,29.25406615761689,29.93587953117815,28.427639999999993,24.939194970775734
6,39.52,29.25406615761689,32.07815218178758,27.857629999999983,23.58316757635906
6,39.597,29.25406615761689,29.96477193601765,27.122136999999984,24.214450599406117
6,39.674,29.25406615761689,30.228127131295402,25.646179999999987,26.07970176219105
6,39.751,29.25406615761689,27.300725923546242,25.402525999999995,22.231496369253577
6,39.828,29.25406615761689,27.54510046169227,25.646792000000005,20.98125144604871
6,39.905,29.25406615761689,25.633506838883005,21.177172999999993,21.122750591050913
6,39.982,29.25406615761689,27.936230374375683,26.49530799999998,25.727748911912236
6,40.356,29.25406615761689,28.280737094985337,24.930567999999994,24.100049935747684
6,40.822,29.25406615761689,28.48654274169396,22.796231000000006,25.95851975882073
6,41.289,29.25406615761689,26.974550848105643,23.425047,24.50876795419404
6,41.755,29.25406615761689,28.81584959640123,24.969739000000015,24.95367592776186
6,42.222,29.25406615761689,31.220133329174335,26.562283999999995,24.33729475829552
6,42.689,29.25406615761689,28.15030543131276,25.466182000000003,25.76723268585191
6,43.156,29.25406615761689,29.830668911152664,23.631519000000008,22.37835737785299
6,43.622,29.25406615761689,29.9586880344416,25.90695799999999,26.09420974567952
6,44.089,29.25406615761689,30.462068974916825,26.791767999999994,25.15279010955472
6,44.556,29.25406615761689,30.65990294551128,27.092170999999993,24.409604426448055
6,45.022,29.25406615761689,28.397424487172565,22.613479999999996,22.4506634674648
6,45.489,29.25406615761689,33.43498795020791,27.326512999999988,27.18584843223716
6,45.956,29.25406615761689,31.863407632126528,25.655670999999984,22.928118576978267
6,39.059,29.25406615761689,26.681426988338764,25.325848999999995,22.853274902860772
6,39.136,29.25406615761689,27.074771011123158,27.403701999999996,22.503080553579935
6,39.213,29.25406615761689,30.456811186754937,26.642935999999995,23.681433936964105
6,39.289,29.25406615761689,26.946487780245022,25.619646999999997,20.3150031505163
6,39.366,29.25406615761689,28.927685844088856,26.938138999999996,22.92375920413755
6,39.443,29.25406615761689,26.943363967441606,24.219278,19.971467750706857
6,39.52,29.25406615761689,32.418099451341206,27.460909999999977,23.323451475945582
6,39.597,29.25406615761689,28.809053311133386,24.190869999999986,21.48278162301943
6,39.674,29.25406615761689,28.960514202433156,24.708924999999994,21.79687287359899
6,39.751,29.25406615761689,26.51389062712543,22.609804,24.664476015068235
6,39.828,29.25406615761689,27.233247234289458,21.136575000000004,22.3554600628778
6,39.905,29.25406615761689,29.080907306772474,22.732069000000003,25.380016534737443
6,39.982,29.25406615761689,27.33465490234193,24.116640999999994,25.17195245619433
6,40.356,29.25406615761689,29.60101079832971,26.671480999999986,22.846584014345396
6,40.822,29.25406615761689,33.19804396708939,27.152553999999967,23.497420361022748
6,41.289,29.25406615761689,28.115309633248664,24.511128999999997,22.76953835635546
6,41.755,29.25406615761689,27.89245760504703,21.276418,21.218082315253266
6,42.223,29.25406615761689,28.158767932462528,24.509378000000005,22.251649101260256
6,42.689,29.25406615761689,27.33310537408937,21.897266000000005,23.855821900892163
6,43.156,29.25406615761689,32.36704160298415,27.00474399999999,25.44040552660085
6,43.622,29.25406615761689,33.03693996860229,27.14314,25.510424466824794
6,44.089,29.25406615761689,28.65857746782513,24.222630999999993,22.327402966461808
6,44.556,29.25406615761689,29.186613781204272,22.734606000000007,24.399826618242194
6,45.022,29.25406615761689,28.37852536500463,26.733614999999986,25.451394159815777
6,45.489,29.25406615761689,30.213078268009824,24.061376,23.673313919347958
6,45.956,29.25406615761689,32.23607987430037,22.695842999999996,22.944082319371752
6,39.059,29.25406615761689,27.972765143692797,26.965365,24.000925251365693
6,39.136,29.25406615761689,28.558687521249198,29.100409,24.67092575765533
6,39.213,29.25406615761689,34.983159083515204,27.12699599999999,25.093296012337763
6,39.289,29.25406615761689,28.254385291562915,28.422366999999987,24.464477618736506
6,39.366,29.25406615761689,28.82587973141864,27.748269999999984,25.01306896831279
6,39.443,29.25406615761689,28.51585335166613,25.419381999999995,20.491713468286132
6,39.52,29.25406615761689,31.914985480225962,27.54397999999998,24.542584611069422
6,39.597,29.25406615761689,29.914097063968708,27.35942999999998,23.614603859163857
6,39.674,29.25406615761689,27.73734005488998,24.33903799999999,26.19411737672028
6,39.751,29.25406615761689,26.955768307704748,23.001307999999998,22.096254999169684
6,39.828,29.25406615761689,27.487020318960763,23.22693599999999,20.51746809250271
6,39.905,29.25406615761689,25.259431526060816,23.19616899999999,21.762018180115106
6,39.982,29.25406615761689,28.55153793215124,23.508588999999997,26.68883806984431
6,40.356,29.25406615761689,27.8016229689071,23.821485000000003,25.058714070451398
6,40.822,29.25406615761689,30.913972423670792,27.598276999999992,24.278293635238015
6,41.289,29.25406615761689,27.593370800883868,24.513855,23.16995969032046
6,41.755,29.25406615761689,27.970768917157542,25.631255999999993,23.240125986316404
6,42.223,29.25406615761689,29.82037725807711,24.482823999999987,21.92629892773749
6,42.689,29.25406615761689,29.854818106336392,27.961006999999995,23.27399333575277
6,43.156,29.25406615761689,26.56935576698013,25.42980899999999,23.148031759527512
6,43.622,29.25406615761689,32.95024077870749,25.983649999999997,27.35432538279692
6,44.089,29.25406615761689,27.623713631773384,24.165439999999993,21.921771410373182
6,44.556,29.25406615761689,31.13120499592874,26.000145000000003,25.411216928380036
6,45.022,29.25406615761689,31.67099383760475,22.070036,23.22417564436546
6,45.489,29.25406615761689,29.49438760744059,25.273307999999997,23.3587321013694
6,45.956,29.25406615761689,31.285072688364142,25.246071999999995,22.621013647502448
6,39.059,29.25406615761689,29.065589193866398,26.94380099999998,23.982221097295678
6,39.136,29.25406615761689,31.03774191673741,28.308169999999997,24.524559523603934
6,39.213,29.25406615761689,33.60822977327378,26.406216999999998,27.41407163191743
6,39.289,29.25406615761689,30.043220418167106,27.439476999999982,24.64842254940762
6,39.366,29.25406615761689,25.4682845461058,26.778212000000003,24.52709824674218
6,39.443,29.25406615761689,30.921266887734507,26.460855999999985,23.017031556197214
6,39.52,29.25406615761689,31.680417344292096,27.09116999999999,21.281295985260062
6,39.597,29.25406615761689,28.828860869816598,26.283768999999996,23.694204881826842
6,39.674,29.25406615761689,29.045734741510312,25.08763199999998,26.232517185153192
6,39.751,29.25406615761689,27.198122163056656,21.374645,21.12240325274103
6,39.828,29.25406615761689,24.819805083414355,22.899628999999987,21.9509125800798
6,39.905,29.25406615761689,26.73887691706246,25.76336599999999,22.62035639593027
6,39.982,29.25406615761689,28.67996227250931,23.4976,26.46402295550349
6,40.356,29.25406615761689,28.754685549665627,23.313050999999994,26.217702604862072
6,40.822,29.25406615761689,28.522495736071665,24.805370000000007,25.275668657348135
6,41.289,29.25406615761689,27.244025579168543,23.077481000000002,22.056652001090683
6,41.756,29.25406615761689,27.681629100281647,26.77350999999999,25.90106438519824
6,42.223,29.25406615761689,28.696375959478868,25.54138099999999,24.108194016714414
6,42.689,29.25406615761689,28.066612323515674,22.948682000000005,22.410871688579597
6,43.156,29.25406615761689,28.291799350668025,24.649343999999996,22.016605437645904
6,43.622,29.25406615761689,32.3549634364103,27.847102000000003,26.650357905220886
6,44.089,29.25406615761689,33.61148324673935,31.072199999999988,26.643625969292216
6,44.556,29.25406615761689,28.69727015679388,24.07798299999999,23.850030894130203
6,45.022,29.25406615761689,31.44897810646919,26.233581999999988,27.516365571833227
6,45.489,29.25406615761689,30.655381161173374,27.174228,23.829535745251682
6,45.956,29.25406615761689,29.75497609366737,22.600187000000005,22.20180270681096
7,24.109,29.591002243589745,37.91472030336439,40.50444999999999,40.38949424234193
7,24.211,29.591002243589745,37.64174166233441,39.140330000000006,40.895224515801075
7,24.361,29.591002243589745,37.90354582953245,39.31407000000001,42.198449949894176
7,24.512,29.591002243589745,38.56749424076927,39.308919999999986,39.45274366102269
7,24.662,29.591002243589745,37.185983938670205,39.50019000000002,41.76838873583357
7,24.813,29.591002243589745,36.96539640450589,38.53668,42.017308440474146
7,24.963,29.591002243589745,38.36693824674424,40.292370000000005,42.075456770075895
7,24.617,29.591002243589745,36.02774562218846,41.714090000000006,41.01941908765127
7,24.111,29.591002243589745,37.48666027997013,40.634129999999985,42.21349626261013
7,23.605,29.591002243589745,38.51383333224512,42.65884000000002,42.28609256063466
7,23.099,29.591002243589745,37.73990734215471,41.932150000000036,42.11186612443727
7,22.593,29.591002243589745,36.88736498883601,41.99030000000002,42.8255976580345
7,22.085,29.591002243589745,37.69504639156265,41.51658999999998,43.56953718667031
7,21.583,29.591002243589745,36.03836089714132,43.580449999999985,44.36691034388319
7,21.077,29.591002243589745,35.93549165260971,44.56082999999999,43.88710772520557
7,20.572,29.591002243589745,34.89406678992401,45.21171999999999,43.633760467637956
7,20.063,29.591002243589745,38.017448285761446,43.50881999999999,43.82190979453072
7,19.556,29.591002243589745,40.14073644884937,44.50566000000001,43.47751030343087
7,19.051,29.591002243589745,42.0210822676728,41.876860000000015,44.22509957246539
7,23.156,29.591002243589745,35.69951360194023,40.275589999999994,39.30097444696268
7,23.308,29.591002243589745,35.0610576643745,38.827650000000006,39.746758481172776
7,23.458,29.591002243589745,35.80607170144174,39.102280000000015,40.14688366322225
7,23.609,29.591002243589745,34.33155399687564,40.35509000000001,39.454888587735404
7,23.759,29.591002243589745,37.53855807799854,38.99762999999999,40.27182262189641
7,23.91,29.591002243589745,35.765403918296386,39.398389999999985,39.88387755657935
7,24.082,29.591002243589745,34.10211320666875,39.43759000000002,40.14741525353225
7,24.108,29.591002243589745,32.92041009106549,40.95893000000002,35.42999296730697
7,24.109,29.591002243589745,34.08307523795803,40.90047999999998,40.50840630217865
7,24.211,29.591002243589745,36.41400167620764,38.636780000000016,41.469241925361246
7,24.361,29.591002243589745,36.253016117498035,39.04835000000002,42.1784115404293
7,24.512,29.591002243589745,36.857706611827446,39.84693000000001,41.530094567696665
7,24.662,29.591002243589745,34.26523324302359,39.57386,40.91596188032473
7,24.813,29.591002243589745,38.30917822279819,39.957260000000005,42.14720339458267
7,24.963,29.591002243589745,36.27056481357386,39.32524,41.16472436634733
7,24.617,29.591002243589745,35.459786721568655,41.01003000000002,41.32995262120765
7,24.111,29.591002243589745,35.748839431274995,42.47298000000001,41.48105747513063
7,23.605,29.591002243589745,39.078454880237025,42.019940000000034,42.23146052060042
7,23.099,29.591002243589745,36.78483711285343,42.10500000000002,42.48840550414926
7,22.593,29.591002243589745,38.58455260143595,42.78260000000001,42.6580188856868
7,22.085,29.591002243589745,34.963741101032994,43.22448,43.003237939693044
7,21.583,29.591002243589745,37.833883129752586,43.67535,44.10350657673769
7,21.077,29.591002243589745,35.07334543229755,44.91757999999997,43.39097480914942
7,20.571,29.591002243589745,34.25800769469401,44.712079999999986,43.17680434890814
7,20.063,29.591002243589745,37.99237747366298,42.31022,43.8412415127399
7,19.556,29.591002243589745,36.242333166972685,45.422790000000006,43.1181573914129
7,19.051,29.591002243589745,35.54938604436083,45.57302,43.3876406298097
7,23.156,29.591002243589745,35.514376784608224,37.543500000000016,39.08079126549594
7,23.308,29.591002243589745,35.281662059946015,39.901160000000004,40.78364620246829
7,23.458,29.591002243589745,34.899954348742035,39.58109000000003,40.22295836589315
7,23.609,29.591002243589745,33.69979082005824,39.96316000000001,39.6583811965483
7,23.759,29.591002243589745,33.17523555175184,39.74779,39.06048056390246
7,23.91,29.591002243589745,34.20247524913588,39.358959999999996,39.562380312942295
7,24.082,29.591002243589745,35.21998367845309,38.491189000000006,40.226476048407584
7,24.108,29.591002243589745,32.49815106483807,40.88336000000001,40.15366958859755
7,24.109,29.591002243589745,35.402316417235504,40.30402999999999,41.203695630489385
7,24.211,29.591002243589745,35.63230997379609,38.827619999999996,41.255250073297574
7,24.361,29.591002243589745,36.4154640502734,38.94117000000002,42.23314034966443
7,24.512,29.591002243589745,37.393734772342384,38.77636,41.69396331301255
7,24.662,29.591002243589745,34.75563498177284,39.280490000000015,41.20707027626217
7,24.813,29.591002243589745,37.495632078252754,39.45677000000001,42.09421017184516
7,24.963,29.591002243589745,37.64346837174132,40.730879999999985,44.191231094413816
7,24.617,29.591002243589745,36.055104975335624,40.52568000000001,41.64028857821774
7,24.111,29.591002243589745,37.08577827791922,41.77856000000001,42.615459756495376
7,23.605,29.591002243589745,35.35364646337019,41.835270000000016,42.08471278921773
7,23.099,29.591002243589745,35.96753103154322,41.22950000000004,42.26744466434334
7,22.593,29.591002243589745,37.76197288359623,42.215800000000016,42.933959601221126
7,22.085,29.591002243589745,36.38818805130011,42.389340000000004,44.12164053695708
7,21.583,29.591002243589745,36.51400371335556,42.843849999999975,44.23852087116386
7,21.077,29.591002243589745,36.39142857407815,44.073449999999994,43.527701781221886
7,20.571,29.591002243589745,33.468109962029835,45.245729999999995,42.937620585659964
7,20.062,29.591002243589745,37.27115111055392,45.70838,43.93870675763849
7,19.556,29.591002243589745,36.73845238142845,43.93111999999999,43.35197334939807
7,19.051,29.591002243589745,37.0777867723734,44.64488999999999,44.2942533921949
7,23.156,29.591002243589745,34.11703645854081,38.84197000000002,39.54468888049651
7,23.308,29.591002243589745,37.077505152043784,39.178560000000004,40.59596040027183
7,23.458,29.591002243589745,34.302180908961944,39.86351000000001,39.48622850887811
7,23.609,29.591002243589745,35.59507251508484,39.55270000000002,40.73454585401391
7,23.759,29.591002243589745,35.99112542676214,39.47659000000001,40.67449225825253
7,23.91,29.591002243589745,34.988196150857384,39.45689000000001,40.743313255720956
7,24.082,29.591002243589745,34.92287851919119,39.18687000000001,40.142569984506004
7,24.108,29.591002243589745,33.17478379189077,40.854440000000004,41.34566870535498
7,24.109,29.591002243589745,35.36697003838696,39.86055000000001,40.66655068163693
7,24.211,29.591002243589745,36.09702755499938,39.29850000000001,41.37261377939364
7,24.361,29.591002243589745,36.08497660936909,38.58182999999999,41.99081138935693
7,24.512,29.591002243589745,36.977528968189034,39.699230000000014,42.11943976803043
7,24.662,29.591002243589745,36.15737546442943,39.87321000000001,41.24329062658522
7,24.813,29.591002243589745,37.479175142110854,39.60103000000001,41.8819346608782
7,24.964,29.591002243589745,37.555131897102825,40.25545000000001,41.861525829755635
7,24.617,29.591002243589745,36.881666784861636,40.71585000000001,41.94570482666268
7,24.111,29.591002243589745,34.9946899639137,41.36473999999999,42.09470887600236
7,23.605,29.591002243589745,35.516396021203654,42.143020000000014,41.490928670667934
7,23.099,29.591002243589745,37.527501779995845,39.25012000000001,41.4737389405466
7,22.593,29.591002243589745,36.3478561954524,42.902060000000034,42.13148350498132
7,22.085,29.591002243589745,34.34455730651231,43.71084999999999,43.54825992549792
7,21.583,29.591002243589745,35.76463577583562,43.10135999999998,42.801039409829166
7,21.077,29.591002243589745,34.317250541319794,42.86384,43.3757401445606
7,20.571,29.591002243589745,35.270163789406375,44.166139999999984,43.13562862177954
7,20.062,29.591002243589745,35.51040777579396,46.185159999999975,43.07194161309907
7,19.556,29.591002243589745,37.03681923317109,46.30184999999997,43.44042850919817
7,19.051,29.591002243589745,37.75088297205007,44.19435999999998,44.37388695727159
7,23.156,29.591002243589745,34.53219438029276,38.528650000000006,39.14499570165743
7,23.308,29.591002243589745,35.60393727703415,38.19092000000001,39.218133977957564
7,23.458,29.591002243589745,35.42871067590203,38.840510000000016,39.197174459783014
7,23.609,29.591002243589745,35.01104888927173,38.832020000000014,39.336735268166144
7,23.759,29.591002243589745,34.44305887692067,37.4662,39.06074220097567
7,23.91,29.591002243589745,34.528774834863945,38.40016,39.41957801724171
7,24.082,29.591002243589745,36.20170009931153,39.085530000000006,40.566163911041286
7,24.108,29.591002243589745,35.357855105774796,39.79716999999998,41.13595208189395
7,24.211,29.591002243589745,36.56017683419116,39.368510000000015,41.12160469822433
7,24.361,29.591002243589745,38.36784282707429,39.31946999999998,41.5667391179581
7,24.512,29.591002243589745,35.88089876643981,39.269400000000026,40.862412108874956
7,24.662,29.591002243589745,33.98612105240867,39.17609000000001,40.573635010015366
7,24.813,29.591002243589745,39.32355176605181,40.325449999999975,41.913784072043924
7,24.964,29.591002243589745,36.75095830493966,40.28979000000001,41.06053551966035
7,24.617,29.591002243589745,35.89353212897483,41.234760000000016,41.55585074827982
7,24.111,29.591002243589745,35.98978596005578,42.83813000000002,42.10188096256989
7,23.605,29.591002243589745,37.256362746122825,41.58360000000002,42.09767565002168
7,23.099,29.591002243589745,38.80018866269062,41.75615,42.04844144832628
7,22.593,29.591002243589745,37.87083420606402,42.73616000000002,43.61963721339448
7,22.085,29.591002243589745,35.96923471184706,43.27913999999999,44.27405724168355
7,21.583,29.591002243589745,37.18292919663359,43.864990000000006,43.99167880885238
7,21.077,29.591002243589745,34.96678575099973,44.35138,43.55596729688466
7,20.571,29.591002243589745,36.508553109552096,44.10240999999999,44.03032541345365
7,20.062,29.591002243589745,38.796682995403025,45.15857999999999,44.24485371484937
7,19.556,29.591002243589745,38.22079773986159,43.518370000000004,43.87696147119289
7,19.05,29.591002243589745,36.10561219602256,44.69142,44.39084919174409
7,23.156,29.591002243589745,37.291273613460795,40.10507000000001,39.924781700296634
7,23.308,29.591002243589745,35.87825350025679,38.86300000000002,40.86210746256732
7,23.458,29.591002243589745,35.20271910329296,38.88216000000003,40.398969914493414
7,23.609,29.591002243589745,33.76128291136376,38.69695000000001,40.0660695329363
7,23.759,29.591002243589745,34.30038252258203,38.47417,40.71105099591145
7,23.91,29.591002243589745,35.65565193879358,38.26012999999998,40.55106723960239
7,24.082,29.591002243589745,34.50724803474609,38.94411,40.467557052068564
7,24.108,29.591002243589745,38.18303517909451,39.632769999999965,41.617912179461335
7,24.109,29.591002243589745,37.303060733174945,40.26222999999999,41.47668316788833
7,24.211,29.591002243589745,34.0578515341816,40.163309999999996,39.865325218979656
7,24.361,29.591002243589745,36.35855147910648,39.44470000000002,41.914030816260464
7,24.512,29.591002243589745,36.098945370128305,39.160740000000004,40.82444361746537
7,24.662,29.591002243589745,34.63324811612435,39.53692,41.36503095527924
7,24.813,29.591002243589745,39.37199843136942,40.31992999999998,41.913784072043924
7,24.964,29.591002243589745,36.743552741300576,39.661180000000016,41.52179667592928
7,24.617,29.591002243589745,36.66496170162096,40.94147000000001,41.82351510662447
7,24.111,29.591002243589745,35.260284242353464,41.96048000000003,42.03920600964871
7,23.605,29.591002243589745,36.011314706370094,42.05528000000003,42.52238291530512
7,23.098,29.591002243589745,36.13140363623711,41.439700000000045,42.26744466434334
7,22.593,29.591002243589745,33.89047573057751,42.38311999999999,42.29103362462115
7,22.085,29.591002243589745,37.98359752998643,42.42221000000001,43.677601553464456
7,21.583,29.591002243589745,35.238133059714386,42.75305000000001,43.84702069749052
7,21.077,29.591002243589745,36.74555048244913,44.193010000000015,43.74795136598749
7,20.571,29.591002243589745,34.853467298763704,43.381870000000006,43.51550739874466
7,20.062,29.591002243589745,36.483220116004716,45.504630000000006,43.61512543964759
7,19.556,29.591002243589745,36.70480721954438,45.02264,43.31831618457628
7,19.05,29.591002243589745,36.97334715604268,46.309380000000004,44.706526941084
7,23.156,29.591002243589745,35.75421912432251,39.25169999999999,39.945664632849244
7,23.308,29.591002243589745,35.792857455329184,38.605250000000005,40.54094298935901
7,23.458,29.591002243589745,34.13656818114856,39.85175000000002,39.15504654348193
7,23.609,29.591002243589745,34.8128192822982,38.82889000000002,40.83640761558696
7,23.759,29.591002243589745,34.73428588646217,39.220020000000005,38.85593129969276
7,23.91,29.591002243589745,36.43369979975186,38.72063,40.26886548366645
7,24.082,29.591002243589745,34.360206997848515,39.25214000000001,40.19528564632466
7,24.108,29.591002243589745,34.38455162865919,39.57965,41.27629738288979
8,24.093,28.88311002449595,31.106830999689404,34.681830000000005,32.03060359299545
8,24.169,28.88311002449595,29.14799318336477,36.05952999999999,33.70447523313563
8,24.246,28.88311002449595,32.689027504270285,32.41316000000001,34.53869687701797
8,24.322,28.88311002449595,31.18813492573696,34.822590000000005,33.09972706852909
8,24.397,28.88311002449595,31.260134875193977,31.569809999999993,31.28268836043728
8,24.474,28.88311002449595,32.13798480510248,32.58756999999999,31.827817926982974
8,24.55,28.88311002449595,30.22237883699988,34.14847000000001,32.514515125723506
8,24.626,28.88311002449595,30.004149102832333,33.48782,32.268913299241994
8,24.702,28.88311002449595,31.23897646347875,33.73538,32.502095986501544
8,24.778,28.88311002449595,29.721234658699977,32.28662,31.929893211234088
8,24.854,28.88311002449595,31.798673885613027,34.23005000000001,32.807067560591335
8,24.93,28.88311002449595,34.34585511679183,33.74771000000001,34.41651367399253
8,25.029,28.88311002449595,32.883979632212665,31.427819999999993,31.874429245116005
8,25.642,28.88311002449595,30.03802247129922,34.41477999999999,33.08156250115673
8,25.947,28.88311002449595,32.49920957887384,33.35967000000002,34.713412094312474
8,26.255,28.88311002449595,30.987359377312526,33.757619999999996,32.044290137105314
8,26.565,28.88311002449595,33.06308178332176,33.734110000000015,34.36617238387669
8,26.871,28.88311002449595,32.38345932360927,33.68040000000002,32.90626858190984
8,27.181,28.88311002449595,32.40045207001737,32.66273,34.24446832754278
8,27.486,28.88311002449595,38.18475525725975,32.27804999999999,37.298378989482295
8,27.793,28.88311002449595,31.968668206073193,29.550029999999982,31.760527714133367
8,28.104,28.88311002449595,33.13324455988293,29.74679999999999,31.955410376806135
8,28.411,28.88311002449595,31.823835222341263,30.83377,31.800602068337028
8,28.719,28.88311002449595,30.853592515943063,35.106480000000005,31.81636790629772
8,29.031,28.88311002449595,33.98945600583049,35.64357,33.653197327066366
8,24.093,28.88311002449595,31.024830244482317,34.23921,31.16714425532114
8,24.169,28.88311002449595,31.663970336459517,32.88659000000001,31.991575241809585
8,24.246,28.88311002449595,31.432113368141522,33.56638000000001,32.10464587429788
8,24.322,28.88311002449595,31.880464880034225,32.08814999999999,31.262701953741434
8,24.397,28.88311002449595,30.66550311668934,29.35005999999999,29.888165438921266
8,24.474,28.88311002449595,30.118287108525404,27.890819999999977,29.566435807774614
8,24.55,28.88311002449595,30.638654459603938,33.420480000000005,31.62250879054807
8,24.626,28.88311002449595,30.902699918569116,31.110272,31.21315002673952
8,24.702,28.88311002449595,31.64124809923928,28.434529999999985,30.710016781469925
8,24.778,28.88311002449595,30.1060640629346,29.36655999999998,32.71523363709747
8,24.854,28.88311002449595,39.33963761790902,32.702450000000006,37.22741589832627
8,24.93,28.88311002449595,32.46105034057943,30.50327999999999,32.31296158877558
8,25.029,28.88311002449595,32.685813341063835,31.382299999999987,31.815301735080798
8,25.642,28.88311002449595,31.917401519030015,30.897539999999996,33.01681947833563
8,25.947,28.88311002449595,42.87233445226069,31.66865,36.398138603871764
8,26.255,28.88311002449595,34.854027314753296,31.801470000000005,34.695322640844324
8,26.565,28.88311002449595,43.278632353225674,32.063399999999994,38.054706913036476
8,26.871,28.88311002449595,48.399931303161665,31.137769999999996,36.534747687341394
8,27.181,28.88311002449595,30.459115968835405,31.686170000000008,26.60722185953822
8,27.486,28.88311002449595,31.528760203710725,32.416239999999995,34.22186410350901
8,27.793,28.88311002449595,33.88557587083828,32.29205000000001,32.66456928249512
8,28.104,28.88311002449595,34.443213984791065,32.30627,31.88396357444318
8,28.411,28.88311002449595,32.73533125015033,33.867399999999996,33.50846945241003
8,28.719,28.88311002449595,37.47217527815736,37.126889999999996,37.22438793682086
8,29.031,28.88311002449595,35.78189092119266,35.879950000000015,33.21660332397965
8,24.093,28.88311002449595,31.081409024858942,33.025310000000005,31.018205592003167
8,24.169,28.88311002449595,32.6560616262756,35.23321000000001,32.50226683732245
8,24.246,28.88311002449595,30.17600928039012,31.84397999999999,31.027484413179984
8,24.322,28.88311002449595,27.931968080554977,27.983749999999997,23.099403220459134
8,24.397,28.88311002449595,34.798762858421526,34.09103,32.22070351538529
8,24.474,28.88311002449595,33.98362699445897,33.8015,33.01868668862695
8,24.55,28.88311002449595,30.168789945151726,30.594189999999998,29.64449295923777
8,24.626,28.88311002449595,30.477834025032926,32.80089,31.536114719630078
8,24.702,28.88311002449595,44.433982877676875,28.89328999999999,33.901839427699386
8,24.778,28.88311002449595,29.350910307238603,29.668369999999985,33.047926888655766
8,24.854,28.88311002449595,42.92718627298079,33.561029999999995,36.281606433652925
8,24.93,28.88311002449595,37.18506881092159,33.34434999999998,35.02919303811596
8,25.029,28.88311002449595,33.657540323945724,29.339009999999984,31.189573978319984
8,25.642,28.88311002449595,45.55536581637415,30.373869999999982,33.96474654711538
8,25.947,28.88311002449595,42.49082902852783,30.934869999999997,36.20357866673741
8,26.255,28.88311002449595,32.54357377010312,29.552749999999993,33.036973086571386
8,26.565,28.88311002449595,48.25899724553795,30.354909999999997,34.79389017429617
8,26.871,28.88311002449595,51.08699533828086,31.061519999999994,34.97246237513966
8,27.181,28.88311002449595,39.61454172555612,32.49891999999999,35.271838112947485
8,27.486,28.88311002449595,43.88091732453347,31.421530000000008,34.51712236042279
8,27.793,28.88311002449595,33.66958775707565,31.38355999999999,30.497714660472614
8,28.104,28.88311002449595,32.39652824293028,32.05485999999999,31.85927258901451
8,28.411,28.88311002449595,35.47433377910135,32.50445,31.107831732492656
8,28.719,28.88311002449595,32.205218427385816,31.838,30.600173826204482
8,29.031,28.88311002449595,32.958448030545206,30.978179999999995,30.962168361346837
8,24.093,28.88311002449595,31.583213268676513,30.49643899999998,29.54056218733765
8,24.169,28.88311002449595,32.20646511798272,32.988129999999984,32.055054451958775
8,24.246,28.88311002449595,28.531955905805216,35.67545000000001,31.564265256590453
8,24.322,28.88311002449595,33.33683508463116,35.55252999999999,32.44033746687632
8,24.397,28.88311002449595,30.37190456147417,29.59433999999999,30.145972328693333
8,24.474,28.88311002449595,31.562209583297285,28.71511999999999,29.16255871834423
8,24.55,28.88311002449595,32.49363064483727,34.68046000000001,33.32661097120166
8,24.626,28.88311002449595,31.855021355126453,32.407689999999995,31.34785032363361
8,24.702,28.88311002449595,33.198760108708655,32.60966,32.838006618361916
8,24.778,28.88311002449595,31.420920999276394,29.945069999999998,31.332859579932393
8,24.854,28.88311002449595,32.498140915425786,33.97232999999999,34.023395984304045
8,24.93,28.88311002449595,32.18322976968669,31.40124999999999,31.728433240390963
8,25.029,28.88311002449595,31.886149998386358,30.08199999999999,31.00029330824812
8,25.642,28.88311002449595,32.38643529727001,33.59311999999999,32.77444365832738
8,25.947,28.88311002449595,32.79063178722324,30.829769999999993,32.42401945728455
8,26.255,28.88311002449595,33.01769927128701,31.646460000000005,32.413960993239385
8,26.565,28.88311002449595,34.62097080771982,31.693659000000007,33.27551029477358
8,26.871,28.88311002449595,31.59899500017476,30.640950000000018,30.52956959896017
8,27.181,28.88311002449595,31.980370436085376,31.01879000000001,32.777810288375505
8,27.486,28.88311002449595,32.696241855665384,33.32559000000001,32.848521598161305
8,27.793,28.88311002449595,33.9187030626624,30.89776999999999,32.82849184593973
8,28.104,28.88311002449595,32.2685314289015,33.2373,32.89575061284253
8,28.411,28.88311002449595,34.4750681064256,33.35905,33.03598584697439
8,28.719,28.88311002449595,33.70498922563547,32.86245000000001,32.51665358337363
8,29.031,28.88311002449595,34.10483981159712,34.14182,32.27541887502135
8,24.093,28.88311002449595,29.429468290827305,26.71982999999999,24.809540115287515
8,24.169,28.88311002449595,34.36092727670943,27.43325,27.427791022619424
8,24.246,28.88311002449595,30.314529354033027,26.626229999999993,26.74174685062554
8,24.322,28.88311002449595,31.842529562757285,26.18320999999999,27.20122216580221
8,24.397,28.88311002449595,32.77015353225951,28.82282999999999,30.33477073409912
8,24.474,28.88311002449595,30.03156162431153,27.00035999999999,26.687571754263665
8,24.55,28.88311002449595,30.125101423370207,27.011759999999985,26.86025665825774
8,24.626,28.88311002449595,35.883306962331474,30.41455,29.88455477483038
8,24.702,28.88311002449595,36.18586225798047,31.830299999999998,31.897791164095718
8,24.778,28.88311002449595,32.206421324373494,27.846999999999976,29.83620440327949
8,24.854,28.88311002449595,31.853918890466,27.699249999999978,28.817210080640304
8,24.93,28.88311002449595,34.052838377188664,26.887819999999973,30.057533726965612
8,25.029,28.88311002449595,34.827095031711714,27.368399999999998,29.517388537638034
8,25.642,28.88311002449595,45.05807809255012,29.668740000000007,33.107128331606035
8,25.948,28.88311002449595,34.76332569564345,28.61415,30.543408467419095
8,26.255,28.88311002449595,32.987236217816,30.033629999999995,30.849612233904555
8,26.565,28.88311002449595,38.826794881680385,32.85705000000001,34.44117790621427
8,26.871,28.88311002449595,32.118810956556636,30.214830000000006,30.04329780037086
8,27.181,28.88311002449595,32.26246836095089,31.217640000000006,30.2310213101799
8,27.486,28.88311002449595,33.729973920637306,31.88989,30.556854281455003
8,27.793,28.88311002449595,35.404079634836016,31.659329999999986,32.040208672000915
8,28.104,28.88311002449595,32.702259912878056,31.589490000000005,31.537273353575742
8,28.411,28.88311002449595,35.011990657404056,32.358250000000005,31.55052597997458
8,28.719,28.88311002449595,34.16157867192631,30.74237,31.09554323593852
8,29.031,28.88311002449595,33.79575127814631,30.74654999999999,29.928692363168906
8,24.093,28.88311002449595,31.119260893658677,27.13045999999998,25.31494898186228
8,24.169,28.88311002449595,30.721660519486797,26.16502999999998,25.804231675468348
8,24.246,28.88311002449595,29.29694302929138,27.355109999999996,27.330529070038548
8,24.322,28.88311002449595,34.83346098352641,29.66594,28.85282775580512
8,24.398,28.88311002449595,34.102527799998995,27.707219999999978,27.994114914166563
8,24.474,28.88311002449595,30.430698656472007,26.493579999999998,27.311331073421023
8,24.55,28.88311002449595,30.0156047392449,27.343439999999983,26.80758029960998
8,24.626,28.88311002449595,30.761403507194903,28.25669099999998,27.01224464633471
8,24.702,28.88311002449595,33.00574167255354,26.334819999999983,29.411437803551408
8,24.778,28.88311002449595,35.29117549865477,28.645269999999986,32.61922581191499
8,24.854,28.88311002449595,37.543904729939065,28.880209999999984,31.287778746434945
8,24.93,28.88311002449595,44.43259473155458,30.331599999999984,33.042358468996404
8,25.029,28.88311002449595,35.37837484243076,28.38722999999999,32.35893623203255
8,25.642,28.88311002449595,39.06594964046879,31.72324000000001,33.31959491836442
8,25.948,28.88311002449595,35.12262968352368,29.22841,31.12277273752381
8,26.255,28.88311002449595,37.48843885412979,29.92334000000002,31.131373938408856
8,26.565,28.88311002449595,35.21482723487945,30.601640000000003,31.808597131603495
8,26.871,28.88311002449595,32.465055171765854,31.184720000000006,31.32694871324438
8,27.181,28.88311002449595,32.43038330126368,31.179120000000008,30.926462179233226
8,27.486,28.88311002449595,35.25790846225698,32.56835000000002,32.15436047624988
8,27.793,28.88311002449595,33.7920177343249,31.94154,33.04181512707089
8,28.104,28.88311002449595,33.02466211627007,30.74888999999999,31.565563253199585
8,28.411,28.88311002449595,35.58863328866108,33.30824,31.934257509818806
8,28.719,28.88311002449595,33.21606212128509,31.55982000000001,31.03946024984245
8,29.031,28.88311002449595,35.85608300196568,31.91714999999999,30.31978693589563
9,23.096,29.27322708254806,30.247928890084815,42.43622999999998,42.755161624122046
9,23.247,29.27322708254806,32.39731776627501,44.87031999999997,45.78193513943545
9,23.465,29.27322708254806,31.460524595044962,41.67172999999999,42.49687975948641
9,23.616,29.27322708254806,31.7775182270694,42.90750999999998,42.965815124125285
9,23.768,29.27322708254806,29.710147195522445,41.11571,42.725441370858924
9,23.921,29.27322708254806,31.504403614415374,45.91442999999998,45.87452507585324
9,24.073,29.27322708254806,28.579227832380855,46.01158000000001,46.016948163585546
9,24.225,29.27322708254806,30.557545761545345,41.396060000000006,41.98226688931277
9,24.377,29.27322708254806,30.465963863161335,43.22833999999998,43.356984110576924
9,24.552,29.27322708254806,29.257737784017863,39.325310000000016,37.76021771702335
9,24.681,29.27322708254806,30.15384792099334,41.875609999999995,42.14260838603645
9,24.834,29.27322708254806,29.389733265119965,40.2532,38.489701415949455
9,25.006,29.27322708254806,33.520497509234005,46.21739999999998,46.741550792120556
9,25.243,29.27322708254806,33.79076583149459,44.20838,43.85051425096303
9,25.371,29.27322708254806,31.17234721408931,45.162320000000015,46.013592900611336
9,25.497,29.27322708254806,34.100073487881346,40.67953000000001,37.668588995523585
9,25.623,29.27322708254806,31.130819006030084,40.64134000000001,37.618854452090225
9,25.752,29.27322708254806,33.78878133960246,42.78494,43.17239510462479
9,25.879,29.27322708254806,33.9653890988384,46.270559999999975,47.5143451026617
9,26.006,29.27322708254806,34.00432139327152,47.48391999999999,47.37456850462322
9,26.134,29.27322708254806,34.56476619330147,42.38620000000001,43.9230785025417
9,26.261,29.27322708254806,33.46400067764206,44.831409999999984,43.197953943459204
9,26.388,29.27322708254806,32.20277559070932,41.78645000000003,43.5122875887924
9,26.643,29.27322708254806,35.100949187731096,42.36859000000001,42.769431044074295
9,26.767,29.27322708254806,31.39713299043422,40.57211000000002,39.64036742227436
9,26.897,29.27322708254806,34.2265080977339,39.82919000000002,39.41675740605682
9,23.096,29.27322708254806,32.045853533453375,40.495009999999986,37.93655349734011
9,23.247,29.27322708254806,31.75438024308994,45.14546,46.11429431395075
9,23.465,29.27322708254806,31.992959923847234,41.42321,41.437199428302605
9,23.616,29.27322708254806,29.41534149717209,39.796009999999995,37.42476725191681
9,23.768,29.27322708254806,26.99035855227504,39.29612000000001,37.805925245203625
9,23.921,29.27322708254806,27.560218152349623,40.50809999999999,36.98499905918071
9,24.073,29.27322708254806,31.453898446873588,39.91641000000001,37.543337754192535
9,24.225,29.27322708254806,29.354422532229133,41.35741999999999,38.00886034856054
9,24.377,29.27322708254806,30.027451824304162,40.747410000000016,37.7502103177171
9,24.552,29.27322708254806,29.51493211880236,42.469850000000015,42.655206461064566
9,24.681,29.27322708254806,30.77454743122381,40.39512,37.999712172232236
9,24.834,29.27322708254806,29.949043916958317,39.76811,37.58699930275187
9,25.006,29.27322708254806,32.86641535324024,40.226600000000005,36.665875942991256
9,25.243,29.27322708254806,29.487425379161593,42.74628,43.66391810101123
9,25.371,29.27322708254806,29.61343792676455,41.925680000000014,42.80025620727451
9,25.497,29.27322708254806,34.314996424860695,39.70012000000001,38.34572029316269
9,25.623,29.27322708254806,32.461973594965954,40.15055000000001,38.60327432304118
9,25.752,29.27322708254806,35.13639046274598,40.64864000000001,37.68659265905309
9,25.879,29.27322708254806,33.80528275733812,46.98025999999998,47.14846234057268
9,26.134,29.27322708254806,32.16074464306823,40.66029000000001,38.87560438374311
9,26.261,29.27322708254806,33.772133764314795,41.92366,42.89676006829755
9,26.388,29.27322708254806,31.81099583015551,40.33024,38.960758785348894
9,26.643,29.27322708254806,34.8175996409731,40.36022000000003,37.640566236274
9,26.767,29.27322708254806,33.41153518802135,40.76803000000003,39.21701079176536
9,26.897,29.27322708254806,34.695314076496174,42.07735000000002,39.58304034253341
9,23.096,29.27322708254806,24.923133842800045,38.50948000000001,38.594707377589636
9,23.247,29.27322708254806,27.421086206150733,39.20066000000001,38.0840248257129
9,23.465,29.27322708254806,29.400561650248164,38.12933000000001,37.6441109169036
9,23.616,29.27322708254806,27.523403815263915,39.64175000000001,36.78190181807879
9,23.768,29.27322708254806,28.49120565319544,39.040110000000006,38.07417826043379
9,23.921,29.27322708254806,29.037416858314927,40.40596000000001,37.836397890036636
9,24.225,29.27322708254806,30.23673556988739,39.74579000000001,38.84744023705918
9,24.377,29.27322708254806,30.11526787695949,40.12959000000001,37.68712368433764
9,24.552,29.27322708254806,29.014681306647674,39.593700000000034,38.001589889309344
9,24.681,29.27322708254806,28.46636328782091,40.018730000000005,38.79674791545528
9,24.834,29.27322708254806,29.22918679247749,40.68487000000002,38.33523202642906
9,25.006,29.27322708254806,30.837302146842312,39.77653000000001,37.699945310332964
9,25.243,29.27322708254806,29.156230362591522,40.535669999999996,37.61344755591197
9,25.371,29.27322708254806,30.129384287916054,41.77870000000003,43.21393626733885
9,25.497,29.27322708254806,32.04598149594786,40.03516000000001,38.52758666046277
9,25.623,29.27322708254806,32.803768314082944,40.00920000000002,38.12359814556275
9,25.752,29.27322708254806,33.248787301850435,47.799929999999996,47.83504241191012
9,25.879,29.27322708254806,31.981245778179353,42.17748000000002,43.18926141872036
9,26.006,29.27322708254806,31.60704946594985,42.24983000000002,43.32983938849326
9,26.134,29.27322708254806,31.343042739699506,40.70416000000001,38.49024159918689
9,26.261,29.27322708254806,31.14879013131983,40.36392,37.7661925262952
9,26.388,29.27322708254806,32.07200693440149,40.101490000000005,38.71433775433391
9,26.643,29.27322708254806,31.980970272892364,40.46379000000002,37.745953517376094
9,26.767,29.27322708254806,31.348681147650296,40.721320000000034,38.26644774068094
9,26.897,29.27322708254806,30.47318914720168,40.00824000000003,39.45628148389203
9,23.096,29.27322708254806,27.42070133625279,42.92217999999999,45.40213798048284
9,23.247,29.27322708254806,28.248919672930388,42.68279999999998,45.10871605912248
9,23.465,29.27322708254806,32.29969066543887,45.16124,46.31943055680555
9,23.616,29.27322708254806,28.235189740148165,41.420249999999996,42.103312510351465
9,23.768,29.27322708254806,32.23711080415053,42.763160000000006,42.58540202594854
9,23.921,29.27322708254806,31.349981206144676,40.586140000000015,37.47733099226999
9,24.073,29.27322708254806,30.323250861873014,43.908680000000004,46.0253822977935
9,24.225,29.27322708254806,28.018434269132655,42.096600000000024,43.56153144541376
9,24.377,29.27322708254806,31.911076948990722,43.64598999999998,43.57208012667552
9,24.552,29.27322708254806,31.04073666500267,43.51524999999999,43.6752046617659
9,24.681,29.27322708254806,29.21571132535329,42.580479999999994,43.200984372734375
9,24.834,29.27322708254806,29.764968691314614,39.96166999999999,37.82031656809892
9,25.006,29.27322708254806,33.002451406825486,47.465689999999995,46.78293571816128
9,25.243,29.27322708254806,34.71895724720364,46.496320000000004,47.43141583542467
9,25.371,29.27322708254806,35.4685602611621,47.33332,47.598410901666014
9,25.497,29.27322708254806,34.252672191045036,42.61328,43.97543258473469
9,25.623,29.27322708254806,33.71365335925316,48.17922000000001,48.041459065203014
9,25.752,29.27322708254806,35.61675326478375,47.39395,47.73704052707565
9,25.879,29.27322708254806,33.56066004776626,43.34346000000001,44.421950888901016
9,26.006,29.27322708254806,31.728793237789937,44.797929999999994,44.47534024739129
9,26.134,29.27322708254806,34.917166035970546,47.55205999999999,47.788506741212956
9,26.261,29.27322708254806,33.818233700211835,45.60310999999999,43.528302778495174
9,26.388,29.27322708254806,34.59068714574288,42.45945999999999,44.12902971903985
9,26.643,29.27322708254806,31.878951959345464,41.857530000000004,42.82729520249449
9,26.767,29.27322708254806,33.61813162125941,42.56241000000002,44.2958792731984
9,26.897,29.27322708254806,33.58248865680064,41.345800000000025,38.30395964213962
9,23.247,29.27322708254806,27.054956176568616,41.50278999999998,46.947323572526486
9,23.465,29.27322708254806,28.1833007292145,40.969849999999994,46.16692776376019
9,23.616,29.27322708254806,26.39036840143029,40.54408999999999,45.71560417291929
9,23.768,29.27322708254806,32.80392923149843,42.58364,47.6711743976693
9,23.921,29.27322708254806,29.423676133800857,43.95936,45.74676684757829
9,24.073,29.27322708254806,25.68359143258463,38.768959999999986,46.52679643919743
9,24.225,29.27322708254806,29.40844422832932,43.49949000000001,46.057666760136165
9,24.377,29.27322708254806,27.92508948143659,40.90595,46.923979567916206
9,24.552,29.27322708254806,27.95364379734604,43.36549000000001,46.581734267806254
9,24.682,29.27322708254806,27.841340734114432,41.22513000000001,47.717076637407104
9,24.834,29.27322708254806,28.43992741151367,41.951461,47.24672150105238
9,25.006,29.27322708254806,30.763840240257988,44.125189999999996,47.04215081017068
9,25.243,29.27322708254806,32.81271729631027,44.79062,47.81231642911084
9,25.371,29.27322708254806,29.692381956086138,42.57067099999999,46.95006081892572
9,25.497,29.27322708254806,28.405535400125757,42.09186000000002,47.05888054644064
9,25.623,29.27322708254806,29.544665890866195,44.558679999999995,48.04684161052514
9,25.752,29.27322708254806,30.54784243158021,42.360020000000006,47.507372806052146
9,25.879,29.27322708254806,32.14011355270103,44.69722999999999,48.48390472467583
9,26.006,29.27322708254806,29.728272984285816,43.73611999999999,47.57333403240977
9,26.134,29.27322708254806,29.520874642971958,40.79787,47.51668269761718
9,26.261,29.27322708254806,29.96547208100983,40.437599999999996,47.104916602540364
9,26.388,29.27322708254806,31.54433533172272,44.50514999999998,48.39092268915033
9,26.643,29.27322708254806,31.939267953559867,42.146940000000015,46.63331878162425
9,26.767,29.27322708254806,31.756266131641684,44.80432999999998,47.3874761533872
9,26.897,29.27322708254806,31.932547262221256,43.673069999999996,48.29843644853655
9,23.247,29.27322708254806,29.155203129731245,40.00259999999998,45.3333838891586
9,23.465,29.27322708254806,30.67892833868796,42.59431000000001,45.02333727742161
9,23.616,29.27322708254806,29.66149019457084,42.12079099999999,46.261962446881604
9,23.768,29.27322708254806,27.848695670402975,41.82178100000001,47.661030501547714
9,23.921,29.27322708254806,27.189611782451017,42.76564000000001,46.4117866148047
9,24.073,29.27322708254806,29.324522582371713,43.17391000000001,47.13667226448228
9,24.225,29.27322708254806,27.744209389425798,43.418991,46.509773540667105
9,24.377,29.27322708254806,30.130162641777158,43.613669999999985,46.36226789763384
9,24.552,29.27322708254806,28.599877911270056,39.897960000000005,46.63137257288937
9,24.682,29.27322708254806,27.364095387613844,42.603339999999996,45.9927774716583
9,24.834,29.27322708254806,25.92394065146889,39.912839999999996,46.41584854185149
9,25.006,29.27322708254806,30.89894000659522,44.61162,46.688656820455336
9,25.243,29.27322708254806,32.299592451169104,45.41593999999999,47.158516122509795
9,25.371,29.27322708254806,30.721474783395745,43.944520000000004,46.12423820848522
9,25.497,29.27322708254806,30.519923015173337,43.47514,44.44733031377033
9,25.623,29.27322708254806,32.686982415196326,45.08256999999999,47.71396657311213
9,25.752,29.27322708254806,32.94527031056836,46.080909999999996,47.78171077183438
9,25.879,29.27322708254806,29.314413888063726,44.43093000000001,48.73369239703811
9,26.006,29.27322708254806,29.209154848065232,42.55919,46.08965175163539
9,26.134,29.27322708254806,29.35195175615017,41.23736999999999,47.92835459538452
9,26.261,29.27322708254806,32.4763107242556,43.886989999999976,46.30111257269538
9,26.388,29.27322708254806,32.62773445247867,45.63287999999999,48.177900813741154
9,26.643,29.27322708254806,33.78104826765703,46.710970000000025,47.07188335449494
9,26.767,29.27322708254806,32.754211357716656,46.55453000000003,48.102898825406676
9,26.897,29.27322708254806,34.7074633267717,45.383120000000005,47.866253547108904
10,19.0,29.25406615761689,27.753362614992618,26.353920000000002,21.416875393559952
10,19.0,29.25406615761689,24.533417193308495,25.67751999999999,23.429207933616443
10,19.0,29.25406615761689,26.932659035342446,21.030531999999997,17.9347591374658
10,19.0,29.25406615761689,25.65251808499243,28.017090999999983,25.20255985725572
10,19.0,29.25406615761689,27.42629055580501,20.840370000000007,21.087841835995253
10,19.0,29.25406615761689,27.865244700064768,25.946000000000012,22.408828796249573
10,19.0,29.25406615761689,24.27805645714259,19.100416000000006,21.028066218019195
10,19.0,29.25406615761689,24.228732075448242,19.44046000000001,17.107213441088124
10,19.0,29.25406615761689,24.958236030080727,18.53969,21.423125114366886
10,19.0,29.25406615761689,28.634016532092396,27.37536,22.89534009903358
10,19.0,29.25406615761689,27.795674703412374,22.73309999999999,22.72222431208233
10,19.0,29.25406615761689,25.43360770091162,22.287219999999998,21.90078452669547
10,19.32,29.25406615761689,27.57947208286219,21.281131999999992,20.511837931042884
10,19.537,29.25406615761689,28.540920473798373,21.407329999999998,21.51525012373794
10,19.753,29.25406615761689,28.500009178942527,25.14995000000001,23.322619549939752
10,19.97,29.25406615761689,31.865481976781062,26.63213000000001,23.82725189736553
10,20.186,29.25406615761689,29.85206168053784,28.814680000000006,23.995798756546336
10,20.407,29.25406615761689,30.45889417254833,28.51712000000001,24.841473189378302
10,20.623,29.25406615761689,26.823675356419752,21.48083,21.73761226666288
10,20.84,29.25406615761689,26.60656146397524,21.986230000000006,22.596704674518087
10,21.056,29.25406615761689,28.369636876031347,22.131554000000005,23.66403020774415
10,21.273,29.25406615761689,29.430568684639027,25.68301000000001,24.56150397479316
10,21.489,29.25406615761689,30.420409916322686,27.589990000000004,26.44085685264617
10,21.706,29.25406615761689,27.636894383940913,26.423143000000017,24.738449628990768
10,21.922,29.25406615761689,27.577885834627022,22.554010000000016,23.886936968883933
10,19.0,29.25406615761689,29.80711438890122,28.81881,23.14380683246179
10,19.0,29.25406615761689,24.18603524097849,16.374576,16.99344550010679
10,19.0,29.25406615761689,23.900836036054024,24.478759999999998,21.830748240155344
10,19.0,29.25406615761689,28.63909730241424,29.174329999999994,26.025850561470026
10,19.0,29.25406615761689,30.012746351138126,28.581125999999998,22.28921525964755
10,19.0,29.25406615761689,25.18594236078225,22.12199,20.95235994057293
10,19.0,29.25406615761689,24.763922812410275,19.94444,20.077276994380053
10,19.0,29.25406615761689,23.34763217961762,20.139598000000007,20.691719722063965
10,19.0,29.25406615761689,27.102946064109265,23.03498,20.954389714587155
10,19.0,29.25406615761689,26.942067234334363,24.89431,24.04343779120515
10,19.0,29.25406615761689,29.906830499908438,30.641689999999997,27.90750273687302
10,19.0,29.25406615761689,25.403115535374265,26.195003000000007,23.66132730832403
10,19.32,29.25406615761689,29.23632452338055,25.546932999999996,21.362904233387734
10,19.537,29.25406615761689,29.211700972561992,33.31481,30.11606681498575
10,19.753,29.25406615761689,31.093682580547878,31.174338999999986,28.776229476348842
10,19.97,29.25406615761689,28.789786546010287,29.449560000000005,26.353482853929105
10,20.186,29.25406615761689,29.958849646837095,24.21778000000001,23.852975575663947
10,20.407,29.25406615761689,29.94278926619537,28.06415300000001,27.528570455153375
10,20.623,29.25406615761689,28.913095111275663,27.9115,25.910715596352578
10,20.84,29.25406615761689,28.310830521749324,27.074033000000004,24.739123856223824
10,21.056,29.25406615761689,27.428484316656853,22.51525,21.34991356362138
10,21.273,29.25406615761689,29.335891769338737,24.928430000000002,22.723575456765207
10,21.489,29.25406615761689,27.231237559712575,23.03906,24.00272290622605
10,21.706,29.25406615761689,30.160368194519254,30.792279999999987,30.288070972483474
10,21.922,29.25406615761689,28.08795851635133,25.392688000000017,24.503136636672398
10,19.0,29.25406615761689,26.760736330459707,27.749439999999996,22.529969251707197
10,19.0,29.25406615761689,25.218902360306245,21.64585,19.82502383182889
10,19.0,29.25406615761689,25.48412700083595,20.537681000000003,20.77209712983802
10,19.0,29.25406615761689,26.51869854544071,28.759609999999988,23.207414904101935
10,19.0,29.25406615761689,27.89605451439161,29.653578999999986,26.493401892104607
10,19.0,29.25406615761689,25.332817247942693,26.037172000000005,23.551443902732778
10,19.0,29.25406615761689,29.80700082510923,30.647763,25.74586256961088
10,19.0,29.25406615761689,23.116483684507187,17.13802000000001,19.511639133214253
10,19.0,29.25406615761689,26.135182265632913,29.98471,25.593305462544276
10,19.0,29.25406615761689,26.4729242111592,25.719792,22.613674259102503
10,19.0,29.25406615761689,28.620686305667228,32.18306999999999,27.123542846057333
10,19.0,29.25406615761689,26.879211015345167,23.121849999999995,21.392208191554676
10,19.32,29.25406615761689,26.97011231951682,23.509431999999993,21.110704750956764
10,19.537,29.25406615761689,29.432812335170304,31.837789999999977,27.651445387971016
10,19.753,29.25406615761689,28.28041568613392,30.601009999999995,25.86414786019889
10,19.97,29.25406615761689,27.94628438589842,30.348359999999992,26.877006361852512
10,20.186,29.25406615761689,27.5884179115468,22.89082999999999,22.091348958028288
10,20.407,29.25406615761689,32.688606769356475,31.450440000000004,28.050414165271253
10,20.623,29.25406615761689,28.853164449862685,28.22129,26.76593154974331
10,20.84,29.25406615761689,29.07651555875535,27.233870000000014,26.595077568321596
10,21.056,29.25406615761689,28.73482527545522,28.05922999999999,27.128588312651324
10,21.273,29.25406615761689,29.725896656115694,27.085350000000002,25.22518227690868
10,21.489,29.25406615761689,28.144899315493724,24.880448000000015,21.017018760595846
10,21.706,29.25406615761689,30.786006984393495,31.15587999999998,29.04372597447315
10,21.922,29.25406615761689,27.13206435079099,28.281349999999996,26.894060246578086
10,19.0,29.25406615761689,24.42945002068775,23.596259999999994,20.51141712526023
10,19.0,29.25406615761689,24.202007681489974,19.059439999999995,15.668469358573796
10,19.0,29.25406615761689,23.918742274109302,19.147973999999998,16.585506632527807
10,19.0,29.25406615761689,23.52323285098123,17.665029999999998,19.696390783733566
10,19.0,29.25406615761689,23.85288892311163,19.690855,18.240314033697704
10,19.0,29.25406615761689,23.184836469071584,19.402310999999997,20.014116767625623
10,19.0,29.25406615761689,25.994399389398758,20.69147600000001,17.331062298258935
10,19.0,29.25406615761689,26.02153630601447,21.615350000000007,19.735818349704243
10,19.0,29.25406615761689,25.96862115577412,21.53195,21.727368659100588
10,19.0,29.25406615761689,25.20939840033511,22.79022600000001,22.081406301966812
10,19.0,29.25406615761689,25.57242744750341,20.143616000000005,21.560163472150855
10,19.32,29.25406615761689,27.581573227897103,21.751242000000005,19.641622837516135
10,19.537,29.25406615761689,30.779441510805963,25.89585,22.039708491424612
10,19.753,29.25406615761689,28.675031399957337,27.19439000000001,26.27949167301718
10,19.97,29.25406615761689,26.136222363590548,22.445525999999987,24.850753547855508
10,20.186,29.25406615761689,28.132806660721954,28.24621000000002,25.459610429814763
10,20.407,29.25406615761689,31.59574860578052,27.175950000000004,26.33318189704086
10,20.623,29.25406615761689,28.689445263294616,23.111990000000002,23.041827628751285
10,20.84,29.25406615761689,32.17614712057394,25.959720000000015,23.260382124757456
10,21.056,29.25406615761689,28.59263918355516,28.364420000000006,26.415564339132967
10,21.273,29.25406615761689,31.608194993708814,29.27578899999999,27.27537360769079
10,21.489,29.25406615761689,26.290675529826686,22.474470000000007,20.7457787559207
10,21.706,29.25406615761689,31.4611003150572,28.669839999999994,26.513548519009646
10,21.922,29.25406615761689,28.07179898226231,22.220829000000013,22.96136845214964
10,19.0,29.25406615761689,28.1163572195068,28.31447299999999,21.315796794156864
10,19.0,29.25406615761689,25.500601460111888,28.958979999999993,25.374009494590297
10,19.0,29.25406615761689,26.78089924825213,28.382436999999992,24.49327693031655
10,19.0,29.25406615761689,28.734621377074646,28.951967999999997,26.451165762276528
10,19.0,29.25406615761689,28.679260999000796,29.64397,25.881210848813183
10,19.0,29.25406615761689,29.169923942219427,30.892812999999986,28.51857209334522
10,19.0,29.25406615761689,27.50632980498252,18.903413000000004,17.944425388342264
10,19.0,29.25406615761689,27.881334588512125,31.62203,29.1936209885388
10,19.0,29.25406615761689,26.124070545899254,22.09930399999999,18.754917859751146
10,19.0,29.25406615761689,30.508257665304335,31.413219000000005,30.625551369352394
10,19.0,29.25406615761689,27.656180252624203,29.09712999999998,27.50202203820149
10,19.32,29.25406615761689,32.955361927608465,31.529720000000026,30.337395848712458
10,19.537,29.25406615761689,31.09191959122124,31.385939999999984,29.647371527112778
10,19.753,29.25406615761689,32.061322085839144,31.424199999999995,31.145519142289032
10,19.97,29.25406615761689,31.98132866327553,30.096712000000004,32.21887814765411
10,20.186,29.25406615761689,31.10830317565102,31.790161000000023,29.20182085224679
10,20.407,29.25406615761689,29.82978047906364,31.895260999999994,34.44159663589107
10,20.623,29.25406615761689,29.107080969134273,26.945548999999996,27.547454082006755
10,20.84,29.25406615761689,31.180667569534446,31.351389999999988,29.76465364618382
10,21.056,29.25406615761689,32.02834604784112,31.14254,32.48274525807943
10,21.273,29.25406615761689,32.99836436789551,30.951439999999977,29.045106406575883
10,21.489,29.25406615761689,28.756286375631433,29.52614899999999,31.181314598654723
10,21.706,29.25406615761689,30.17534019385366,29.471709999999995,34.19265944764646
10,21.922,29.25406615761689,28.879377740501194,30.905579999999976,28.168843599779247
10,19.0,29.25406615761689,25.970692479216737,28.689789999999995,22.337534486961864
10,19.0,29.25406615761689,25.951372063042196,28.67772799999999,24.471734713406978
10,19.0,29.25406615761689,27.93510125028781,28.659948,28.32209051194322
10,19.0,29.25406615761689,27.049929117812788,29.42477,27.06329942336493
10,19.0,29.25406615761689,26.0557324506481,22.170549999999995,27.935051873625415
10,19.0,29.25406615761689,26.756012852399582,23.693727999999997,28.18831912623924
10,19.0,29.25406615761689,29.477678022629068,28.797194000000008,31.015883827292228
10,19.0,29.25406615761689,29.137447431762368,30.04442199999999,27.91832145673894
10,19.0,29.25406615761689,27.1970385199116,29.477744999999985,28.93815656155595
10,19.0,29.25406615761689,26.835191042221403,30.740724999999998,23.572966978013778
10,19.0,29.25406615761689,29.62459095904771,31.99588999999999,29.46988988664244
10,19.0,29.25406615761689,30.052922266467554,30.241121000000003,30.75155538940638
10,19.32,29.25406615761689,30.193851823116823,29.731849999999994,30.254857232884476
10,19.537,29.25406615761689,31.609112079346946,31.001899999999978,30.249350761208166
10,19.753,29.25406615761689,32.60829059961692,31.279331000000006,32.368778576702496
10,19.97,29.25406615761689,30.968159301438128,30.348730000000003,29.91400226764913
10,20.186,29.25406615761689,29.957518952188785,33.757399999999976,32.92483679633655
10,20.407,29.25406615761689,33.21146586057554,31.024221,32.21425144447413
10,20.623,29.25406615761689,29.007586933795427,31.954349999999994,29.449384269198905
10,20.84,29.25406615761689,30.54966328081219,30.781939999999985,27.02300088613927
10,21.056,29.25406615761689,31.355080037223193,29.898729999999986,28.331397497236566
10,21.273,29.25406615761689,32.01256329427128,29.92461999999999,29.682062465119543
10,21.489,29.25406615761689,31.882489502681004,31.31730999999999,27.74400991333716
10,21.706,29.25406615761689,30.19284295072239,31.09811099999999,30.910382278370037
10,21.922,29.25406615761689,32.6381946112073,30.299440000000015,30.834830741197894
11,19.621,29.025979359294073,25.214859902485276,28.672371999999996,27.321158424133028
11,20.185,29.025979359294073,24.810968618309396,31.57284,28.42724396577037
11,20.751,29.025979359294073,23.92121607337474,27.93006999999998,29.097292009278558
11,21.323,29.025979359294073,27.746307473261343,32.52982900000001,32.93952849944649
11,21.894,29.025979359294073,25.863800793969606,31.397338000000005,34.8134025521132
11,22.47,29.025979359294073,27.192204058853626,33.13290000000001,33.24335847687934
11,23.037,29.025979359294073,25.007673696801632,30.393511999999987,30.32016352516725
11,23.61,29.025979359294073,26.153329253598066,28.59887399999999,29.179656886335195
11,24.263,29.025979359294073,26.780055143911483,29.41856,28.24482124907492
11,24.761,29.025979359294073,26.341397830091267,32.950839999999985,29.459880396794386
11,25.329,29.025979359294073,25.372751962586346,32.432218,32.33344765328224
11,25.904,29.025979359294073,25.80890912658807,30.76275999999999,33.12036729499464
11,26.31,29.025979359294073,26.593535487408833,26.830740000000002,29.23426943366284
11,25.668,29.025979359294073,27.365089177554054,27.726099999999995,30.946605412619693
11,25.032,29.025979359294073,27.894121847749023,32.64985000000001,35.3948903870971
11,24.385,29.025979359294073,29.080977649038843,30.920678000000013,28.558420080860998
11,23.74,29.025979359294073,28.36952368800728,31.718981999999997,33.00036772698455
11,23.101,29.025979359294073,27.714845840919637,31.890588999999988,33.76194158159669
11,22.445,29.025979359294073,27.53195987914094,27.472899999999992,30.090310833552703
11,21.815,29.025979359294073,26.47263793382671,28.083945999999997,32.63349447237704
11,21.17,29.025979359294073,28.202690590321854,28.366635999999993,31.862965247624775
11,19.794,29.025979359294073,28.058068915175262,28.08675,30.67018100584177
11,19.238,29.025979359294073,27.806190868865745,29.653979999999997,33.399729709314
11,19.621,29.025979359294073,22.284382431956097,29.695631,29.988442486197293
11,20.185,29.025979359294073,23.52374293336647,32.386255000000006,30.068300282219173
11,20.751,29.025979359294073,23.965613340060344,29.57826999999999,30.023517549192896
11,21.324,29.025979359294073,27.361394516017434,33.642849999999996,29.65544405066566
11,21.894,29.025979359294073,25.614703272242497,31.477449,34.3422194066593
11,22.47,29.025979359294073,26.17795729801686,32.84721500000002,34.933698618636505
11,23.037,29.025979359294073,24.55659978035304,26.87761599999999,30.71613342731428
11,23.61,29.025979359294073,25.75125293213077,31.07683,31.492881397955436
11,24.263,29.025979359294073,26.183265668758338,31.04884,31.354910967387855
11,24.761,29.025979359294073,26.919898661234928,33.363239,33.495341031100175
11,25.329,29.025979359294073,26.357630573798318,34.521109000000024,38.450497895234626
11,25.904,29.025979359294073,25.531142164090898,32.818168,32.773536704559255
11,26.31,29.025979359294073,25.89410854740984,28.42730599999999,33.11732183936021
11,25.668,29.025979359294073,26.4720158575331,31.111018000000005,32.733408584841676
11,25.032,29.025979359294073,27.941014837535416,34.730340000000005,35.66519655931549
11,24.385,29.025979359294073,27.88482006561847,35.356510000000014,33.63505359216503
11,23.74,29.025979359294073,26.408358982366174,29.965391,33.96981506583255
11,23.101,29.025979359294073,26.49146148690059,35.54947900000003,36.16227452849304
11,22.445,29.025979359294073,25.912273494504344,31.293864000000013,34.30823394576212
11,21.815,29.025979359294073,26.967286153160764,27.29918999999999,31.28466092183138
11,21.17,29.025979359294073,27.43582176667487,33.51408000000001,33.31060496365125
11,19.794,29.025979359294073,24.927232134621036,31.91588999999999,34.30406386812818
11,19.237,29.025979359294073,27.37563846738378,26.47288999999999,28.893123467697663
11,19.621,29.025979359294073,22.445651799766587,31.560826000000016,29.57018713705792
11,20.185,29.025979359294073,24.249806514430396,29.98714,29.781479690828156
11,20.751,29.025979359294073,23.08820822111134,27.876123999999987,29.496478356357695
11,21.324,29.025979359294073,26.37338297797287,33.13727800000001,32.71631604944383
11,21.894,29.025979359294073,26.327334671514187,32.94595999999999,33.946544524935426
11,22.47,29.025979359294073,25.421106790201385,32.45311900000001,34.00960649486709
11,23.037,29.025979359294073,24.269971481060505,29.856389999999987,30.41053033607194
11,23.61,29.025979359294073,26.055395009158154,31.720764999999997,29.580414495804824
11,24.263,29.025979359294073,26.316556945924944,33.676458999999994,32.60935656857418
11,24.761,29.025979359294073,26.243327568067556,34.125229,36.71723306833808
11,25.329,29.025979359294073,24.73303579184553,33.515072000000025,33.91374121753818
11,25.904,29.025979359294073,25.187780481746994,31.312609999999985,33.74086988712177
11,26.309,29.025979359294073,26.40730366775878,31.062269999999998,32.440192558277936
11,25.668,29.025979359294073,27.208344292496804,33.70741000000001,30.273197332741123
11,25.032,29.025979359294073,26.851340815044335,33.86266000000001,34.0446518323538
11,24.385,29.025979359294073,26.29314256649004,29.775876000000004,33.04852920270952
11,23.74,29.025979359294073,25.68960950066319,32.288657,34.091938187496616
11,23.101,29.025979359294073,25.436691905874905,36.52929000000001,36.18596253110294
11,22.445,29.025979359294073,29.91988989884959,28.850667999999988,29.017360273377903
11,21.815,29.025979359294073,26.24934340260104,29.968685999999998,32.679595993319026
11,21.17,29.025979359294073,25.997409172218596,29.679259000000005,34.69856463401654
11,19.794,29.025979359294073,23.592873787335,30.517008,34.9190693492107
11,19.237,29.025979359294073,26.943700023709763,30.249026,33.34002324469907
11,19.621,29.025979359294073,23.57208043637023,29.059958999999996,29.719032396667615
11,20.185,29.025979359294073,24.423162191552784,29.87186499999999,29.481916216263862
11,20.751,29.025979359294073,24.675269903510294,26.750579999999978,27.96484914265664
11,21.324,29.025979359294073,25.11652088387559,30.726598999999993,29.14865000595582
11,21.894,29.025979359294073,26.479469809073386,29.981209,25.663020058333544
11,22.471,29.025979359294073,25.18032251426673,33.27176,30.20059274711048
11,23.037,29.025979359294073,24.987930960580538,27.459004999999987,30.68272971922341
11,23.61,29.025979359294073,26.82409573963718,28.820569999999996,26.602977341617507
11,24.263,29.025979359294073,26.68598355581028,27.63833,28.061860513965126
11,24.761,29.025979359294073,27.751470739472122,30.16069,27.088565752940298
11,25.329,29.025979359294073,25.897401274037982,31.549977000000002,34.207658108887806
11,25.905,29.025979359294073,25.800854327261053,29.22473400000001,33.396858800203184
11,26.309,29.025979359294073,27.24874081538324,30.38576,31.311836747277507
11,25.668,29.025979359294073,27.7235272403395,36.777760000000015,34.707118547822404
11,25.032,29.025979359294073,26.825180440021906,35.35786000000002,35.82385564856347
11,24.385,29.025979359294073,26.314627643544146,28.713117999999994,32.88782058448534
11,23.74,29.025979359294073,26.785184565245807,28.70014,30.443236568277605
11,23.101,29.025979359294073,26.77584398748618,30.793450000000004,33.18868492770952
11,22.445,29.025979359294073,27.1441258428968,26.240417999999995,31.03143395589848
11,21.814,29.025979359294073,26.89357700377462,31.689875,32.885110612878
11,21.17,29.025979359294073,26.50068353085901,35.883528000000005,38.54509899700808
11,19.794,29.025979359294073,25.617891786585993,34.02089000000001,34.68423410334972
11,19.237,29.025979359294073,26.857305901495447,30.844230000000003,33.64675324361121
11,19.621,29.025979359294073,26.71949340157167,32.683159,33.674506279762106
11,20.185,29.025979359294073,25.306703797893814,33.522790000000015,34.09721804827496
11,20.751,29.025979359294073,28.323799463968015,31.14657,31.798289732626788
11,21.324,29.025979359294073,27.50901162752336,32.876879,33.56661151064958
11,21.894,29.025979359294073,26.654539115220746,33.28910000000002,34.885078904681826
11,22.471,29.025979359294073,26.952476001936883,34.48336000000002,35.51312343645936
11,23.037,29.025979359294073,26.464159613489848,34.88018000000002,36.10803202800653
11,23.61,29.025979359294073,27.88372389162595,35.05240999999999,35.51127353851791
11,24.263,29.025979359294073,27.773085328687092,35.32245,37.241959442244394
11,24.761,29.025979359294073,26.41696487529685,35.35589,37.62740600119125
11,25.329,29.025979359294073,28.041998226157048,35.76532600000002,38.84743933332822
11,25.905,29.025979359294073,28.5830197021614,36.77565000000001,38.76250167482783
11,26.309,29.025979359294073,28.72022323722371,37.49842000000002,40.89496473937417
11,25.668,29.025979359294073,30.51857604693153,36.466280000000005,34.31585803781469
11,25.032,29.025979359294073,30.039971142016807,36.98306000000001,38.47388359889537
11,24.385,29.025979359294073,29.50494478142473,38.67312000000002,38.676588881636334
11,23.74,29.025979359294073,30.302704600692824,37.169860000000014,35.2191486826989
11,23.101,29.025979359294073,29.45487620243587,38.44822999999999,37.538226066942386
11,22.445,29.025979359294073,28.19809774905189,39.910400000000024,39.80802141474566
11,21.814,29.025979359294073,29.784836051130206,38.60190000000002,38.67388248680082
11,21.17,29.025979359294073,29.516344492761608,39.676650000000016,39.99761751691794
11,19.794,29.025979359294073,28.73737998591865,40.09534000000002,37.798784979767525
11,19.237,29.025979359294073,29.74112242467739,38.07685000000004,39.24875660818139
11,19.621,29.025979359294073,27.108440653482724,31.702639000000012,35.5293038160442
11,20.185,29.025979359294073,24.127266257596364,30.76762400000002,34.21537377719096
11,20.751,29.025979359294073,27.154507031286855,33.144029,34.15690734516498
11,21.324,29.025979359294073,28.314403313227963,32.95781000000001,35.79035489904235
11,21.894,29.025979359294073,27.106472656274914,34.64933000000002,36.355312372237506
11,22.471,29.025979359294073,27.014771418989174,34.63738000000002,35.31238885037722
11,23.037,29.025979359294073,27.683651720557567,34.99938999999999,35.74505909614161
11,23.61,29.025979359294073,29.003203911682437,34.791819999999994,35.74129365843286
11,24.263,29.025979359294073,26.29983705932551,35.64016000000001,37.25242717696815
11,24.761,29.025979359294073,27.409962471941974,35.50505900000002,37.13270105757918
11,25.329,29.025979359294073,28.46374123448167,36.39171000000001,38.00285247288586
11,25.905,29.025979359294073,28.87446889811177,36.88731100000001,40.950148919438085
11,26.309,29.025979359294073,29.24589220977478,37.53178000000002,40.97639728498883
11,25.668,29.025979359294073,29.41583732486444,36.98356100000003,39.371605202055235
11,25.032,29.025979359294073,32.594800336971645,34.11900000000001,33.93796583764879
11,24.385,29.025979359294073,30.440602881617693,37.40796000000001,35.697640627601025
11,23.74,29.025979359294073,30.40059953631812,36.84204000000002,33.98061829068464
11,23.1,29.025979359294073,28.10780213956829,40.048370000000006,41.899097833095624
11,22.445,29.025979359294073,28.740740300140768,39.02329700000003,38.48711397744818
11,21.814,29.025979359294073,28.483710581481706,40.13055000000001,42.53943199831993
11,21.17,29.025979359294073,28.60782734472334,39.83583000000002,39.7968829308358
11,19.794,29.025979359294073,29.198522517698507,39.331771000000025,38.39257772182539
11,19.237,29.025979359294073,30.62429859166368,38.24872000000003,37.97422953845167
12,29.422,29.025979359294073,29.424381841914407,30.249311999999996,28.764370738371827
12,28.649,29.025979359294073,30.800896245910426,29.836848999999987,29.55801362309489
12,27.883,29.025979359294073,29.883817719013578,30.26093599999997,29.129758728260597
12,27.114,29.025979359294073,29.848099100625838,32.19424999999999,30.744708928849217
12,26.345,29.025979359294073,31.962796336132342,30.578428999999996,30.219065693953354
12,25.575,29.025979359294073,30.742960605847138,32.49972299999998,30.64005823780744
12,24.81,29.025979359294073,30.044803551095956,32.71222999999998,30.541634338304945
12,24.037,29.025979359294073,31.258392993970887,32.859019999999965,31.822890349729697
12,23.27,29.025979359294073,29.629621458765627,33.446648999999965,31.827274769736338
12,21.008,29.025979359294073,31.19231170556014,34.22367899999999,33.98212672817914
12,21.185,29.025979359294073,32.7187904346358,33.82509999999998,34.45889413305558
12,21.362,29.025979359294073,28.420473533507913,32.014119999999984,33.16573820827127
12,21.538,29.025979359294073,31.272614763783977,34.42380999999998,33.96534488184079
12,21.715,29.025979359294073,31.160560055637948,32.16597999999998,34.235747299723236
12,21.893,29.025979359294073,30.813203823745443,32.749289999999995,34.17356271755329
12,22.244,29.025979359294073,31.16782616073957,32.77702799999998,34.55587516887143
12,22.946,29.025979359294073,31.08601255354199,32.09209999999998,34.281018675020896
12,23.122,29.025979359294073,32.03147837668106,29.645199999999992,29.926764948416192
12,29.422,29.025979359294073,27.262854732327767,29.65929899999998,28.492948257867912
12,28.649,29.025979359294073,30.17479688957191,30.22098899999999,30.21263872345366
12,27.883,29.025979359294073,28.06928874255873,29.833341999999973,28.89897790126342
12,27.114,29.025979359294073,29.201818855069863,31.729788999999993,30.723096821773673
12,26.345,29.025979359294073,30.409700738234623,31.751182,31.161361830687373
12,25.575,29.025979359294073,31.01120967192292,31.15055999999999,30.37792453161353
12,24.81,29.025979359294073,30.59059437555036,32.05925199999999,31.463936303908987
12,24.037,29.025979359294073,28.38878355748013,33.809179999999955,32.608370813191755
12,23.27,29.025979359294073,28.62913728643834,33.958228999999974,32.969289816537625
12,21.008,29.025979359294073,30.99456061295256,35.49945,33.256821923255956
12,21.185,29.025979359294073,31.920011183871416,35.38455,34.94140810945479
12,21.362,29.025979359294073,29.480252932131332,33.541219999999974,33.54120860074004
12,21.715,29.025979359294073,31.64554232551399,33.48581899999998,34.127113313660836
12,21.893,29.025979359294073,30.671505084318184,31.731769999999994,34.05782261527479
12,22.244,29.025979359294073,31.149678020216943,32.58277899999998,34.974985157375265
12,22.946,29.025979359294073,30.289325719300393,31.172569999999993,34.64522950997043
12,23.122,29.025979359294073,29.550856483550582,25.981079999999977,28.746294562857756
12,29.422,29.025979359294073,28.923467157654546,30.29524999999998,29.990001859939046
12,28.649,29.025979359294073,29.978941982219734,29.14404800000001,29.04177886455377
12,27.883,29.025979359294073,27.39279443894954,29.030539999999988,28.97853680555171
12,27.114,29.025979359294073,29.4175061772733,30.667355999999987,30.367688046130407
12,26.345,29.025979359294073,29.725336468560354,31.385039999999993,30.752834393643106
12,25.575,29.025979359294073,29.25723657457568,32.851639999999975,31.15522781008396
12,24.81,29.025979359294073,31.120822190984182,33.46843299999998,31.55129400870885
12,24.037,29.025979359294073,30.59708186503965,34.05538299999996,32.857121375944494
12,23.27,29.025979359294073,28.012423605794545,32.99804899999998,32.238099671952064
12,21.008,29.025979359294073,31.22265668843367,35.06188999999999,34.216715083473815
12,21.185,29.025979359294073,32.66676858491813,33.44336999999998,33.93930353033875
12,21.362,29.025979359294073,28.11080740291915,35.01789999999999,32.87527664337761
12,21.538,29.025979359294073,30.418481819597332,33.301529999999985,34.69985164597333
12,21.715,29.025979359294073,31.431173516398886,33.730330999999985,34.03929303992559
12,21.893,29.025979359294073,29.38157788901212,31.944638999999974,34.68660883558888
12,22.244,29.025979359294073,33.12786803419726,32.947989999999976,34.482676955184104
12,22.946,29.025979359294073,30.8812898549327,32.175781999999984,34.265878540574356
12,23.122,29.025979359294073,29.823812919126492,26.505009999999988,28.65868017952441
12,29.422,29.025979359294073,30.02490385556207,28.724120999999982,29.12057507746284
12,28.649,29.025979359294073,28.687205171948026,31.075757999999983,29.785208753210462
12,27.883,29.025979359294073,27.585625636076863,29.47104999999998,28.84399024450317
12,27.114,29.025979359294073,30.325836857594435,30.851615999999986,29.299028781546433
12,26.345,29.025979359294073,32.50026137805946,31.391960000000005,30.887290987142684
12,25.575,29.025979359294073,30.21146369227624,31.97488199999999,30.547291484048046
12,24.81,29.025979359294073,33.4180031994673,31.52876999999999,31.6420325419816
12,24.037,29.025979359294073,29.072906353803013,31.909719999999982,31.619494485384678
12,23.269,29.025979359294073,29.672116231529635,32.87378799999998,30.7863948418488
12,21.008,29.025979359294073,31.94854652605543,33.85850999999998,34.16505171326109
12,21.185,29.025979359294073,30.73699903888859,34.45485199999999,34.06982157673694
12,21.362,29.025979359294073,29.027367646090394,33.446090000000005,32.86426612219021
12,21.538,29.025979359294073,31.924191750649513,33.25687999999999,34.0214358643595
12,21.715,29.025979359294073,31.04241219183629,32.16667199999998,34.22789783853889
12,21.893,29.025979359294073,29.831279291785183,31.711159999999982,34.17998636178958
12,22.244,29.025979359294073,30.409207191960242,31.36752199999998,33.842858049779394
12,22.946,29.025979359294073,29.8659832142393,30.399889999999974,33.96372450013822
12,23.122,29.025979359294073,29.368872663071773,29.571259999999974,32.24991808489519
12,29.422,29.025979359294073,27.924940745719272,28.506919999999987,29.844186754084852
12,28.649,29.025979359294073,30.37577496769608,30.37489999999999,29.62985179017436
12,27.883,29.025979359294073,29.417692822624847,30.64999999999999,30.463612638691757
12,27.114,29.025979359294073,30.423911209211255,30.968198999999984,30.69797762085263
12,26.345,29.025979359294073,34.14004042313229,31.508348,31.284540364152466
12,25.575,29.025979359294073,34.046410934688865,31.245537999999993,31.190524973906513
12,24.81,29.025979359294073,30.55966453942885,32.05340199999997,31.700007432232184
12,24.037,29.025979359294073,31.82252334874776,33.17038999999999,34.50794366635901
12,23.269,29.025979359294073,32.0368463831877,32.73685899999997,32.509886886133316
12,21.008,29.025979359294073,33.06123365296557,33.54684999999998,35.707324972842116
12,21.186,29.025979359294073,32.2185861438833,34.357169999999975,34.01109482907965
12,21.362,29.025979359294073,31.835802475781975,34.38435999999999,32.90008688114354
12,21.538,29.025979359294073,33.95146842075366,33.14324299999999,36.25240252366822
12,21.715,29.025979359294073,32.13168524025884,33.056989999999985,37.55638440579544
12,21.893,29.025979359294073,32.43714442060649,32.97414999999999,33.701616235302616
12,22.244,29.025979359294073,32.50638803070336,33.64949999999997,34.401952863102274
12,22.946,29.025979359294073,32.66401705192623,32.26717999999997,34.411609120126556
12,23.122,29.025979359294073,30.61496747470038,32.49401799999998,33.60725919059254
12,29.422,29.025979359294073,30.793924729393332,30.024348999999994,29.812658311599247
12,28.649,29.025979359294073,30.323970453155567,30.271959999999993,30.201743488257467
12,27.883,29.025979359294073,29.84240387474187,30.07048699999999,30.03719740592509
12,27.114,29.025979359294073,29.880325987547096,30.59425599999999,30.160736507236408
12,26.345,29.025979359294073,32.119112945532024,31.02561199999998,31.309779888775154
12,25.575,29.025979359294073,31.98968424991208,31.218739999999976,32.622655669604725
12,24.81,29.025979359294073,32.22535366418367,33.416289999999975,31.506098980617057
12,24.037,29.025979359294073,31.19945294032697,32.670879999999975,34.681745035487104
12,23.269,29.025979359294073,31.90419575788385,33.736148999999976,32.85104100414647
12,21.008,29.025979359294073,32.78353351292973,34.35285999999998,36.16262081807441
12,21.186,29.025979359294073,32.21398582153198,34.552569999999974,35.50207282786462
12,21.362,29.025979359294073,32.01610255791881,33.85561999999997,33.58828278261674
12,21.538,29.025979359294073,33.65596843710619,31.80664199999998,36.11420197965365
12,21.715,29.025979359294073,33.78266235585514,32.977969999999985,35.66975550258443
12,21.893,29.025979359294073,32.23080137410175,32.448599999999985,33.745739198133016
12,22.244,29.025979359294073,32.7511048456521,32.95567999999997,34.935812354037694
12,22.946,29.025979359294073,33.0057009531824,32.21716999999997,33.99010254776325
12,23.122,29.025979359294073,34.46032192334219,33.035259999999965,34.74527029630919
13,25.857,29.834604907034695,32.036410974232936,27.37551,30.847353154904326
13,25.704,29.834604907034695,32.32285646495869,28.94668000000001,27.37911872866095
13,25.548,29.834604907034695,32.94111451586686,29.537570000000002,29.01759443994133
13,25.358,29.834604907034695,30.876838318578923,30.981900000000007,30.790088450771485
13,25.249,29.834604907034695,32.226048418212116,27.969179999999987,30.17800209933116
13,25.096,29.834604907034695,32.849444256823304,29.230800000000002,28.32340839834134
13,24.787,29.834604907034695,27.95416729422046,26.691673000000023,29.32277799356748
13,24.618,29.834604907034695,32.95638030893426,28.710310000000007,31.224754407028122
13,24.328,29.834604907034695,31.668749101698623,26.837889999999984,29.430110484368758
13,24.942,29.834604907034695,32.07291138134499,28.73224000000001,30.850742760270887
13,25.939,29.834604907034695,34.26358336218036,28.049249999999986,31.64274207083758
13,26.974,29.834604907034695,32.353591546562185,28.899700000000006,29.989736151051254
13,27.96,29.834604907034695,33.603651533654144,30.579459999999997,30.661734469578562
13,28.954,29.834604907034695,34.2129927771673,29.899710000000013,32.16296482267754
13,30.936,29.834604907034695,33.94865821903889,31.645170000000004,30.658114428420596
13,31.936,29.834604907034695,36.61892616467631,28.43038,31.63439098714899
13,32.961,29.834604907034695,35.026713720935845,32.39867000000001,31.28150383710734
13,34.944,29.834604907034695,33.12276803372063,31.77486000000001,34.50792349078313
13,35.945,29.834604907034695,34.669426704503884,32.352520000000005,33.631318239101546
13,25.857,29.834604907034695,30.729493035600033,26.820189999999997,29.68228158241587
13,25.704,29.834604907034695,29.459152958574727,25.465189999999996,26.305916351018027
13,25.548,29.834604907034695,29.455190016571397,25.44927000000001,27.096806350375008
13,25.358,29.834604907034695,30.986914892857133,26.372850000000003,28.052011697461587
13,25.249,29.834604907034695,27.866262013460616,26.137859999999996,28.313766832136867
13,25.096,29.834604907034695,30.809908010715997,28.194720000000014,30.273718623838622
13,24.787,29.834604907034695,29.184495445193317,27.000640000000022,30.00483726047598
13,24.618,29.834604907034695,31.31780185274713,28.531679999999998,29.617013441201838
13,24.328,29.834604907034695,31.389592177155805,26.86462999999999,33.546714408878124
13,24.942,29.834604907034695,33.08546775987782,29.74982000000001,31.062422798636472
13,25.939,29.834604907034695,31.99130740880733,27.691040000000008,29.79361199421175
13,26.974,29.834604907034695,33.288421705486435,28.91657300000002,31.29792002429279
13,27.96,29.834604907034695,31.148287108563714,30.106600000000007,31.080936113009574
13,28.954,29.834604907034695,32.70935977131538,30.909460000000003,30.869373081941138
13,30.936,29.834604907034695,32.20247564999276,30.275910000000014,31.65407408718948
13,31.936,29.834604907034695,31.624779518825836,28.83023000000001,31.456304102447064
13,32.961,29.834604907034695,32.94045981346689,30.701740000000008,32.491048275988334
13,34.944,29.834604907034695,34.01190652547113,30.42571000000001,35.6043482907508
13,35.945,29.834604907034695,34.14084708478022,32.98610999999999,33.71649580257521
13,25.857,29.834604907034695,28.225622089491758,26.90509600000001,25.77621898063865
13,25.704,29.834604907034695,30.164132632107044,26.656850000000006,29.753634412115158
13,25.548,29.834604907034695,32.00163135947201,28.410400000000003,26.631181624898954
13,25.358,29.834604907034695,31.243973811866795,27.42614000000001,27.228707900409194
13,25.249,29.834604907034695,29.731952077595952,27.498990000000003,30.625103372479565
13,25.096,29.834604907034695,32.090783565737624,30.23099,28.115614094732233
13,24.787,29.834604907034695,29.010147257402156,25.827890000000014,28.52557320930137
13,24.618,29.834604907034695,28.526789337726914,25.549730000000018,26.559468429574466
13,24.328,29.834604907034695,33.110091764055404,28.324029999999993,32.1412221240894
13,24.942,29.834604907034695,31.221006808370205,27.953620000000004,29.75379315476095
13,25.939,29.834604907034695,31.6173828140394,28.032249999999994,30.257775582159105
13,26.974,29.834604907034695,33.71518998614821,29.022850000000002,29.030895247500144
13,27.96,29.834604907034695,31.472732833726024,30.81885000000002,32.02608357643629
13,28.954,29.834604907034695,32.08615582682292,28.582240000000024,31.7678782683824
13,30.936,29.834604907034695,31.06027113279233,28.11881000000001,31.31700444904372
13,31.936,29.834604907034695,30.079789793374417,28.20006000000003,29.735921737523128
13,32.961,29.834604907034695,32.511392732856514,30.22731000000001,30.158283837489588
13,34.944,29.834604907034695,31.899262129168733,29.346119999999996,32.083908416146485
13,35.945,29.834604907034695,31.08718128170963,28.96139000000001,30.574443803418326
13,25.857,29.834604907034695,31.421918724050588,29.496129999999994,29.952490469573583
13,25.704,29.834604907034695,32.021127272080406,28.60057,27.06739954416558
13,25.548,29.834604907034695,30.518898351079834,26.55214000000001,25.46920847363761
13,25.096,29.834604907034695,29.55071292306561,25.41260999999999,27.872285816933566
13,24.787,29.834604907034695,29.202082088118985,25.986810000000013,28.83456896549087
13,24.618,29.834604907034695,32.53741823701715,28.097709999999996,31.159716864266976
13,24.328,29.834604907034695,30.264068252536003,25.97267799999999,30.011385913294678
13,24.942,29.834604907034695,32.06740715662674,28.199770000000004,29.458841044417856
13,25.939,29.834604907034695,31.790578008523838,29.286520000000014,31.078822102256414
13,26.974,29.834604907034695,31.456297031247345,28.115760000000012,30.691317988961863
13,27.96,29.834604907034695,31.298928492535403,27.89836000000001,29.456969529017147
13,28.954,29.834604907034695,31.09076348102278,28.259870000000028,30.0979433867904
13,30.936,29.834604907034695,35.565588274345714,32.15187000000001,29.695553803651045
13,31.936,29.834604907034695,29.89890921896844,27.80437000000001,30.088142977826593
13,32.961,29.834604907034695,32.92903408551365,28.34104,30.36068941863401
13,34.944,29.834604907034695,32.634924327413685,29.298360000000006,31.761028795661915
13,35.946,29.834604907034695,32.39129235669922,35.17904,34.46615054509939
13,25.857,29.834604907034695,31.69659031573866,27.490809999999996,30.53446449588165
13,25.704,29.834604907034695,29.77808355370872,25.386260000000007,26.459534674380123
13,25.548,29.834604907034695,29.774660268254397,27.358320000000003,27.631606098969286
13,25.358,29.834604907034695,27.17294841807085,26.95711000000002,25.038453734062745
13,25.249,29.834604907034695,30.940015485985153,29.517969999999995,31.345443494802392
13,25.096,29.834604907034695,28.981032390294594,26.807400000000015,27.571282714891424
13,24.787,29.834604907034695,29.22428284159346,26.07717000000001,29.09092864702352
13,24.618,29.834604907034695,31.1263455247593,28.803490000000007,28.565745592831497
13,24.328,29.834604907034695,28.98923271138459,26.1123,29.49125742144671
13,24.942,29.834604907034695,31.992122790507914,28.812399999999993,27.916148457397917
13,25.939,29.834604907034695,32.95322066028143,30.302690000000013,32.2764074804201
13,26.974,29.834604907034695,31.995752858523968,28.983093000000007,32.25630819829608
13,27.96,29.834604907034695,29.523163952401017,27.597460000000037,30.39324045760353
13,28.954,29.834604907034695,33.448563435935874,34.97925999999998,31.39099004151875
13,30.936,29.834604907034695,31.097513549177055,27.628590000000003,29.56623805125656
13,31.936,29.834604907034695,30.70818914443151,27.900760000000012,30.12188701817925
13,32.961,29.834604907034695,31.553201254208783,27.739689000000016,30.84181019494868
13,34.945,29.834604907034695,30.022573776556243,28.64877000000001,30.285214838577293
13,35.946,29.834604907034695,31.75238680021527,31.19082,31.936618300243648
13,25.857,29.834604907034695,32.13676323877144,28.12093,30.387914177850828
13,25.704,29.834604907034695,30.48116088473815,25.848539999999993,26.40100385143921
13,25.548,29.834604907034695,29.58490661530618,26.372660000000014,27.483874194084596
13,25.358,29.834604907034695,28.013069687038644,27.235750000000017,28.433465307437427
13,25.249,29.834604907034695,29.962406936555006,27.802790000000005,30.003305414493916
13,25.096,29.834604907034695,29.68227639690186,26.13803,28.3430008769658
13,24.787,29.834604907034695,29.362586207818016,26.317300000000014,28.85270273108417
13,24.618,29.834604907034695,30.92275773182266,27.159850000000027,29.177812247729296
13,24.328,29.834604907034695,32.007677881459365,28.236749999999994,30.523562514781375
13,24.942,29.834604907034695,32.70202928719885,29.31294999999999,31.267477188355667
13,25.939,29.834604907034695,32.636565897015025,31.37094,30.525773387080125
13,26.974,29.834604907034695,34.62337327148368,32.4807,36.555335276510455
13,27.96,29.834604907034695,31.392656589091548,29.409470000000024,30.751680110100384
13,28.954,29.834604907034695,31.49585917730318,29.729770000000016,31.593431875531003
13,30.936,29.834604907034695,30.396644711978656,28.31086000000002,32.04785474426519
13,31.936,29.834604907034695,29.726010616403613,27.73113000000002,29.815739237814206
13,32.961,29.834604907034695,31.971890929162097,27.977479999999993,30.274356278396994
13,34.945,29.834604907034695,31.710276394606996,29.40426000000001,31.268597290452487
13,35.946,29.834604907034695,33.088938340317746,28.75468000000001,31.33136561417234
14,10.646,29.23125903092006,23.614727986727058,17.392861999999994,13.431598119494277
14,11.261,29.23125903092006,24.59532161680572,17.221775,13.206201200686477
14,11.882,29.23125903092006,23.17040030988876,17.118864000000006,13.491948042656361
14,12.497,29.23125903092006,22.81853086658424,19.27227,13.978036809471892
14,13.11,29.23125903092006,22.77237708941884,16.859385000000003,14.116696098702832
14,13.725,29.23125903092006,22.9922853849091,16.769066999999996,15.110669939836033
14,14.342,29.23125903092006,24.540977517360986,17.406305999999994,14.84199231669737
14,14.953,29.23125903092006,23.538961411551895,18.969045000000005,14.868112319683092
14,15.573,29.23125903092006,27.068596869807013,20.397554999999997,17.632057337557587
14,16.187,29.23125903092006,24.954041936184474,17.643456000000004,15.232236254926809
14,16.715,29.23125903092006,24.44974116865583,19.76125200000001,16.387423659899326
14,18.649,29.23125903092006,24.320806189065124,17.840436,16.63095108190398
14,19.266,29.23125903092006,24.21715823819353,22.583095000000004,18.809862789726726
14,19.882,29.23125903092006,24.023665162160583,24.871604999999995,18.67505014264783
14,20.491,29.23125903092006,24.117589185240057,16.730475000000006,16.312621267795585
14,21.11,29.23125903092006,26.377957956488096,17.831266000000003,16.326518934825955
14,21.727,29.23125903092006,23.313484772109348,22.33170300000001,18.58411219288791
14,22.344,29.23125903092006,28.314195548995066,25.568693000000017,19.63045281238823
14,22.953,29.23125903092006,24.615406910429805,22.256388000000005,18.586912184579923
14,23.568,29.23125903092006,24.401135944837762,19.744991000000002,17.179273133337585
14,24.191,29.23125903092006,26.296389078972854,19.81932800000001,16.30826553851417
14,24.803,29.23125903092006,24.483576387399644,17.648250000000004,17.732585467520277
14,25.418,29.23125903092006,28.555457907655224,27.017687000000013,22.0534542720103
14,10.646,29.23125903092006,24.14012145682242,19.143459,13.439243037489277
14,11.261,29.23125903092006,22.32734137138189,17.329478,12.705971727092905
14,11.882,29.23125903092006,48.90913182390981,24.90102,16.632023185362634
14,12.497,29.23125903092006,22.180548368681116,21.146973,14.215376095427795
14,13.11,29.23125903092006,23.603960091569718,18.120994,13.952607750046369
14,13.725,29.23125903092006,23.764132663894248,23.95259300000001,16.506256975934978
14,14.342,29.23125903092006,25.60075339282826,22.062411000000008,16.153485062327185
14,14.953,29.23125903092006,22.949375127584954,21.972856,16.632502992467494
14,15.573,29.23125903092006,23.044953661793258,17.749297,14.960622429900674
14,16.187,29.23125903092006,21.8466759835214,18.378324999999997,15.731317452203527
14,16.715,29.23125903092006,22.970526191889576,21.723289000000005,17.809246503706724
14,18.649,29.23125903092006,22.24652339179252,17.765175999999993,15.343353763409048
14,19.266,29.23125903092006,22.53686448564391,21.604018000000007,17.825456136067938
14,19.882,29.23125903092006,24.15941700519465,23.41012199999999,17.848045544628587
14,20.491,29.23125903092006,22.084648901607892,15.518610999999998,15.294841948145269
14,21.11,29.23125903092006,24.17858711573856,22.002149999999997,18.09329350041079
14,21.727,29.23125903092006,23.630714341695843,21.37028399999999,18.854565266553344
14,22.344,29.23125903092006,27.5777266418373,25.168570000000013,19.729818208605906
14,22.953,29.23125903092006,25.713967239992428,27.42515999999999,19.80571290269414
14,23.568,29.23125903092006,21.55212387240361,15.125011999999996,13.707105482452343
14,24.191,29.23125903092006,23.617165134044374,21.472344000000003,18.20295550162238
14,24.804,29.23125903092006,25.504076692948637,18.804844,17.72793688858779
14,25.418,29.23125903092006,26.574921015491096,21.337709000000004,17.346520683506014
14,10.646,29.23125903092006,22.519550332834083,18.32015,13.16261987270436
14,11.261,29.23125903092006,23.97464106978468,22.46885500000001,14.887050664738707
14,11.882,29.23125903092006,22.494717484120713,18.877178,14.139001283244621
14,12.497,29.23125903092006,23.48133322977745,16.008636999999997,13.638449455591159
14,13.11,29.23125903092006,23.47514497567015,16.5806,14.274570166313142
14,13.725,29.23125903092006,22.41724863960742,20.324811999999994,15.885948633907567
14,14.342,29.23125903092006,26.07533463264731,22.396594,16.444200495078892
14,14.953,29.23125903092006,22.551020779675078,18.203461,15.103325021317842
14,15.573,29.23125903092006,22.445788477602065,14.798899000000004,14.741510973589518
14,16.187,29.23125903092006,25.488310988931115,25.265827000000005,17.816749333525973
14,16.715,29.23125903092006,22.306328901142088,18.171462000000002,16.496400157513143
14,18.649,29.23125903092006,23.230161352706578,22.649988000000008,17.41992073352676
14,19.266,29.23125903092006,24.535366172581888,24.491993,19.208685219526167
14,19.882,29.23125903092006,26.291931936906014,26.021525000000015,18.683142578468413
14,20.491,29.23125903092006,22.939455198847643,19.275756999999995,18.056252442906032
14,21.11,29.23125903092006,22.759094340301008,17.233597999999994,15.937896412891247
14,21.727,29.23125903092006,24.341780114995238,24.725556000000005,20.68966765477371
14,22.344,29.23125903092006,24.73198966872502,24.131237000000002,18.879935073597746
14,22.953,29.23125903092006,25.290760381207324,27.803331000000007,19.62183605389451
14,23.568,29.23125903092006,21.934966515706517,15.401209,13.667665631682004
14,24.191,29.23125903092006,21.892634258339648,16.061768,15.066306123354082
14,25.419,29.23125903092006,23.34920298260668,19.380351999999995,17.505436760715202
14,10.646,29.23125903092006,24.080963426524335,17.226111,13.073100091147742
14,11.261,29.23125903092006,22.331033977151755,16.58009,13.233619249995499
14,11.882,29.23125903092006,21.093165958121226,20.037948999999998,14.513261569122902
14,12.497,29.23125903092006,23.444621941131167,17.415286,13.658377978466522
14,13.11,29.23125903092006,24.017799245350552,18.134913000000005,14.171760517674016
14,13.725,29.23125903092006,22.833853812633254,15.846464000000003,14.328012844292324
14,14.342,29.23125903092006,25.207554397644618,18.132566,14.802392573900779
14,14.953,29.23125903092006,23.173725071087965,20.779216,15.410493551715842
14,15.573,29.23125903092006,23.185223621372824,15.968059000000009,16.091425004333466
14,16.187,29.23125903092006,25.40196230244338,19.342832000000005,15.209794001669794
14,16.715,29.23125903092006,22.717518529249087,15.155040999999997,16.132539608874577
14,18.649,29.23125903092006,24.834362067598505,25.348449000000006,18.96123141776281
14,19.266,29.23125903092006,23.814918295709063,24.466991000000004,18.49074792357506
14,19.882,29.23125903092006,26.747771105792022,19.078043000000005,17.05184272914365
14,20.491,29.23125903092006,23.179326415856277,17.199338,16.468295971775458
14,21.11,29.23125903092006,26.308722469465575,20.518656,17.11045531918855
14,21.727,29.23125903092006,25.21761450093149,22.214169000000005,18.71251252258831
14,22.344,29.23125903092006,23.96457809573514,22.994952,20.082392282034817
14,22.953,29.23125903092006,25.634299060138233,22.687242,19.552870280771366
14,23.569,29.23125903092006,24.465652322024294,19.137408000000008,17.739633337590764
14,24.191,29.23125903092006,23.94187370733365,20.183858999999998,17.562634986623678
14,24.804,29.23125903092006,24.10975982931922,18.08152300000001,17.18951548815783
14,25.419,29.23125903092006,23.180182215043004,17.687258999999994,16.621472795853457
14,10.646,29.23125903092006,20.740678780648132,17.984731999999997,13.920870912325322
14,11.262,29.23125903092006,25.043718966640732,24.560538,18.561393669994132
14,11.882,29.23125903092006,24.68859368982636,23.043151,15.23860212566789
14,12.497,29.23125903092006,21.866207031591625,19.106572999999994,14.125505245986917
14,13.11,29.23125903092006,20.763632271048593,17.532870999999993,12.019364726457903
14,13.725,29.23125903092006,22.471228096642438,18.182228999999992,16.703294791498596
14,14.342,29.23125903092006,22.22367646615197,21.732793999999995,18.14087277917629
14,14.953,29.23125903092006,22.332538428913328,22.443917999999993,17.818411499354255
14,15.573,29.23125903092006,23.457710211983912,21.496308000000003,17.743034826085882
14,16.187,29.23125903092006,23.529099510883384,23.138302000000003,18.664427632897702
14,18.649,29.23125903092006,22.231689824435076,20.237935000000004,20.36788544716555
14,19.266,29.23125903092006,23.139289059163165,21.811180000000004,18.43564876620092
14,19.882,29.23125903092006,22.939384280618505,21.122808,17.566035085880124
14,20.491,29.23125903092006,24.289870409790083,25.295392999999994,21.46727600844282
14,21.11,29.23125903092006,25.56584662963444,26.243497000000016,21.818296403099463
14,21.727,29.23125903092006,23.442036561212927,20.71819,19.580436885292567
14,22.344,29.23125903092006,24.71501265379544,23.372179999999993,21.067789721419754
14,22.953,29.23125903092006,24.948589886143797,26.623200000000008,21.459309060835825
14,23.569,29.23125903092006,25.191788409336453,26.422741999999992,22.032901219732132
14,24.191,29.23125903092006,25.7743570092805,26.36888900000001,20.74080574359474
14,24.804,29.23125903092006,24.672904480683485,23.076802,21.904407080899638
14,25.419,29.23125903092006,24.392247869209104,22.098424,19.10161547294837
14,10.646,29.23125903092006,23.268702470216052,19.943613000000006,14.38854436080321
14,11.262,29.23125903092006,23.63377128404027,23.930456999999993,17.022288081156383
14,11.882,29.23125903092006,22.689690210277607,23.983567999999995,16.027824991188314
14,12.498,29.23125903092006,21.902849079198894,19.173321,12.91111010288435
14,13.11,29.23125903092006,22.002827583198414,19.660771999999994,15.936914048955265
14,13.725,29.23125903092006,22.882580630241787,19.985416,15.422246847010472
14,14.342,29.23125903092006,24.531428729963203,23.854934,21.77374337061921
14,14.953,29.23125903092006,24.027501666669423,21.341747000000005,19.70485454596605
14,15.573,29.23125903092006,23.890749086493038,22.308754,19.347456830047193
14,16.187,29.23125903092006,21.167892734213687,20.903515,13.526893699456902
14,16.715,29.23125903092006,20.118286852877297,17.033993,17.24977619160338
14,18.649,29.23125903092006,24.164114413003006,23.83052,21.369225105753078
14,19.266,29.23125903092006,23.61743498356546,22.292556,19.038909984912955
14,19.882,29.23125903092006,23.529674749421577,20.057002,17.637306246796634
14,20.491,29.23125903092006,24.3759687769006,23.236241000000003,21.3297861232942
14,21.11,29.23125903092006,24.83251409686221,22.75551799999999,21.873321192158294
14,21.727,29.23125903092006,23.850422417852027,21.173819999999996,19.433818184064517
14,22.344,29.23125903092006,27.359895761090012,23.984531999999998,23.22844870828352
14,22.953,29.23125903092006,24.624226040645986,26.707268999999997,22.637621690117246
14,23.569,29.23125903092006,20.061512813071754,17.050878999999995,12.312098186855414
14,24.191,29.23125903092006,23.51264564762316,23.201269000000003,17.783809652272957
14,24.804,29.23125903092006,26.09902992944225,25.78353100000001,23.87089498593329
14,25.419,29.23125903092006,21.715013152061335,18.451605999999998,13.350893736078683
15,13.618,29.834604907034695,27.610090142027822,12.627629000000002,10.685555013350593
15,14.314,29.834604907034695,29.80417280556654,16.153101000000003,17.175349354875067
15,15.004,29.834604907034695,28.40066431422389,17.026756000000006,16.69877018151573
15,16.387,29.834604907034695,28.118171090211916,9.976085,15.66270272207171
15,17.8,29.834604907034695,28.114244972077916,17.799430999999995,17.9532975890156
15,18.466,29.834604907034695,26.97508039337895,9.451580000000003,11.566845843801357
15,19.156,29.834604907034695,30.896360171146057,11.163146000000001,18.054480677051213
15,19.846,29.834604907034695,31.827245059047996,14.963560000000003,16.30486904746308
15,20.189,29.834604907034695,30.68095092642647,12.555588000000006,12.654353514958663
15,20.491,29.834604907034695,33.02423790895763,10.806104000000003,14.71443086214053
15,20.667,29.834604907034695,31.071569748387066,9.347452,11.175422841668931
15,20.867,29.834604907034695,30.505885467258064,9.856637000000001,11.692748436142066
15,21.068,29.834604907034695,30.88934462945177,7.828509,11.173035528577097
15,21.194,29.834604907034695,31.869244510422106,14.271863999999999,18.585796232171845
15,21.371,29.834604907034695,33.6360797917095,10.345128000000003,14.763509148747582
15,21.546,29.834604907034695,32.88285908768225,12.135250000000001,17.199557896324713
15,21.722,29.834604907034695,32.354859838059824,12.031375000000002,17.19305540505334
15,21.903,29.834604907034695,33.49029221541464,11.570185000000002,17.808790739523396
15,22.429,29.834604907034695,33.51656750808335,11.771529000000001,24.18197754513475
15,22.605,29.834604907034695,32.48068640282199,11.316693000000003,16.20250575379643
15,22.781,29.834604907034695,31.176684968712443,8.335234,11.645373261827814
15,22.957,29.834604907034695,32.42663254480866,11.177933000000001,19.400441303725103
15,23.132,29.834604907034695,32.46639805971401,9.470087000000001,14.428904549130422
15,13.618,29.834604907034695,27.668924549514106,12.942104999999994,15.235624977597638
15,14.314,29.834604907034695,24.304551166312347,11.075913,6.109181222852943
15,15.004,29.834604907034695,23.43278881592753,10.437219000000002,6.478407287668623
15,16.387,29.834604907034695,27.31437381117483,8.433275000000004,9.842017404590855
15,17.176,29.834604907034695,27.587669901827056,8.675208000000001,10.839752344557217
15,17.8,29.834604907034695,30.070947549805627,16.078640999999998,17.94422570704034
15,18.466,29.834604907034695,27.664777265925117,10.210370000000005,10.613157385547328
15,19.156,29.834604907034695,29.424101523680797,16.342759000000004,12.115394145694289
15,19.846,29.834604907034695,29.939388959087395,18.678444000000002,13.482387562696218
15,20.189,29.834604907034695,29.7358702227397,10.047667,14.085852793371835
15,20.491,29.834604907034695,30.635071393911346,16.525292,17.413050063736694
15,20.667,29.834604907034695,30.971483363549392,7.889978,11.664788175009672
15,20.867,29.834604907034695,28.01812592361013,13.659986000000002,9.527309048208778
15,21.068,29.834604907034695,29.686856757276892,14.896939,15.153649177657565
15,21.194,29.834604907034695,31.4401936061161,14.597828999999999,16.263336886446286
15,21.371,29.834604907034695,31.932787298197827,13.650600999999996,18.52460462316347
15,21.546,29.834604907034695,31.801826134527523,18.656850000000006,21.13776410014432
15,21.722,29.834604907034695,30.80160752179472,11.239701,18.34955078118935
15,21.903,29.834604907034695,32.489403723612675,11.383373999999998,18.342860870409755
15,22.429,29.834604907034695,31.900368865173423,13.609256,29.55510994732535
15,22.605,29.834604907034695,31.664144546646924,16.760450000000002,15.114040501869487
15,22.781,29.834604907034695,33.45471719629449,15.402405000000002,17.866591990079947
15,22.957,29.834604907034695,30.61411450547268,17.544625999999997,22.525025847090333
15,23.132,29.834604907034695,32.5071064273929,14.850543999999998,13.283842165369473
15,13.618,29.834604907034695,29.53828372910374,14.808413999999997,17.892893536660793
15,14.314,29.834604907034695,27.461038198348493,10.319225,12.083139410888815
15,15.004,29.834604907034695,23.57859266905163,10.198603000000004,6.478407287668623
15,16.387,29.834604907034695,26.838424580010283,11.37237,11.141726842881562
15,17.176,29.834604907034695,26.749551101750853,8.927998000000004,9.043706876103354
15,17.8,29.834604907034695,26.513673535349152,8.541902000000006,10.07888099403036
15,18.466,29.834604907034695,25.722402300356467,9.192659000000003,9.8462546322966
15,19.156,29.834604907034695,30.391586434363646,12.821593999999996,17.547381417045987
15,19.846,29.834604907034695,27.60990682169549,16.460834000000002,16.791897413632427
15,20.189,29.834604907034695,30.265933062507045,11.890837999999999,18.48630473583678
15,20.491,29.834604907034695,30.65894646502638,11.352253000000001,19.13642983412477
15,20.667,29.834604907034695,30.932100916089418,9.147084000000001,10.476381512034592
15,20.867,29.834604907034695,28.981145314432336,18.423735999999998,15.316588039863849
15,21.068,29.834604907034695,30.955400846316444,13.696524999999998,18.643271050521705
15,21.194,29.834604907034695,32.58929749738809,10.543611000000004,13.804827822326045
15,21.371,29.834604907034695,30.456839438579824,10.027061999999999,12.86710054085364
15,21.546,29.834604907034695,29.765349307100028,14.327416999999999,13.016558427281101
15,21.722,29.834604907034695,30.501218502807053,11.933505000000002,13.579245921437217
15,21.903,29.834604907034695,32.43539441635476,13.420668000000001,17.45977340727332
15,22.429,29.834604907034695,32.11989828679685,14.887904999999996,23.53373963917525
15,22.605,29.834604907034695,34.85323903717695,15.127881,19.083962216415845
15,22.781,29.834604907034695,29.491162725742075,10.476146000000002,10.110580691014045
15,22.957,29.834604907034695,32.14600637542906,15.866101999999994,17.421457126593214
15,23.132,29.834604907034695,32.417006007233,15.217158,20.794755616868596
15,13.618,29.834604907034695,26.19404538789388,9.619294000000002,8.612655725427405
15,14.314,29.834604907034695,26.063076677909816,8.830728000000004,8.225302851209502
15,15.004,29.834604907034695,25.57719919219513,10.080705,8.871932719209456
15,16.387,29.834604907034695,27.729801718931313,9.174020999999998,9.823202199493288
15,17.176,29.834604907034695,27.99989803068766,8.146445000000005,10.826553546189308
15,17.8,29.834604907034695,26.931443650563182,7.976602000000005,8.68822360373873
15,18.466,29.834604907034695,27.61181852906602,8.382816,10.286584385141245
15,19.156,29.834604907034695,27.9456656020394,10.712282000000002,11.1370531346521
15,19.846,29.834604907034695,31.508710096865354,17.104407000000002,16.493012274838193
15,20.19,29.834604907034695,32.01762591448931,13.41903,17.98414353820726
15,20.491,29.834604907034695,31.034337587352557,13.714814,12.844467755422412
15,20.667,29.834604907034695,28.486528172673303,8.670563000000001,9.55840619354522
15,20.867,29.834604907034695,29.705991736497314,12.379254000000001,12.46482737361543
15,21.068,29.834604907034695,28.989356227380277,14.823825999999997,15.138856957164977
15,21.194,29.834604907034695,32.08181876085095,14.373784999999998,17.349226514162485
15,21.371,29.834604907034695,30.523549198549556,14.248144999999997,15.208295602294937
15,21.546,29.834604907034695,32.42720678629155,16.304866999999998,20.90446828832875
15,21.722,29.834604907034695,29.971894114282403,15.912979999999997,15.409444257937244
15,21.903,29.834604907034695,30.700543337209723,8.624884999999999,12.052138481885189
15,22.429,29.834604907034695,31.2908173940027,13.772262999999995,24.26921615187353
15,22.605,29.834604907034695,30.78619672384474,11.415893000000004,14.723629719013328
15,22.781,29.834604907034695,30.914815728887387,11.589388999999999,12.701827754247368
15,22.957,29.834604907034695,30.613081642257978,15.866065999999998,12.819808756921171
15,23.132,29.834604907034695,31.204726483925956,20.265662000000006,13.521453650007171
15,13.618,29.834604907034695,30.50034406862303,10.946023000000004,11.757613391620978
15,14.314,29.834604907034695,28.059320120708243,14.758542000000002,8.570739527856702
15,15.004,29.834604907034695,27.61110839211655,10.509420000000002,10.125875229001425
15,16.387,29.834604907034695,31.862258684990994,10.519974000000001,15.02294708285218
15,17.177,29.834604907034695,27.458343648508777,15.813736999999994,9.46714483487579
15,17.8,29.834604907034695,27.558300661006797,9.290827000000002,7.2325177550035376
15,18.466,29.834604907034695,26.902695880151544,16.080210999999995,9.374281633186223
15,19.156,29.834604907034695,30.42055695295757,16.45831400000001,11.253721241371878
15,19.846,29.834604907034695,28.782743999999877,17.400338,11.972873853381179
15,20.19,29.834604907034695,31.291225530988264,18.020610000000005,18.655087269597278
15,20.491,29.834604907034695,31.707795842440582,17.065555000000003,22.050687636193803
15,20.667,29.834604907034695,30.667090844756864,17.472193,17.351368779645924
15,20.867,29.834604907034695,28.93361627202675,17.692959000000002,11.260564552397156
15,21.068,29.834604907034695,30.029395150593075,18.436220000000006,17.090022943372514
15,21.194,29.834604907034695,31.08360435234468,18.116194,13.072943864800639
15,21.371,29.834604907034695,29.03411349881884,21.218539000000007,17.63984437673159
15,21.546,29.834604907034695,30.902730339361995,19.550428999999998,20.04744496769673
15,21.723,29.834604907034695,30.358433987409313,17.927981,18.302458175802236
15,21.903,29.834604907034695,30.203946485503632,19.87582100000001,13.17043207072675
15,22.429,29.834604907034695,30.27291389152623,22.535501000000004,22.204832671888205
15,22.605,29.834604907034695,32.19910323386303,17.91026,17.505102504841673
15,22.781,29.834604907034695,33.243284245639884,12.138242999999997,16.71479097882398
15,22.957,29.834604907034695,31.512971453634634,19.595067,15.4820452243746
15,23.132,29.834604907034695,30.17049338045124,20.707891,14.35152755720619
15,13.619,29.834604907034695,30.056959119863627,10.961961999999998,14.992457735479558
15,14.314,29.834604907034695,27.155795344959877,10.963308,8.307408978510413
15,15.004,29.834604907034695,27.420199935567087,12.392536000000002,7.984944317133878
15,16.387,29.834604907034695,28.472118432429394,16.843380999999994,14.025893334491506
15,17.177,29.834604907034695,27.044492557343347,15.051926000000002,9.432384227764652
15,17.8,29.834604907034695,28.13214541737515,14.161418,10.668453857409968
15,18.466,29.834604907034695,27.438333759994915,16.778313999999998,10.548493144995948
15,19.156,29.834604907034695,29.15389453158692,17.15336900000001,10.331482852801157
15,19.846,29.834604907034695,28.87460608353742,19.516356000000005,11.623883739226251
15,20.19,29.834604907034695,31.450042885707997,16.082004000000005,16.68064207058592
15,20.491,29.834604907034695,28.93908532982416,16.716370000000005,15.916938444375168
15,20.667,29.834604907034695,29.281587252907073,19.326040000000003,11.12139858708695
15,20.867,29.834604907034695,32.27188080369823,18.163315,15.58466082357508
15,21.068,29.834604907034695,31.801342521149184,17.163652000000003,17.42756209597628
15,21.194,29.834604907034695,30.069236491001845,19.13342200000001,11.704853614744787
15,21.371,29.834604907034695,30.109912287538954,19.533348,18.713379305362515
15,21.546,29.834604907034695,28.45901182458566,17.909148000000002,11.704853614744787
15,21.723,29.834604907034695,30.713537721198044,18.397408,18.907520682871958
15,21.903,29.834604907034695,32.2907044864829,13.832027,15.172965656877166
15,22.429,29.834604907034695,30.938914512216176,20.573272000000003,23.278367600519132
15,22.605,29.834604907034695,33.5614730392391,21.213136000000006,22.468711757904135
15,22.781,29.834604907034695,32.440085708091544,16.343873000000002,14.908656033313953
15,22.957,29.834604907034695,32.88552621253091,20.646782,23.218733185563362
15,23.132,29.834604907034695,30.43309296197907,20.236868000000005,11.56408438159311
16,15.183,29.25406615761689,25.398501481296154,14.883999000000001,6.996274819573066
16,15.419,29.25406615761689,27.48626341160382,16.44072,9.722029234632206
16,15.655,29.25406615761689,30.581486669266276,16.951474999999988,10.25147431293012
16,15.891,29.25406615761689,28.300018030109385,18.603065000000004,11.268820249276589
16,16.127,29.25406615761689,30.497446347094737,22.276586,12.723915031955888
16,16.363,29.25406615761689,28.956676053890526,14.339567000000002,9.466322685352267
16,16.599,29.25406615761689,30.31904946855569,15.759142999999996,10.578561903603127
16,16.835,29.25406615761689,28.945243485212302,15.763963999999996,10.902517592487676
16,17.071,29.25406615761689,30.950125671263443,18.776453999999998,11.704123705135677
16,17.34,29.25406615761689,29.435279242571777,14.722099000000004,11.39240567282409
16,17.545,29.25406615761689,28.411868020415707,17.048654000000003,9.670555817105345
16,18.031,29.25406615761689,31.90299391929704,22.634282999999996,12.680916139363081
16,18.49,29.25406615761689,29.671287427879108,17.275274000000003,11.015686979539785
16,18.951,29.25406615761689,30.91990230390799,17.250546999999994,11.03395810203703
16,19.349,29.25406615761689,29.99464720062736,20.653363000000002,12.387089143197507
16,19.874,29.25406615761689,29.14785529346987,19.656456,12.628036148655967
16,20.336,29.25406615761689,30.017773126009548,20.09963100000001,13.41892945500356
16,20.797,29.25406615761689,31.091549587850587,15.382322000000002,10.294968840708403
16,21.259,29.25406615761689,31.060542301963,13.558812,12.185115654483258
16,21.72,29.25406615761689,32.44869201429582,19.150016000000004,13.24844685866045
16,22.182,29.25406615761689,31.81791933334779,20.73155100000001,14.410193231131803
16,22.644,29.25406615761689,30.474302180517572,14.745439000000006,12.721181277524238
16,23.105,29.25406615761689,30.142277115137237,18.850735,14.140266054581545
16,15.183,29.25406615761689,26.053174015668993,17.598475,7.343575097009244
16,15.419,29.25406615761689,28.63742373017334,22.195465,12.346956512041503
16,15.655,29.25406615761689,31.02208987966199,20.999000000000006,11.482319428311717
16,15.891,29.25406615761689,30.157739157893808,20.468582000000005,11.641446532692825
16,16.127,29.25406615761689,29.77607544967905,20.605600999999997,13.325740477407193
16,16.363,29.25406615761689,28.293836322251714,14.980872999999999,9.802364006552613
16,16.599,29.25406615761689,30.66298856666825,21.507983000000003,12.41636422243448
16,16.835,29.25406615761689,28.85977877859141,22.974812999999994,13.8122772913599
16,17.071,29.25406615761689,30.39077259360478,19.135257999999993,11.494915101432037
16,17.34,29.25406615761689,29.256928815540206,14.521766999999993,10.827885846690899
16,17.546,29.25406615761689,28.74817664423776,17.454718999999997,13.268724477707996
16,18.031,29.25406615761689,32.06209291709741,20.657407999999997,13.521590516958884
16,18.49,29.25406615761689,26.179509258082067,15.569160000000002,8.339149562434955
16,18.951,29.25406615761689,30.329122495703174,13.371050000000002,11.268966793256794
16,19.349,29.25406615761689,29.92701254396546,20.284267000000007,13.74328752233947
16,19.874,29.25406615761689,26.813052388323985,14.285211000000002,12.71660818709714
16,20.336,29.25406615761689,30.054761473662545,11.50686,10.57441438038536
16,20.797,29.25406615761689,29.387965499465093,13.186441000000002,9.006365490624699
16,21.259,29.25406615761689,28.020586778959455,14.75106,13.772232049237942
16,21.72,29.25406615761689,28.002703552564956,19.302300999999996,16.443620415154722
16,22.182,29.25406615761689,30.814235782173306,21.617730000000005,12.535755091553295
16,22.644,29.25406615761689,30.467320386901385,16.648787000000006,14.528190422760378
16,23.105,29.25406615761689,30.5665286890757,19.243297000000016,16.40717410578521
16,15.183,29.25406615761689,27.63452325396556,17.643176000000004,13.289099137561037
16,15.419,29.25406615761689,27.62287021657753,19.305693000000005,11.164966364537632
16,15.655,29.25406615761689,31.03329918395889,22.183583,11.112884740027598
16,15.891,29.25406615761689,29.752073801362002,19.616992999999997,12.166063246235492
16,16.127,29.25406615761689,27.43208336929262,15.733362999999997,9.579130619398578
16,16.363,29.25406615761689,26.065704738648105,15.036635999999996,12.461962355680836
16,16.599,29.25406615761689,28.416513467876214,18.776429999999998,12.132483192486566
16,16.835,29.25406615761689,29.255471211090406,18.36724499999999,10.676046347894806
16,17.071,29.25406615761689,31.74539327419716,22.159519999999997,12.638723719384688
16,17.34,29.25406615761689,27.170034802473737,13.166943999999996,10.334753253036062
16,17.546,29.25406615761689,28.686924658775496,17.047383999999994,12.198333371559407
16,18.031,29.25406615761689,30.85370833330921,17.898425999999997,11.367794792000584
16,18.49,29.25406615761689,27.829941487606987,13.15496,9.324049703066242
16,18.951,29.25406615761689,29.541495334269374,17.260654999999996,12.545475869445493
16,19.349,29.25406615761689,28.79916593823709,13.121947,9.010514863232098
16,19.875,29.25406615761689,29.55714390353274,18.517942,12.497066555326228
16,20.336,29.25406615761689,30.593230681673692,21.034745999999995,14.166886426737682
16,20.797,29.25406615761689,27.895652822429938,14.427494000000001,11.981802087522846
16,21.259,29.25406615761689,28.408720452993478,17.529018000000004,13.361954747955675
16,21.72,29.25406615761689,29.84101033835207,20.310980999999998,15.781049151715287
16,22.182,29.25406615761689,32.813420510560945,19.098145000000006,14.537201402986506
16,22.644,29.25406615761689,28.531934524082107,20.153811000000005,16.75076425982358
16,23.105,29.25406615761689,32.04103223483176,20.680413,17.198656033883143
16,15.183,29.25406615761689,26.967264445255562,23.202999000000005,12.570438540614983
16,15.419,29.25406615761689,26.619399625010626,14.693023999999996,10.020536744040873
16,15.655,29.25406615761689,28.797520912148922,18.774647000000005,12.434621881545088
16,15.891,29.25406615761689,29.833053193453843,21.375444999999992,12.32884806115525
16,16.127,29.25406615761689,31.476908746274052,23.098695999999997,11.9455996177613
16,16.363,29.25406615761689,27.9831246048973,21.160949000000006,12.479813270444879
16,16.599,29.25406615761689,32.98728062624632,23.05456499999999,12.020504983665514
16,16.835,29.25406615761689,30.601525401459458,16.483380999999998,8.942974338723452
16,17.071,29.25406615761689,31.20634560920749,23.968251999999993,14.187442989645001
16,17.34,29.25406615761689,28.676436087515782,21.766652,12.900537740156587
16,17.546,29.25406615761689,26.715980830664133,20.263463999999995,14.861690495280627
16,18.031,29.25406615761689,30.346644499972594,21.413732000000003,12.930546289508698
16,18.49,29.25406615761689,28.299807751079157,17.142686,12.687728286849364
16,18.951,29.25406615761689,30.34327397227153,21.693151000000004,13.531169179221989
16,19.349,29.25406615761689,31.12964666418473,22.24718,13.416772967607978
16,19.875,29.25406615761689,30.633071077264912,17.721712999999998,12.907570513599989
16,20.336,29.25406615761689,30.773222806401883,17.6972,11.482288742924972
16,20.797,29.25406615761689,31.92872558580685,22.245596000000006,13.394761015765264
16,21.259,29.25406615761689,29.061713205801237,18.538539999999998,13.954976129992247
16,21.72,29.25406615761689,32.01347732952284,21.19650099999999,13.479224674057097
16,22.182,29.25406615761689,31.687449583266172,20.820441000000006,14.185530975723493
16,22.644,29.25406615761689,28.668657100692204,11.512744,10.977295242157608
16,23.105,29.25406615761689,31.52352565625965,20.133053000000004,17.23894571550562
16,15.183,29.25406615761689,28.96282754238386,15.527421999999996,10.780602093459152
16,15.419,29.25406615761689,27.002786796937468,13.692973999999998,9.465554104580802
16,15.655,29.25406615761689,28.688707348020717,14.733689,9.216827242303337
16,15.891,29.25406615761689,28.039687240875054,17.648048999999986,9.807435344392871
16,16.127,29.25406615761689,30.94258508733173,19.014260000000004,11.655856118917223
16,16.363,29.25406615761689,29.746101970364638,15.924671999999992,9.176655609176935
16,16.599,29.25406615761689,31.073572578542233,21.778318,10.594564729446992
16,16.835,29.25406615761689,30.10708006737064,19.350631999999997,12.013030701727079
16,17.071,29.25406615761689,29.551504506540745,16.047069999999994,11.710211709194986
16,17.34,29.25406615761689,29.32357708592958,18.856894999999994,12.33518205982674
16,17.546,29.25406615761689,29.872212086100127,19.569165,12.529536575089283
16,18.031,29.25406615761689,31.66613595875511,19.68165,13.920374694793395
16,18.49,29.25406615761689,27.225036818178864,12.835743999999998,11.134217595631602
16,18.951,29.25406615761689,33.784292260625485,20.30199499999999,14.434711685879215
16,19.349,29.25406615761689,29.568900847749084,14.770687,10.972812835330528
16,19.875,29.25406615761689,30.75999944146161,19.281051000000005,14.338520214231474
16,20.336,29.25406615761689,32.27666513767901,16.323901000000006,11.96681296969377
16,20.797,29.25406615761689,31.909069234320192,15.823430000000004,12.272422625427325
16,21.259,29.25406615761689,30.857395223436566,18.657420999999996,12.98092647693936
16,21.72,29.25406615761689,28.952980259832586,17.004796000000002,13.284893791458952
16,22.182,29.25406615761689,31.4256554106302,16.877155000000002,13.066336667156738
16,22.644,29.25406615761689,29.62231466034281,13.341177000000002,13.297169035122804
16,23.105,29.25406615761689,31.869336680936193,17.280302,15.339840247550125
16,15.183,29.25406615761689,27.627856480454525,14.042443999999996,10.213577010959115
16,15.419,29.25406615761689,28.785199757471553,21.66192700000001,11.629339592671974
16,15.655,29.25406615761689,30.63524137281277,18.725172999999998,11.719785237389779
16,15.891,29.25406615761689,29.69475212126193,23.374562,13.700381309176004
16,16.127,29.25406615761689,31.02377359030935,17.971095999999992,11.864342072229684
16,16.363,29.25406615761689,29.42153299506798,19.163111999999998,10.070495535871341
16,16.599,29.25406615761689,30.178093077241225,16.18111,11.689757406161222
16,16.835,29.25406615761689,30.17363347137331,18.404151999999993,11.440816542789186
16,17.071,29.25406615761689,30.0937031630695,16.135388999999993,10.376166808653597
16,17.34,29.25406615761689,31.472813137695766,23.656522999999996,14.036762604665727
16,17.546,29.25406615761689,28.953079460798843,16.454768999999988,10.81635852912698
16,18.031,29.25406615761689,30.91010755690382,21.636520999999995,13.089770710959142
16,18.49,29.25406615761689,30.07009528450067,15.770267000000004,11.620003034031187
16,18.951,29.25406615761689,32.222745541434094,20.272380999999992,14.667987659850144
16,19.349,29.25406615761689,31.90842297565885,20.209607000000002,11.510933165080305
16,19.875,29.25406615761689,29.07905478591814,10.862095000000004,10.163199763300902
16,20.336,29.25406615761689,30.219305139924806,14.306842000000001,10.792996614985585
16,20.797,29.25406615761689,31.38151682372188,22.480252000000004,14.075485014726356
16,21.259,29.25406615761689,31.306878252985317,13.520528000000002,12.341836674294937
16,21.72,29.25406615761689,31.974789706683673,20.430204000000007,15.46501882966932
16,22.182,29.25406615761689,31.465476253985035,21.306983,15.515300568768037
16,22.644,29.25406615761689,29.414765829319204,10.942257000000005,12.78254103141983
16,23.105,29.25406615761689,32.261453904358284,18.536878000000005,14.973200378686508
17,25.093,29.591002243589745,25.460531355486765,31.797371999999985,27.898113722797557
17,26.308,29.591002243589745,23.591906174705038,26.577370999999992,23.185628427608737
17,27.522,29.591002243589745,26.147629255167516,29.91139499999999,27.13416238673495
17,28.736,29.591002243589745,26.62141985261114,30.48418099999999,28.197303654840635
17,29.951,29.591002243589745,23.163327096796703,29.803631,27.512824977604648
17,31.165,29.591002243589745,27.109343277242125,30.380708999999992,28.91037454114898
17,32.379,29.591002243589745,23.341686138728118,29.563749999999995,28.027728025343382
17,33.594,29.591002243589745,25.94105202199266,25.388145999999992,24.4741797157209
17,34.807,29.591002243589745,25.957240944355668,31.071679999999986,28.7939472065476
17,36.022,29.591002243589745,27.248586472149018,30.264950999999996,30.65460438068098
17,37.236,29.591002243589745,24.77207061783174,29.070414999999997,28.03835231371906
17,38.45,29.591002243589745,25.733019347985536,28.43072,26.38151486738684
17,39.738,29.591002243589745,26.44644179432042,35.31627300000002,30.58931132492534
17,38.367,29.591002243589745,29.34010586231106,32.94760199999998,32.27500259371472
17,36.984,29.591002243589745,27.450063006753595,35.41436999999999,31.67094665160514
17,35.608,29.591002243589745,24.909868407747414,25.138462000000004,26.227993747751267
17,34.024,29.591002243589745,25.5592088848825,28.676443000000027,27.745319368508984
17,32.832,29.591002243589745,27.98798119541969,34.969768000000016,32.86314320338863
17,31.439,29.591002243589745,26.00590394070296,31.036527999999997,29.284568431575202
17,29.863,29.591002243589745,28.320988106484585,30.031556000000013,29.052814450584595
17,28.676,29.591002243589745,27.23199292648904,35.04271600000001,32.28033688966541
17,27.292,29.591002243589745,36.495138606530595,35.27046,34.88490147109811
17,25.906,29.591002243589745,28.887729533691385,34.34633999999999,32.66088800120562
17,24.522,29.591002243589745,31.81890748294265,32.22494,33.29465289466847
17,25.093,29.591002243589745,25.307630094066717,29.115442999999985,25.92840402578113
17,26.308,29.591002243589745,24.555336308285604,30.766387999999992,27.225565169684437
17,27.522,29.591002243589745,25.852231643479048,31.72300999999999,28.07077980747878
17,28.736,29.591002243589745,26.348960788618673,30.207628999999994,28.460248138047035
17,29.951,29.591002243589745,25.14606280125488,31.93864999999999,28.791360968728924
17,31.165,29.591002243589745,24.45921898273597,32.34753999999999,27.526594008981068
17,32.379,29.591002243589745,28.01456968026555,30.510279999999998,29.88347184171063
17,33.594,29.591002243589745,21.179959220650456,22.19135699999999,20.584986794062566
17,34.807,29.591002243589745,25.658463184441256,32.05102999999999,29.093856839506063
17,36.022,29.591002243589745,27.566305736993503,27.620059999999985,29.932838853450843
17,37.236,29.591002243589745,24.14446194986933,33.000901,30.06000582704094
17,38.45,29.591002243589745,27.32820640578872,34.78682000000002,31.65586122582187
17,39.738,29.591002243589745,27.873741717242247,35.054979999999986,32.03573070173471
17,38.367,29.591002243589745,24.533102742024703,24.784391,23.762617180183895
17,36.984,29.591002243589745,26.287087952684537,32.277596,29.775008680839477
17,35.608,29.591002243589745,27.85411590129777,33.903670000000005,31.283627239605728
17,34.024,29.591002243589745,27.960713759607717,35.593040000000016,32.31706382516965
17,32.832,29.591002243589745,30.36989234113222,33.179000000000016,33.398261477283334
17,31.439,29.591002243589745,27.538028790830772,29.44223299999999,31.972098201119447
17,29.863,29.591002243589745,25.27765141050051,31.320167000000005,33.767534441226
17,28.676,29.591002243589745,26.68470899265996,29.097706,27.082784743592004
17,27.292,29.591002243589745,27.668044858513767,35.00495,33.009715440076256
17,25.905,29.591002243589745,27.79398644850867,31.518779,31.629721585042933
17,24.522,29.591002243589745,29.23773830696146,36.62990999999999,33.31765080256955
17,25.093,29.591002243589745,24.436151382100817,31.080120999999973,26.588312823426943
17,26.308,29.591002243589745,25.61050249010401,32.01299999999999,27.401913324131353
17,27.522,29.591002243589745,26.773715997779846,30.28485599999998,28.452469500158017
17,28.736,29.591002243589745,25.72135865431472,28.374364999999994,28.488257009518392
17,29.951,29.591002243589745,26.777391010869405,30.80120799999999,28.97472837498002
17,31.165,29.591002243589745,25.022641238568472,32.390645,28.059313178455564
17,32.379,29.591002243589745,24.384024098464177,31.802501999999993,27.90115215823412
17,33.594,29.591002243589745,25.788537916448394,29.982871999999993,29.62504584518651
17,34.807,29.591002243589745,25.662207800625733,25.76279199999998,29.2939141154468
17,36.022,29.591002243589745,27.312708732385293,30.313815000000012,29.979274283751817
17,37.236,29.591002243589745,22.304163065158484,22.374242999999993,21.776223822658057
17,38.45,29.591002243589745,24.787070831038868,31.622913999999987,29.415449287341417
17,39.738,29.591002243589745,28.549569884084185,33.950689999999994,31.686292266710257
17,38.367,29.591002243589745,29.399462286505734,31.48424500000001,31.40799129189295
17,36.984,29.591002243589745,25.977134008782816,34.410429,30.056432598638946
17,35.607,29.591002243589745,25.891888068934747,29.500961999999994,29.419132570397323
17,34.024,29.591002243589745,26.590662724635713,34.050839,31.877667363390128
17,32.832,29.591002243589745,28.424749398599015,31.33724800000001,32.91802880351226
17,31.439,29.591002243589745,24.64164779685471,32.31690900000002,29.956277758564497
17,29.863,29.591002243589745,26.34329935287101,31.97374300000001,32.68674567700278
17,28.676,29.591002243589745,24.129029160504246,26.108121999999998,27.455025447357105
17,27.292,29.591002243589745,26.597660245993037,31.918651999999994,31.822766276114272
17,25.905,29.591002243589745,26.422728715924443,33.377622,31.389603317795945
17,24.522,29.591002243589745,28.99859325288339,35.04392,33.3149721852193
17,25.094,29.591002243589745,28.89988843847906,29.378505999999987,28.87115713446711
17,26.308,29.591002243589745,25.217514540260517,28.737019,27.299337314028616
17,27.522,29.591002243589745,26.34103301047281,31.778149999999986,28.211698315572807
17,28.737,29.591002243589745,25.480795392324634,29.603142,28.048105752541623
17,29.951,29.591002243589745,26.330990956563056,33.17207999999999,27.545043744093007
17,31.165,29.591002243589745,27.356694516686847,28.232024999999986,27.76836153821468
17,32.38,29.591002243589745,22.9314440771747,24.4808,22.28114670055536
17,33.594,29.591002243589745,24.015469444276558,29.816555999999988,26.609559419275325
17,34.808,29.591002243589745,24.53380402515188,30.10273599999998,28.242016773519907
17,36.022,29.591002243589745,25.761161092701524,32.790462,29.707235628526657
17,37.236,29.591002243589745,22.9701871039993,25.015037999999986,23.59772856524677
17,38.451,29.591002243589745,25.700273605882675,33.83107799999999,29.72385130970457
17,39.738,29.591002243589745,28.42335650768707,33.89609,31.76678296681017
17,38.367,29.591002243589745,26.691396174468615,34.305420000000005,31.146379822797705
17,36.983,29.591002243589745,28.346657276187372,33.79481000000001,31.969972805608837
17,35.607,29.591002243589745,28.57535454919814,31.870940999999988,32.451124553339085
17,34.023,29.591002243589745,29.25623481253316,32.084449,33.559442820753965
17,32.832,29.591002243589745,25.72507658193878,32.248212,31.79990949270434
17,31.439,29.591002243589745,27.01069594445311,35.00793000000001,31.147736187165908
17,29.863,29.591002243589745,25.498424202041697,27.285618000000003,27.42850228741398
17,28.675,29.591002243589745,25.55697025676238,26.622489,26.886546810753256
17,27.292,29.591002243589745,29.0992245190663,31.103599,33.03136238734666
17,25.905,29.591002243589745,26.74598602443386,33.155718,31.149949405841678
17,24.521,29.591002243589745,29.13730186540824,35.770230000000005,32.81112101660019
17,25.094,29.591002243589745,25.838225069301636,31.103679999999976,28.15123954359116
17,26.309,29.591002243589745,26.102339035202583,27.14535799999999,28.336322281621833
17,27.522,29.591002243589745,26.332070168206762,28.379306,26.235820543153196
17,28.737,29.591002243589745,26.69443583238228,26.153325,23.84553032784847
17,29.951,29.591002243589745,28.22390627694756,31.212459999999975,29.39404850457599
17,31.165,29.591002243589745,26.913094524668804,30.449226999999997,28.801644577494912
17,32.38,29.591002243589745,26.77342452483967,32.08677099999999,30.141363627108863
17,33.594,29.591002243589745,27.303439005531512,34.14973,30.054820892114737
17,34.808,29.591002243589745,25.867587281782313,32.76811799999999,30.13705495102366
17,36.022,29.591002243589745,25.16618262509162,30.101065,28.428426781207634
17,37.237,29.591002243589745,26.283868004703507,33.369705999999994,31.343322759628343
17,38.451,29.591002243589745,27.00081942799558,30.937915999999987,30.611691736237596
17,39.738,29.591002243589745,31.158271798215175,33.6631,31.69273447049827
17,38.367,29.591002243589745,24.40808447592146,28.042503,27.368155224314098
17,36.983,29.591002243589745,29.73317994278528,33.57104,31.652499820520884
17,35.607,29.591002243589745,29.258735410134037,34.43743899999999,32.171295362390374
17,34.023,29.591002243589745,27.195103334816004,34.82070699999999,32.23537962892643
17,32.832,29.591002243589745,29.96151060911609,34.40684000000002,33.43341595273043
17,31.439,29.591002243589745,23.54612788615032,26.195036000000012,24.845899736836447
17,29.863,29.591002243589745,27.25545838553539,29.476349999999996,29.518382815691165
17,28.675,29.591002243589745,27.014715748531216,29.67767899999999,30.930491821384017
17,27.292,29.591002243589745,27.733962993620587,27.70547400000001,28.446598308282393
17,25.905,29.591002243589745,27.403355377045393,32.168478,32.86183062655614
17,24.521,29.591002243589745,26.136851172828088,28.68726000000001,29.125718262659877
17,25.094,29.591002243589745,27.924480504309024,30.998139999999992,28.42932723190323
17,26.309,29.591002243589745,29.358151898676407,31.161969999999982,28.301520273586124
17,27.522,29.591002243589745,23.21558763355332,23.621533,21.171627530587593
17,28.737,29.591002243589745,26.918032543868605,24.604819999999986,25.61830907183494
17,29.951,29.591002243589745,26.46781643331896,28.75150799999999,27.43587572507558
17,31.165,29.591002243589745,26.36651328900468,31.743287999999993,28.941658707002063
17,32.38,29.591002243589745,27.07149270713555,31.327387999999996,29.773930714880667
17,33.595,29.591002243589745,25.85085931121855,30.560737999999994,27.63825704042119
17,34.808,29.591002243589745,26.678556571529548,33.164688999999996,29.730115012309184
17,36.022,29.591002243589745,28.883082772778966,31.001789999999993,29.042668912615937
17,37.237,29.591002243589745,23.648409392415786,22.947241999999992,22.037754465524717
17,38.451,29.591002243589745,23.04836749004633,25.632816999999996,25.131099946897198
17,39.738,29.591002243589745,28.745424627121917,35.60978000000001,31.97141573741321
17,38.367,29.591002243589745,31.433984925130222,32.62973,32.20025429090242
17,36.983,29.591002243589745,31.526277896712813,34.456589000000015,32.544050752923724
17,35.607,29.591002243589745,29.5720245068318,36.12155000000001,32.414190885186805
17,34.023,29.591002243589745,28.13313972275615,31.86434,31.175212175533506
17,32.832,29.591002243589745,30.446303805186353,30.992587999999998,33.79614049231137
17,31.439,29.591002243589745,25.281623683947075,29.37066600000001,27.43144919027425
17,29.863,29.591002243589745,28.367932288523278,30.92775900000001,32.064426688616976
17,28.675,29.591002243589745,27.906109310936984,32.268905999999994,33.303518978450434
17,27.291,29.591002243589745,27.896551349293574,32.332289999999986,33.641388626522925
17,25.905,29.591002243589745,28.139421107385456,31.534875999999986,31.25802480916676
17,24.521,29.591002243589745,30.993956780998605,34.247469,32.38908989433843
18,7.9555,28.84628394270637,31.161630814096622,29.424620000000015,20.317945617354685
18,7.8841,28.84628394270637,29.3817007791259,28.525890000000004,19.99939291427105
18,7.8128,28.84628394270637,32.07773345339796,28.917420000000003,20.84716451117348
18,7.7409,28.84628394270637,31.55578070552266,27.526720000000005,19.2326508309673
18,7.6689,28.84628394270637,30.559446795829693,27.22166999999999,20.318565232949428
18,7.5978,28.84628394270637,32.727524625121255,30.01919999999999,22.565557258528916
18,7.4553,28.84628394270637,31.630953883132577,28.52328000000001,21.20732485043537
18,7.3842,28.84628394270637,30.409320938111108,25.073389999999986,20.896889980100788
18,7.3119,28.84628394270637,29.211448611974127,26.987120000000008,21.112984208377718
18,7.241,28.84628394270637,31.812133013207784,27.444540000000003,22.052167251440267
18,7.1699,28.84628394270637,31.776713778166044,28.76273999999999,21.787586175295235
18,7.0982,28.84628394270637,28.565616619788265,23.406510000000004,20.350106782131274
18,7.0,28.84628394270637,27.368153002897365,20.142769999999988,18.50173962810232
18,7.0,28.84628394270637,27.33238969649095,19.39811,18.293223450729176
18,7.0,28.84628394270637,31.237757148616407,32.37718000000002,23.549269006020992
18,7.0,28.84628394270637,27.990535121177718,20.7332,18.65311137573892
18,7.0,28.84628394270637,27.24523876794767,20.238640000000004,19.813709172925904
18,7.0,28.84628394270637,29.86602073373674,25.161910000000002,23.897040822764094
18,7.0,28.84628394270637,33.691771753218575,32.024799999999985,24.425575474088728
18,7.0,28.84628394270637,30.567531895671586,32.89506,23.09294783966211
18,7.0,28.84628394270637,29.127993638769997,20.46118,19.957750645102813
18,7.9555,28.84628394270637,28.71149404865202,22.75362999999999,18.8980756382959
18,7.8841,28.84628394270637,28.223862558249685,25.228519999999993,19.552602842661674
18,7.8128,28.84628394270637,29.44738135524799,25.522169999999992,21.17834295022765
18,7.7409,28.84628394270637,29.636959111642597,23.62452999999998,19.73597411376109
18,7.6689,28.84628394270637,29.459169471989252,22.44279999999998,20.192535818919417
18,7.5978,28.84628394270637,29.391513541308818,24.601859999999988,21.173388319362523
18,7.4553,28.84628394270637,33.10117242251885,28.185129999999987,21.198296086940637
18,7.3842,28.84628394270637,29.298382789900963,26.85639000000001,20.532752440893727
18,7.3119,28.84628394270637,29.711808332312504,25.021079999999994,21.588810121532447
18,7.241,28.84628394270637,34.86396128918215,30.359190000000012,23.27082299478431
18,7.1699,28.84628394270637,30.049718943282688,24.636439999999993,22.06747889986775
18,7.0982,28.84628394270637,28.566598411279255,26.251529999999992,19.980776102250612
18,7.0,28.84628394270637,29.650631600233186,23.95469999999998,19.707083106659304
18,7.0,28.84628394270637,29.09494976494028,20.492950000000004,19.549269661044615
18,7.0,28.84628394270637,31.414825977957335,31.183230000000023,24.00596179664685
18,7.0,28.84628394270637,30.204350400291602,30.18447,23.19533589390182
18,7.0,28.84628394270637,28.284942178394253,22.615917999999994,21.615960437171747
18,7.0,28.84628394270637,34.34173734045973,35.128179999999986,25.530211738985113
18,7.0,28.84628394270637,30.79893793050536,29.862729999999996,24.02830009987533
18,7.0,28.84628394270637,31.712945373663423,23.857029999999988,23.08405555133274
18,7.0,28.84628394270637,29.53917914149049,27.288059999999984,23.658066804046268
18,7.9555,28.84628394270637,29.431431080876873,21.888759999999987,19.707023830636544
18,7.8841,28.84628394270637,28.66426267369399,27.09566,20.12915082570725
18,7.8128,28.84628394270637,28.175706716189616,25.814669999999992,20.451103781206665
18,7.7409,28.84628394270637,34.89931499378318,27.076590000000007,20.02073016742817
18,7.6689,28.84628394270637,29.656131079927597,21.358803999999985,20.065227301399183
18,7.5978,28.84628394270637,28.692204084200917,22.789579999999983,20.55730184149212
18,7.4553,28.84628394270637,34.661646703663074,30.206640000000004,21.76584303415481
18,7.3842,28.84628394270637,29.161984043196178,24.419849999999986,21.23580170622224
18,7.3119,28.84628394270637,28.61707990697879,22.129659999999987,19.632373484438816
18,7.241,28.84628394270637,37.36637393764333,29.9007,22.648329341929607
18,7.1699,28.84628394270637,28.9453860063853,21.467620999999987,19.382761126431525
18,7.0982,28.84628394270637,29.187837076561863,29.296220000000016,21.77260161526421
18,7.0,28.84628394270637,29.76873860145144,27.072839999999992,20.780747971732524
18,7.0,28.84628394270637,29.270444442999818,26.06106999999999,20.21586196351611
18,7.0,28.84628394270637,30.290996977124987,28.67534999999999,23.28863742426511
18,7.0,28.84628394270637,31.46643759308234,32.36001000000002,24.405919511927216
18,7.0,28.84628394270637,28.363490821737077,22.511399999999995,21.63325408652968
18,7.0,28.84628394270637,29.600402880788277,23.410944000000004,23.645535853003274
18,7.0,28.84628394270637,31.032082828202736,27.564040000000006,23.877183096902076
18,7.0,28.84628394270637,33.58632075410148,24.504029999999993,24.066693406898327
18,7.0,28.84628394270637,30.180986587011873,23.04927,23.633649942439273
18,7.9555,28.84628394270637,28.095949369695862,22.530709999999985,18.144908574921914
18,7.8841,28.84628394270637,27.055118734034586,25.888520000000003,19.622250946561
18,7.8128,28.84628394270637,29.599230931837884,25.61206000000001,20.493653640264867
18,7.7409,28.84628394270637,30.986215808774556,25.129890000000003,19.07011602587382
18,7.6689,28.84628394270637,32.211363232173525,24.407739999999993,19.25428219457736
18,7.5978,28.84628394270637,28.625723100614994,22.808410999999996,19.921054936542856
18,7.4552,28.84628394270637,34.43791978926697,27.285620000000005,21.509278329842516
18,7.3842,28.84628394270637,30.32502365564252,28.59612000000001,20.666385878750745
18,7.3119,28.84628394270637,27.85117464678898,22.803310999999987,19.801339613068457
18,7.2409,28.84628394270637,33.15917169086143,27.88245,21.740838088943455
18,7.1699,28.84628394270637,32.47976595324396,26.615789999999983,21.719769497324677
18,7.0982,28.84628394270637,28.773985433640664,26.954576999999993,20.978342675143107
18,7.0,28.84628394270637,27.835270482582107,18.584050000000005,18.19243457320753
18,7.0,28.84628394270637,27.496140940856503,19.616720000000004,18.414463476281952
18,7.0,28.84628394270637,28.772713717278275,22.0715,21.208574718869826
18,7.0,28.84628394270637,30.09376690154034,22.561029999999995,20.50003058192777
18,7.0,28.84628394270637,27.456961567592625,20.366150000000005,19.87996091857178
18,7.0,28.84628394270637,31.426800896400106,27.038099999999996,23.24262320408238
18,7.0,28.84628394270637,29.709165651653226,21.557759999999995,22.08249100950389
18,7.0,28.84628394270637,31.42721628488657,22.505590000000005,21.91817686723688
18,7.0,28.84628394270637,29.457173866389905,22.66952999999999,22.384193755688557
18,7.9555,28.84628394270637,28.88332066538899,20.153864999999996,18.057306542230968
18,7.8841,28.84628394270637,28.35950212273948,27.654710000000012,20.26748492993919
18,7.8128,28.84628394270637,30.896846651104205,26.73599,20.755029776191016
18,7.7409,28.84628394270637,29.901158685933538,25.42900999999999,19.889900291765777
18,7.6689,28.84628394270637,30.881664252195264,24.32655999999999,20.149400069199366
18,7.5978,28.84628394270637,28.83157697020232,20.945549999999983,19.47553863903153
18,7.4552,28.84628394270637,33.00426282837536,25.899729999999995,20.277009250750748
18,7.3842,28.84628394270637,30.77251109527378,24.660549999999986,21.01263934506082
18,7.3119,28.84628394270637,28.539868209979176,20.29212199999999,19.598012132092492
18,7.2409,28.84628394270637,32.933987398522376,24.73420999999998,21.712909863775867
18,7.1699,28.84628394270637,32.28474569035491,25.964229999999993,21.710397361991838
18,7.0982,28.84628394270637,31.769070801038147,26.298582999999994,21.997066427541302
18,7.0,28.84628394270637,27.765056203581324,23.09045699999998,19.762393810337073
18,7.0,28.84628394270637,29.008801218837164,22.149305999999992,20.231253732914745
18,7.0,28.84628394270637,31.598614127159305,23.911539999999988,23.33040536250838
18,7.0,28.84628394270637,28.952106741995298,21.71235999999999,21.546711419609625
18,7.0,28.84628394270637,28.837945969432294,24.29946999999999,22.14834704634051
18,7.0,28.84628394270637,31.110014029506978,28.789370000000005,24.08456822697768
18,7.0,28.84628394270637,29.93241100712244,26.594977000000004,23.60393962638829
18,7.0,28.84628394270637,32.97360267593167,27.394849999999987,23.130672991449757
18,7.0,28.84628394270637,30.519965211952226,24.668239999999987,24.19238601728492
18,7.9555,28.84628394270637,30.58697719227455,21.505609999999987,19.203365082589873
18,7.8841,28.84628394270637,29.79175013531013,22.85649999999998,19.962768132637663
18,7.8128,28.84628394270637,30.108087940130194,27.95253000000001,20.863198119641712
18,7.7409,28.84628394270637,30.521084012865245,24.549420000000005,20.262997691425543
18,7.6689,28.84628394270637,29.786047568008673,20.89913399999999,18.681842476531788
18,7.5978,28.84628394270637,28.961853408984478,20.99684999999998,19.485893515368826
18,7.4552,28.84628394270637,32.898493765501705,24.651693,20.827958619994693
18,7.3842,28.84628394270637,29.898937674826104,24.573179999999994,20.69919107092591
18,7.3119,28.84628394270637,28.859419648819046,19.18721399999998,19.293610945959
18,7.2409,28.84628394270637,31.54118491876029,23.28663,22.017609728525823
18,7.1698,28.84628394270637,31.615728587120746,24.992979999999978,21.65288549049841
18,7.0982,28.84628394270637,29.596407439019686,24.519429999999986,20.98190107335033
18,7.0,28.84628394270637,28.047461907825387,21.967122999999994,18.99961435882783
18,7.0,28.84628394270637,28.174630330636194,22.123718999999987,19.143914653416825
18,7.0,28.84628394270637,29.817163356035305,24.746589999999998,23.127771326164225
18,7.0,28.84628394270637,30.489927205958708,24.448452999999986,23.591533661766313
18,7.0,28.84628394270637,29.37158137205084,22.55764099999999,23.022911092855608
18,7.0,28.84628394270637,29.879838748435663,27.4296,24.08456822697768
18,7.0,28.84628394270637,29.146189670211193,22.222854999999992,22.293504215915842
18,7.0,28.84628394270637,31.529934457745355,24.105649999999997,24.12520170678453
18,7.0,28.84628394270637,30.74446669927723,27.9151,24.378341193494155
19,24.321,29.25406615761689,25.053205275407922,30.425280000000015,27.041964262870028
19,24.678,29.25406615761689,24.069724816852908,22.151459999999997,20.50001654877183
19,25.04,29.25406615761689,27.1142822892556,30.722899999999996,26.07436128706592
19,25.389,29.25406615761689,25.97717679380144,23.094610000000003,19.40267028766833
19,25.76,29.25406615761689,26.993377060145022,31.101353000000007,25.194252028868817
19,26.114,29.25406615761689,25.94199622213754,25.131039999999995,25.396967889867295
19,26.477,29.25406615761689,26.639400777576533,24.903219999999997,23.44764534090767
19,26.868,29.25406615761689,27.355282971955646,27.36487999999999,26.362919527790044
19,26.968,29.25406615761689,28.810442727343435,31.84833000000001,28.76241671164753
19,26.908,29.25406615761689,27.736441774032873,26.11026499999998,25.929461743931544
19,26.852,29.25406615761689,28.802469883738453,24.905200000000004,23.331038539946146
19,26.781,29.25406615761689,28.12792430423515,29.499097000000017,30.117162410987444
19,26.663,29.25406615761689,25.92542783212383,23.937759999999997,25.724863043759235
19,26.603,29.25406615761689,25.24466806143607,25.609252,25.739335724842142
19,26.493,29.25406615761689,27.1893492834637,25.59581,26.054935779656443
19,26.408,29.25406615761689,27.22519388252495,24.64309,20.382806889505087
19,26.375,29.25406615761689,26.019878814470133,26.23667,22.996115584268562
19,26.315,29.25406615761689,26.017931312433742,23.079870000000007,23.548786783220038
19,26.23,29.25406615761689,30.576127915615757,27.68538,23.401701783968473
19,26.196,29.25406615761689,27.422762971378678,24.058240000000005,22.487073503792498
19,26.103,29.25406615761689,27.14446266035945,24.987598000000006,23.370221423537043
19,26.002,29.25406615761689,25.94755987581553,22.83239500000001,24.42516586302382
19,24.321,29.25406615761689,26.597392985542136,30.140280000000015,29.495373622405264
19,24.678,29.25406615761689,24.567851745708786,22.701331999999994,19.662029536192325
19,25.04,29.25406615761689,25.329400998153165,28.039669999999987,24.822759800550937
19,25.389,29.25406615761689,27.062147792851114,30.29735300000001,25.320347827636603
19,25.76,29.25406615761689,24.953759613059415,25.792979999999993,23.350283622266584
19,26.114,29.25406615761689,25.541845984625983,25.452010000000016,25.478382294288078
19,26.477,29.25406615761689,24.77386989073917,26.966549999999998,23.970438444764753
19,26.868,29.25406615761689,27.327763909839284,31.429280000000013,30.079474157789534
19,26.968,29.25406615761689,26.93788512475467,26.360969999999973,26.22298899362066
19,26.908,29.25406615761689,28.213036222645282,28.369169999999983,25.42322927784148
19,26.852,29.25406615761689,28.162269505310114,29.99024,27.124457886310243
19,26.781,29.25406615761689,28.028015235914875,29.711090000000016,29.273924708237917
19,26.663,29.25406615761689,29.54593476569729,26.543779999999998,24.262667239702388
19,26.603,29.25406615761689,26.67942402250668,26.84037799999999,24.267324645855187
19,26.493,29.25406615761689,30.530286695394583,29.566549999999996,27.617531924630097
19,26.408,29.25406615761689,26.60169219427226,29.29387,26.067746433573078
19,26.375,29.25406615761689,28.66840556682849,29.777810000000002,25.04464118312735
19,26.315,29.25406615761689,26.434377924694083,22.99911000000001,20.954475584008946
19,26.23,29.25406615761689,31.480844802759428,29.16738000000001,27.22488825248782
19,26.196,29.25406615761689,31.567373699856603,26.43382000000002,23.378054925830313
19,26.103,29.25406615761689,29.98366600023046,27.83644000000001,26.947031055348432
19,26.002,29.25406615761689,26.45134918532359,24.66801600000001,20.5184146931733
19,24.321,29.25406615761689,25.30538110656266,29.285660000000025,28.750918305936203
19,24.678,29.25406615761689,25.947627872859943,23.14123,19.034073717678787
19,25.04,29.25406615761689,26.576275241049878,30.300589999999993,26.546990330624812
19,25.389,29.25406615761689,24.10296662328217,24.006519999999995,21.92415396278926
19,25.76,29.25406615761689,26.991077388264944,24.751300000000015,20.331148960886622
19,26.114,29.25406615761689,27.26793205075881,29.48273999999999,27.390014747136526
19,26.477,29.25406615761689,24.514199229480887,21.969728,21.338683237503588
19,26.868,29.25406615761689,25.37374614804041,26.89375,25.206504483496545
19,26.968,29.25406615761689,27.25466927766796,31.418020000000002,28.865296299627907
19,26.908,29.25406615761689,29.676983871496006,31.718040000000006,28.271549619047597
19,26.852,29.25406615761689,27.5018559462563,23.699069999999992,20.22708856267976
19,26.781,29.25406615761689,25.52009745076808,27.041029999999996,26.162692703199987
19,26.663,29.25406615761689,27.62479486390514,26.610979999999994,27.24633199703475
19,26.603,29.25406615761689,29.06849113313018,28.79076,27.975499329833358
19,26.493,29.25406615761689,28.642096873316767,26.631260000000008,23.983999468209145
19,26.408,29.25406615761689,27.705813068715056,30.01152999999999,27.63831592992613
19,26.375,29.25406615761689,30.84538152703702,29.70442000000001,25.82667912864441
19,26.315,29.25406615761689,29.905712931542404,24.17512000000001,20.298680931849095
19,26.23,29.25406615761689,32.43059019895495,29.042108,27.536223662264064
19,26.196,29.25406615761689,28.649436411812204,25.14419,21.993075545741913
19,26.103,29.25406615761689,28.401347248805223,28.028350000000025,27.53768179776011
19,26.002,29.25406615761689,27.43798869234407,24.355494000000004,22.25524127463267
19,24.321,29.25406615761689,23.973354094637457,28.972010000000015,26.980079035180733
19,24.679,29.25406615761689,23.331463501696337,22.209968,19.338113604764555
19,25.04,29.25406615761689,26.53158098005681,28.54361000000001,24.667324746280094
19,25.389,29.25406615761689,26.326373809897557,23.56308,19.533639880998066
19,26.114,29.25406615761689,27.12717990904643,26.180610000000005,25.678215456812442
19,26.477,29.25406615761689,26.601637763619017,24.079449999999998,20.704290847592397
19,26.868,29.25406615761689,26.83988766381092,26.28758999999999,24.872196300368927
19,26.968,29.25406615761689,29.82267032078257,30.673119999999994,27.48068357961243
19,26.908,29.25406615761689,26.682305219416858,25.76859999999999,21.018218213557258
19,26.852,29.25406615761689,29.268089757676396,24.372360000000004,20.78448695256571
19,26.781,29.25406615761689,25.7735849386055,30.268073000000005,29.49552131895598
19,26.663,29.25406615761689,25.74334383777495,26.25727999999999,25.229574834423033
19,26.603,29.25406615761689,25.912143398142454,26.33342999999998,23.050927357032663
19,26.493,29.25406615761689,29.605012740398184,25.013690000000008,23.008956861094465
19,26.408,29.25406615761689,27.629138698174483,28.216893,26.291014215591094
19,26.375,29.25406615761689,29.161910707768133,23.92775000000001,20.95440139983157
19,26.315,29.25406615761689,27.81674789647058,24.24422000000001,20.483413756805916
19,26.23,29.25406615761689,30.578573540731597,27.235039999999998,27.12252750155606
19,26.196,29.25406615761689,31.025405277720388,28.85009000000001,26.708230830111283
19,26.103,29.25406615761689,30.36284779648598,28.397320000000025,26.70680591295008
19,26.002,29.25406615761689,25.75396794066173,24.633930000000007,24.623002771605666
19,24.321,29.25406615761689,25.430428253439345,22.333091000000003,22.58947721731165
19,24.679,29.25406615761689,27.13380929962608,26.16844000000001,23.12671144165191
19,25.04,29.25406615761689,25.00729157967286,25.94769499999999,24.37692397845224
19,25.389,29.25406615761689,26.86304160376384,25.630777999999985,23.81218672214922
19,25.761,29.25406615761689,25.905190116114078,25.517009999999996,24.10849985442173
19,26.114,29.25406615761689,26.534815736585372,28.105150000000013,26.06215393148283
19,26.477,29.25406615761689,25.381298074600302,23.320726999999998,25.40433318686505
19,26.868,29.25406615761689,24.051071288130707,27.0553,27.40508276261066
19,26.968,29.25406615761689,27.64288500654694,27.665719999999997,24.854577428464335
19,26.908,29.25406615761689,26.79740513553711,23.789353999999992,27.016580908171296
19,26.852,29.25406615761689,28.374813235316577,27.695390000000003,27.87431753749706
19,26.781,29.25406615761689,26.049869671319442,24.726534,26.068850844599737
19,26.663,29.25406615761689,27.734577977649522,25.809070000000002,24.902133214984474
19,26.603,29.25406615761689,26.507029950851617,24.01157999999999,23.172484467783445
19,26.493,29.25406615761689,27.976235747654886,24.89790899999999,25.447668883439544
19,26.375,29.25406615761689,28.361501998444595,26.576470000000008,25.60915706235074
19,26.315,29.25406615761689,28.347798699958908,23.75258000000001,21.45749182684373
19,26.23,29.25406615761689,28.068519928317816,23.735810000000004,24.51443619935495
19,26.103,29.25406615761689,28.684065846250853,24.866940000000003,23.964819861744186
19,26.002,29.25406615761689,28.70629111024788,24.623412000000013,24.01805965611673
19,24.321,29.25406615761689,24.576811384434105,21.996740000000003,23.514199599747197
19,24.679,29.25406615761689,26.378753150672637,26.822320000000012,22.24054734829941
19,25.04,29.25406615761689,29.423856021869508,27.15919,25.03153639828157
19,25.389,29.25406615761689,28.17760444959913,30.39316,26.5713186486065
19,25.761,29.25406615761689,26.469009460938466,27.228829999999984,22.629346644322908
19,26.114,29.25406615761689,24.720106907533452,23.99295,23.92455397472596
19,26.477,29.25406615761689,27.23075019776083,26.439060000000005,24.806364188704897
19,26.868,29.25406615761689,27.181144510354628,27.291600000000013,26.29511195180513
19,26.968,29.25406615761689,26.639837424177284,26.953010000000003,26.76420683138692
19,26.908,29.25406615761689,27.61858193558331,32.04057000000001,28.38865125316588
19,26.852,29.25406615761689,24.787651227087284,26.254969999999986,25.486210437423722
19,26.781,29.25406615761689,27.433611845686887,29.468860000000017,28.278625387493424
19,26.663,29.25406615761689,24.382223010250108,23.461979999999993,24.71907522544772
19,26.603,29.25406615761689,26.826680353660148,23.77334200000001,24.556790947696133
19,26.493,29.25406615761689,27.973462470098614,25.76863400000001,25.35015185697433
19,26.408,29.25406615761689,26.832241673208575,26.288786,25.92505156740653
19,26.375,29.25406615761689,27.77745894306051,24.917160000000003,23.502715993619283
19,26.315,29.25406615761689,29.72942816473826,26.10363,24.33602201930276
19,26.23,29.25406615761689,27.239881808003087,27.128029999999995,23.257009583301294
19,26.196,29.25406615761689,26.20841187110237,21.697624000000015,25.387261320998967
19,26.103,29.25406615761689,28.920376328520977,24.962784000000013,25.783510646419163
19,26.002,29.25406615761689,28.356714745108988,25.505132000000003,23.152687862991566
20,18.362,29.834604907034695,26.31031042731361,28.160509999999995,23.97478614739869
20,18.199,29.834604907034695,26.077801876121452,26.87664,20.770818519193824
20,18.017,29.834604907034695,24.203965948424734,32.43551199999998,24.276489787032567
20,17.841,29.834604907034695,23.61064102516514,34.02869999999998,26.504921926423812
20,17.663,29.834604907034695,25.649189533474306,33.779559999999975,30.089126768079872
20,17.484,29.834604907034695,26.172682225045605,32.19701999999998,29.02811280390255
20,17.305,29.834604907034695,27.050282063543886,35.43834999999999,27.353001434155132
20,17.127,29.834604907034695,25.499637676566714,34.43839999999999,29.855423590028643
20,16.949,29.834604907034695,25.3625580188793,35.90352999999999,27.319906326901574
20,16.768,29.834604907034695,26.09292021781195,34.006609999999995,26.551728155180705
20,16.59,29.834604907034695,25.773719144403973,33.208420000000004,28.643403963867527
20,16.057,29.834604907034695,27.656511417636864,30.169913,27.846770248618245
20,16.14,29.834604907034695,26.173772277426526,35.53979199999998,24.70213318650935
20,16.225,29.834604907034695,25.71397513180926,33.571448,31.885165190560368
20,16.307,29.834604907034695,30.004271022961337,25.775420000000004,23.782502104545877
20,16.391,29.834604907034695,27.994645540531195,35.71541999999998,29.18064684507057
20,16.475,29.834604907034695,27.157495924590354,32.487981999999995,27.53398230758846
20,16.559,29.834604907034695,28.68267415730419,31.805990000000005,26.659724398005995
20,16.641,29.834604907034695,29.818659511062773,34.242810000000006,27.40355168384263
20,16.724,29.834604907034695,29.686579752590212,31.948330000000002,27.747828353722632
20,16.974,29.834604907034695,30.418620086593375,29.05565,24.02305393016364
20,18.362,29.834604907034695,25.062196617496173,27.779319999999995,24.211306973132736
20,18.199,29.834604907034695,24.72719182924031,30.972510000000007,22.710490326558187
20,18.017,29.834604907034695,22.379081685719918,31.844189999999983,27.35187046748452
20,17.841,29.834604907034695,21.922164072751546,27.952180000000002,23.81277619680646
20,17.663,29.834604907034695,23.41080187158402,32.262824999999985,29.421943391788872
20,17.484,29.834604907034695,24.902638603459966,31.264029999999998,24.355704804877206
20,17.127,29.834604907034695,26.075542651012597,28.162549999999996,24.742016415986086
20,16.949,29.834604907034695,25.314240611484273,26.862599999999993,24.49244616310785
20,16.768,29.834604907034695,24.830376414697135,34.45446,24.644976939182104
20,16.59,29.834604907034695,24.979916910440014,32.005372999999985,29.0725645759243
20,16.029,29.834604907034695,28.064234983360187,28.569569999999988,23.555817320649577
20,16.057,29.834604907034695,27.516835254871825,30.36847999999998,30.98029767662988
20,16.14,29.834604907034695,30.66208062528943,26.757029999999983,25.635973929883328
20,16.225,29.834604907034695,25.12913051939204,32.25038900000002,28.718683581376116
20,16.307,29.834604907034695,30.55932399334842,28.130540000000014,23.506607071197404
20,16.391,29.834604907034695,27.930207621751958,33.13548999999999,27.490207502564243
20,16.475,29.834604907034695,28.143864597151964,28.469650000000005,24.444345830247713
20,16.559,29.834604907034695,28.786611147573137,31.830900000000007,25.367793345518425
20,16.641,29.834604907034695,28.31967791716594,31.46598,26.68837549111724
20,16.724,29.834604907034695,27.523890512830704,31.001289999999976,24.254497832733275
20,16.807,29.834604907034695,30.014694383341258,30.026899999999973,28.97628483537815
20,16.891,29.834604907034695,35.405997067520616,29.56387999999999,29.497555492494335
20,16.974,29.834604907034695,29.749645644689767,30.884150000000005,25.303733056594147
20,18.362,29.834604907034695,26.411540232898567,28.245649999999987,24.365125189745353
20,18.199,29.834604907034695,23.87145769289992,30.110729999999986,21.380008510408913
20,18.017,29.834604907034695,22.40220263752795,32.42404,29.006064681128333
20,17.841,29.834604907034695,23.824129114582483,26.539639999999995,24.085254239940515
20,17.663,29.834604907034695,24.48273137594371,33.390679999999975,25.425638108056695
20,17.305,29.834604907034695,24.485829381788086,32.34013,28.1794577869686
20,17.127,29.834604907034695,24.121059127577208,35.01712,25.277945108828337
20,16.949,29.834604907034695,25.10931792264289,33.44078,28.612301755176446
20,16.768,29.834604907034695,26.15865524378828,36.935179999999995,27.17842475364048
20,16.59,29.834604907034695,26.38246421341292,31.27476999999999,28.399113867783928
20,16.029,29.834604907034695,27.975418069793633,34.84416,28.949238891996778
20,16.057,29.834604907034695,29.769485703137363,33.91487999999997,30.741473883889242
20,16.14,29.834604907034695,27.364145534561732,36.18757000000001,27.457844225858718
20,16.225,29.834604907034695,24.864975872761775,34.29143999999999,24.719773938296576
20,16.307,29.834604907034695,26.776689920708563,32.36183,28.91525215160673
20,16.391,29.834604907034695,30.17205489136843,27.684989999999992,27.399918620509123
20,16.475,29.834604907034695,26.312076761220624,27.299919999999993,22.74355549513188
20,16.559,29.834604907034695,30.54615545948701,33.09439000000002,28.04247199899017
20,16.641,29.834604907034695,28.46583223865409,32.496660000000006,25.832765085375968
20,16.724,29.834604907034695,27.126338246152276,28.17598999999999,22.29247926378457
20,16.807,29.834604907034695,28.937848150578436,31.568729999999995,25.483924362057106
20,16.891,29.834604907034695,29.493624802503977,34.73898999999999,26.978588780493453
20,16.974,29.834604907034695,28.693295408143403,29.779399999999995,24.647826848855665
20,18.362,29.834604907034695,24.092923125715448,27.2958,22.581728380701048
20,18.199,29.834604907034695,21.869183634367513,31.224274999999984,24.233137981565605
20,18.017,29.834604907034695,24.926319504753124,33.34133,25.08975744545415
20,17.841,29.834604907034695,24.837172486958487,29.01136999999999,25.448948092217996
20,17.484,29.834604907034695,23.565865565316464,34.211673999999995,25.304760175917824
20,17.305,29.834604907034695,23.35362667840223,33.10356999999999,28.417433064726357
20,17.127,29.834604907034695,23.524732533254078,31.38446399999999,28.089307874384215
20,16.949,29.834604907034695,24.773607389847683,30.877229999999983,23.832324031910872
20,16.59,29.834604907034695,26.85763933626948,29.658360000000002,25.221946967598925
20,16.029,29.834604907034695,27.97850017000156,35.11406999999999,27.573213815369787
20,16.057,29.834604907034695,28.448676859598798,33.46088,25.519497134231763
20,16.14,29.834604907034695,26.04313992650094,32.458760000000005,23.702365559128303
20,16.225,29.834604907034695,26.590571365432208,33.07514999999998,24.516584858889896
20,16.307,29.834604907034695,26.843707493088942,33.11520200000001,26.072728376802743
20,16.391,29.834604907034695,27.24569697098545,34.21073999999998,27.128427615593726
20,16.475,29.834604907034695,28.90226908716583,28.816540000000014,24.056777360510413
20,16.559,29.834604907034695,27.830508561051662,33.346279999999986,26.183806396610223
20,16.641,29.834604907034695,27.97492601378949,33.25023,25.472100877230456
20,16.724,29.834604907034695,28.58473713312075,27.86975,24.758279664136513
20,16.807,29.834604907034695,30.01896045336194,28.446322999999992,28.4943532959529
20,16.891,29.834604907034695,30.8551851222229,28.91952,29.773464423432646
20,16.974,29.834604907034695,29.553862723060632,33.25759999999999,26.000335553811947
20,18.362,29.834604907034695,25.114921655993168,34.03044999999998,27.02044658376773
20,18.199,29.834604907034695,24.87887547038572,31.30908999999999,23.81135735625574
20,18.017,29.834604907034695,26.776896874180835,30.195319999999988,28.15803895319753
20,17.663,29.834604907034695,29.114484775388288,35.426210999999995,29.867031431174155
20,17.484,29.834604907034695,27.987852907566655,28.31235999999998,28.235475256395222
20,17.305,29.834604907034695,26.9255950802949,32.86621999999999,28.324669450980867
20,17.127,29.834604907034695,25.836996136777547,35.65799399999999,27.244327021064873
20,16.949,29.834604907034695,28.629384129947105,30.559362999999998,29.283449667629917
20,16.768,29.834604907034695,26.2016167257698,35.928179999999976,26.72505647851696
20,16.59,29.834604907034695,27.152935139538133,34.013129999999975,28.062466570604492
20,16.029,29.834604907034695,29.12284786557241,33.10073999999998,29.434971748310787
20,16.057,29.834604907034695,29.90056347040278,31.151139999999977,31.314417226020275
20,16.14,29.834604907034695,28.961276173054664,36.88184099999999,30.68395862719949
20,16.225,29.834604907034695,27.527431696230938,34.43123999999997,28.661200016758233
20,16.307,29.834604907034695,30.43740869605526,35.74174,30.929118052588482
20,16.391,29.834604907034695,32.218675987220465,33.25493999999999,34.25831037516141
20,16.475,29.834604907034695,30.106480918619962,36.067963,31.23664726287847
20,16.559,29.834604907034695,28.002127896287394,36.73554200000001,32.28226347682203
20,16.641,29.834604907034695,30.672477241365137,34.67224300000001,29.76225832724856
20,16.724,29.834604907034695,28.923127508629992,29.11350999999999,25.28940177734176
20,16.807,29.834604907034695,29.83134663367182,38.213029999999996,32.452586175378435
20,16.891,29.834604907034695,29.524865495484164,34.402359999999966,31.653376397469593
20,16.974,29.834604907034695,29.87102763567804,31.51931999999998,28.591735064936124
20,18.362,29.834604907034695,26.453178404304627,33.637012,29.22289187290565
20,18.199,29.834604907034695,25.970703626391323,34.255293999999985,23.37539759976702
20,18.017,29.834604907034695,27.22706054645434,28.168279999999978,26.390987199988093
20,17.841,29.834604907034695,26.454558331694663,32.09031999999998,27.294519620659276
20,17.663,29.834604907034695,27.68303662852588,37.01117200000001,29.997067780971104
20,17.484,29.834604907034695,26.154840212957726,29.601739999999985,26.836674410128133
20,17.305,29.834604907034695,27.47071362348668,32.06118299999999,29.428022029780465
20,17.127,29.834604907034695,26.163206055695717,26.839800000000004,24.67735713372069
20,16.949,29.834604907034695,27.523743397733348,33.66966499999999,30.91509134560553
20,16.768,29.834604907034695,27.862442519957668,35.565629999999985,29.798323399076125
20,16.59,29.834604907034695,29.564286381752723,36.92918999999999,29.278688657566356
20,16.029,29.834604907034695,30.38896910699201,31.879909999999985,31.772444382314777
20,16.057,29.834604907034695,29.944963052681796,31.938679999999977,31.407027608920203
20,16.14,29.834604907034695,30.133973786575723,37.460619999999984,30.575607277576214
20,16.225,29.834604907034695,29.619096764686464,26.49666999999999,29.394930046201157
20,16.307,29.834604907034695,31.043327226755224,31.556219999999993,30.35853236003019
20,16.391,29.834604907034695,30.993717512572132,32.374289999999995,33.209118326717785
20,16.475,29.834604907034695,28.252891829318003,33.20331999999999,29.338825502487072
20,16.559,29.834604907034695,29.34456581567294,35.033492,30.93409606224847
20,16.641,29.834604907034695,28.635766436360587,31.975279999999987,30.143971693198157
20,16.807,29.834604907034695,28.967375425656744,33.65848999999999,31.2795070598594
20,16.974,29.834604907034695,30.77262946093243,30.18728999999998,30.691984150483485
21,40.224,27.64182216990017,27.36226460533243,22.753049999999995,20.524589212007772
21,39.847,27.64182216990017,25.23458765083594,27.367324999999997,19.444792930791984
21,39.423,27.64182216990017,33.484300972895504,23.811959999999985,21.364466635818122
21,38.989,27.64182216990017,29.891451506712098,24.96549,21.578543327985884
21,38.569,27.64182216990017,29.47637928173718,23.393859999999975,19.779081905962517
21,38.131,27.64182216990017,24.970982468091975,25.9364,22.03339677832249
21,37.703,27.64182216990017,32.55578881759278,23.87838299999999,22.278592487243042
21,37.275,27.64182216990017,30.398314974423435,24.924139999999998,23.98637762822925
21,36.846,27.64182216990017,31.153445702483182,25.48124,23.377291980392123
21,36.483,27.64182216990017,27.848822258693883,24.63699,22.78896142657213
21,35.992,27.64182216990017,30.029694032903002,29.719322999999985,24.637820636148458
21,35.564,27.64182216990017,28.32248786535895,28.515160000000005,23.92533679496256
21,35.132,27.64182216990017,27.62869687440329,25.515760000000004,23.211443985234215
21,39.48,27.64182216990017,31.2676275464518,27.801119999999997,22.976077669558435
21,40.688,27.64182216990017,29.590225398108796,25.944320000000012,21.91309742292585
21,41.911,27.64182216990017,27.38592716674617,26.727140000000006,25.004518891647166
21,43.123,27.64182216990017,31.590489582441805,26.96036000000002,25.105781944182564
21,44.338,27.64182216990017,32.087797977553215,26.70641999999999,25.670833887764058
21,45.546,27.64182216990017,31.74633908208291,26.95366,24.478026132191705
21,47.284,27.64182216990017,35.062011707344126,27.12502000000001,23.909345853703684
21,50.417,27.64182216990017,33.6333507117078,27.431510000000003,24.311736765193317
21,40.224,27.64182216990017,27.702163539581385,23.76051,21.628868205068493
21,39.847,27.64182216990017,26.827184550338824,23.322719999999986,20.726864962470138
21,39.423,27.64182216990017,35.287913258191686,22.567239999999984,20.87761244853879
21,38.989,27.64182216990017,27.73134881647106,26.188919999999992,21.807151792856466
21,38.569,27.64182216990017,27.495246891687266,26.972799999999992,20.98938089076192
21,38.131,27.64182216990017,28.426399346875687,23.65240999999998,22.44172461982515
21,37.703,27.64182216990017,26.82639970896705,26.546851999999994,22.48948026525734
21,37.275,27.64182216990017,26.42163053504585,25.161209999999993,22.97061671630131
21,36.846,27.64182216990017,30.734077962512032,24.86465999999999,23.527934889158754
21,36.483,27.64182216990017,27.09623058528726,24.908669999999997,24.050480394595507
21,35.992,27.64182216990017,31.122096672746437,25.777349999999988,24.09266279049878
21,35.564,27.64182216990017,27.400714683800754,29.00917000000001,22.89801080449471
21,35.132,27.64182216990017,31.333679825377438,26.310600000000008,22.94529338045894
21,39.48,27.64182216990017,31.35696789556229,27.18836000000001,24.091480350453697
21,40.688,27.64182216990017,30.431995962850046,28.415490000000013,23.287134278317787
21,41.911,27.64182216990017,31.746035208290543,27.16706000000001,24.152563712964977
21,43.123,27.64182216990017,30.073243808798175,28.818250000000003,24.471345254575755
21,44.338,27.64182216990017,30.269189040821995,28.558189999999996,24.823100029350307
21,45.546,27.64182216990017,30.57620824952103,28.460927999999996,23.4544347401523
21,50.418,27.64182216990017,33.826132004888535,28.071859999999994,25.41501759522508
21,40.224,27.64182216990017,27.07625000258055,26.343289999999982,22.106794230471575
21,39.847,27.64182216990017,26.67150291447336,25.174199999999995,21.400319114399686
21,39.423,27.64182216990017,30.04737800138409,23.592099999999995,21.185222273981253
21,38.989,27.64182216990017,26.82677636222521,23.122419999999988,21.93556485730677
21,38.569,27.64182216990017,27.6195840864345,23.434555000000003,20.156884068931543
21,38.131,27.64182216990017,25.112145741799427,24.48107999999999,22.055122345389865
21,37.703,27.64182216990017,29.239303809456125,24.526491999999998,22.018246824422658
21,37.275,27.64182216990017,24.04809731627927,24.902369999999987,22.6265536915331
21,36.846,27.64182216990017,28.11905268054937,27.456909999999993,23.088972196027868
21,36.483,27.64182216990017,28.785218287598013,25.342069999999993,23.453652256093893
21,35.992,27.64182216990017,30.10968938602567,26.131049999999995,23.961550025634136
21,35.564,27.64182216990017,28.852439813530196,26.071480000000005,24.871817598123688
21,35.132,27.64182216990017,30.354315348578552,26.23855000000001,23.412364367676624
21,39.48,27.64182216990017,28.808168519007353,30.738615000000024,23.517942851418884
21,40.688,27.64182216990017,28.132644754505925,29.647340000000007,21.92891551985477
21,41.911,27.64182216990017,29.64749478338669,28.342657999999997,24.4804053443265
21,43.123,27.64182216990017,32.04401438091695,28.673773,24.770531980404503
21,44.338,27.64182216990017,31.313120344679817,29.94954,24.627629275131113
21,45.546,27.64182216990017,32.01457728783988,26.36625000000002,24.4506927326552
21,47.284,27.64182216990017,27.576322210356622,31.639702000000007,24.435870223129072
21,50.418,27.64182216990017,32.55023677793293,26.85861000000001,25.59037042975713
21,40.224,27.64182216990017,26.449872721658107,25.88205999999998,21.887743469609084
21,39.847,27.64182216990017,27.462319333041837,26.392450000000004,21.432025734277946
21,39.423,27.64182216990017,23.832949849048152,23.66950999999998,21.70402150609472
21,38.989,27.64182216990017,23.755811886475655,27.26365999999998,24.073129582860684
21,38.569,27.64182216990017,28.464214488756173,22.62982,20.417365881197824
21,38.131,27.64182216990017,29.1233190371956,24.102139999999984,22.40562884201016
21,37.703,27.64182216990017,28.689815323148128,26.42278,23.18776010681312
21,36.846,27.64182216990017,32.047123835501736,24.63918,23.132430255903927
21,36.483,27.64182216990017,29.229142191343225,27.74405999999999,22.99406346607468
21,35.564,27.64182216990017,32.09450147922736,25.670490000000008,25.201099258400422
21,35.132,27.64182216990017,28.400055959997708,25.681550000000005,22.713797860622183
21,39.481,27.64182216990017,30.6500541154005,28.382081000000003,24.704686979051985
21,40.688,27.64182216990017,25.193842421402977,29.874320000000015,22.23655778834123
21,41.911,27.64182216990017,32.15526923707027,26.114520000000002,25.280333238212123
21,43.124,27.64182216990017,31.307027746871885,28.752651,25.132799544534993
21,44.338,27.64182216990017,29.64386558636032,30.261937999999997,24.92204370137212
21,45.546,27.64182216990017,30.665980178098167,28.418201,24.52492614835532
21,47.284,27.64182216990017,31.682375224180596,26.41004,22.96464954153621
21,50.418,27.64182216990017,33.998442904636576,25.602610000000013,25.789072207475108
21,40.223,27.64182216990017,31.225746657553426,22.756979999999995,21.02127102549614
21,39.847,27.64182216990017,31.736864536629476,22.12607000000001,22.474921919123574
21,39.423,27.64182216990017,30.751329389318926,23.207969999999992,21.227426326878287
21,38.989,27.64182216990017,31.746450159963615,22.340149,21.93067666679512
21,38.569,27.64182216990017,31.511457248454143,23.202039999999997,20.491491168819252
21,38.131,27.64182216990017,32.29378656192532,24.399009999999993,21.22501640828392
21,37.703,27.64182216990017,33.143321411315604,23.291852000000002,24.0349742209663
21,37.275,27.64182216990017,32.52703242022374,24.141392,22.209032995333974
21,36.846,27.64182216990017,33.2470603944837,25.030458000000007,24.21768438041982
21,36.483,27.64182216990017,31.53420489569227,24.932080000000006,24.325579968775692
21,35.992,27.64182216990017,33.492219652904886,25.274590000000007,23.949027004937356
21,35.564,27.64182216990017,29.258834922865486,25.455020000000022,23.460489210817627
21,35.132,27.64182216990017,33.265417512589366,26.19942,23.927597721262796
21,39.481,27.64182216990017,31.849439110464193,24.511653000000006,24.649012023125724
21,40.688,27.64182216990017,29.746771003046366,28.293680000000016,23.830948386028215
21,41.911,27.64182216990017,34.44360785389933,27.590440000000015,27.375873368607188
21,43.124,27.64182216990017,32.97654500205041,27.66878000000002,26.051058973343032
21,44.339,27.64182216990017,32.606146489818606,26.33748000000001,24.842423584334163
21,45.546,27.64182216990017,30.40339977513885,28.851849,25.4988494335238
21,47.284,27.64182216990017,34.31519073567348,24.21493000000001,25.794878362518006
21,50.418,27.64182216990017,35.25627773269298,26.85023000000001,26.041758681033073
21,40.223,27.64182216990017,31.677577684947494,20.21343999999998,20.75230321190313
21,39.847,27.64182216990017,30.60721983478154,21.09377,20.484844356019558
21,39.423,27.64182216990017,30.773484931454114,21.760769999999994,20.19006028190097
21,38.989,27.64182216990017,28.719729336279787,23.069499999999994,21.225391763664017
21,38.569,27.64182216990017,32.45560319649667,23.37934,20.28411557109068
21,38.131,27.64182216990017,31.83754549200614,24.195999999999984,22.999038340111902
21,37.703,27.64182216990017,35.069710991766485,25.222962999999996,23.442212219291473
21,37.275,27.64182216990017,33.48115379281072,24.80309000000001,21.787469762173146
21,36.846,27.64182216990017,31.768630712488303,24.60393000000001,23.856408221804625
21,36.483,27.64182216990017,29.976752142176935,27.51238000000001,21.65142381465365
21,35.992,27.64182216990017,30.20971881163499,26.559040000000003,23.379155482773964
21,35.564,27.64182216990017,29.441775706959866,26.586002000000004,22.874149683429916
21,35.132,27.64182216990017,35.27927173850661,25.17121000000001,23.72530400171871
21,39.481,27.64182216990017,32.70479667338436,25.872510000000005,24.054758450436527
21,40.688,27.64182216990017,33.23499563832321,28.542070000000002,24.91200874944563
21,41.912,27.64182216990017,33.12852037822273,25.444080000000007,25.62704191479306
21,43.124,27.64182216990017,32.794568264408504,27.488529000000018,26.394061159293926
21,44.339,27.64182216990017,34.34172744491465,26.23996000000001,25.667474172214778
21,45.546,27.64182216990017,32.223097058831925,28.39944,25.6893989671756
21,47.285,27.64182216990017,35.73259464446634,25.862520000000004,25.004518667792595
21,50.418,27.64182216990017,31.960148462225867,28.773790000000005,26.017591382512485
22,13.01,29.025979359294073,23.94332565737027,24.19659799999999,24.55776008914352
22,12.469,29.025979359294073,23.296869213515144,25.50517,22.408129405381867
22,11.941,29.025979359294073,22.28393263715064,17.336700000000004,16.227403801598502
22,11.397,29.025979359294073,22.772762391333913,17.383952,16.59772488096144
22,10.858,29.025979359294073,20.89659140245643,21.667440999999993,17.495500447195436
22,10.324,29.025979359294073,21.93730566309549,15.260758999999991,18.002357670640816
22,9.7841,29.025979359294073,21.355525229004165,20.849854999999998,18.395324660508017
22,8.1645,29.025979359294073,23.36351604631307,27.249979,26.737251411158056
22,7.6217,29.025979359294073,21.811541832073335,18.938074999999998,21.64095170423081
22,7.0883,29.025979359294073,21.876329650801885,25.741008000000008,23.75154735160205
22,7.6492,29.025979359294073,23.020167688756374,20.410880000000006,21.576631176772946
22,9.2144,29.025979359294073,22.555317273582517,25.552709999999994,22.803293473364192
22,9.9863,29.025979359294073,23.546948519477656,20.623857999999995,21.97312056910657
22,10.764,29.025979359294073,26.138397309640965,31.593384999999998,28.99337105455331
22,11.541,29.025979359294073,24.470136333878507,22.508310000000005,22.440265978777344
22,12.319,29.025979359294073,23.314310535298368,21.843638000000006,22.190422447664105
22,13.091,29.025979359294073,24.41557651509694,20.680080000000004,20.871390706442124
22,13.876,29.025979359294073,22.575062329693477,23.405108,22.477609036408936
22,15.32,29.025979359294073,25.327033377417074,19.08625000000001,21.28282717366715
22,13.01,29.025979359294073,21.237663243079187,27.022840000000006,24.625415155913107
22,12.469,29.025979359294073,20.797105014481264,27.7693,22.690583577340682
22,11.941,29.025979359294073,23.791581829831436,17.465832,16.48843993939359
22,11.397,29.025979359294073,20.833371630059005,21.668849999999992,18.63380482825866
22,10.858,29.025979359294073,21.345914623433707,14.103805,15.897491267518573
22,9.7841,29.025979359294073,21.804870138804787,18.648624999999996,18.260299849994475
22,8.1645,29.025979359294073,22.67241993121658,21.512681,22.182629551209107
22,7.6217,29.025979359294073,21.579882819725064,16.212950000000006,18.911746414236845
22,7.0883,29.025979359294073,22.542966076446127,18.255610000000004,20.255585195548687
22,7.6492,29.025979359294073,22.574371227121706,22.580164000000003,22.329846391128946
22,9.2144,29.025979359294073,22.397835686645152,26.623698000000008,25.0243794971124
22,9.9863,29.025979359294073,24.1245268846119,24.999365,23.790554450546814
22,10.764,29.025979359294073,23.96066140661624,33.743179999999995,29.283775176654135
22,11.541,29.025979359294073,23.7939827152083,20.869723000000008,21.97312056910657
22,12.319,29.025979359294073,21.842114372321774,24.424210000000016,24.05943631235216
22,13.876,29.025979359294073,25.61165675601672,26.180379,25.56669647886374
22,14.652,29.025979359294073,25.434930935816155,26.06941999999999,23.942409970566253
22,15.32,29.025979359294073,24.951293388931106,21.119360000000007,21.67063161480876
22,13.01,29.025979359294073,19.872877837363355,27.559250000000002,24.625415155913107
22,12.469,29.025979359294073,20.54850252559325,27.699679999999994,22.690583577340682
22,11.941,29.025979359294073,20.64456664111834,22.129139999999996,18.005439826686587
22,11.397,29.025979359294073,20.79292796401228,21.970829000000002,20.212710870849666
22,10.858,29.025979359294073,20.72276379966142,17.096589999999992,15.469129781100747
22,9.784,29.025979359294073,21.21552736681806,21.405133999999997,19.2761568405778
22,8.1645,29.025979359294073,24.058246198053265,24.231722000000005,27.005449729062793
22,7.6217,29.025979359294073,22.071533993596468,16.441570000000006,20.66780450745814
22,7.0883,29.025979359294073,20.925999410356283,20.943649999999995,23.072053467728477
22,7.6492,29.025979359294073,23.019485800942675,21.15657200000001,21.576631176772946
22,9.2144,29.025979359294073,22.584574673788005,23.533804,22.053787758214746
22,9.9863,29.025979359294073,23.926702606587998,25.90312600000001,23.877409217130236
22,10.764,29.025979359294073,25.39560468070011,35.394688,30.492420716124137
22,11.541,29.025979359294073,23.01308675387891,20.53924,20.969732948022127
22,13.092,29.025979359294073,23.48593627310639,20.48258,21.56619894150915
22,13.876,29.025979359294073,22.629022429871505,33.50534000000002,28.533646298529366
22,14.652,29.025979359294073,27.231279682411703,24.437980000000003,25.341581865368443
22,13.01,29.025979359294073,22.86240528898184,26.73321900000001,24.665419161368323
22,12.469,29.025979359294073,21.424816826925543,27.135519999999996,22.7305875827959
22,11.94,29.025979359294073,21.005549273321392,17.744145000000003,15.929719994529465
22,11.397,29.025979359294073,20.59533245904585,21.675079999999998,18.1070123146905
22,10.858,29.025979359294073,21.470835273689417,17.204659999999993,15.559792749784133
22,10.324,29.025979359294073,21.00415763717761,15.96482,17.195229167749353
22,9.7839,29.025979359294073,20.676621766876643,19.179060000000003,18.723046641498467
22,8.1644,29.025979359294073,21.272902842396864,19.471869999999996,20.471636547542367
22,7.6216,29.025979359294073,22.86893141653582,16.048789000000003,20.56174314385003
22,7.0882,29.025979359294073,22.558248399015255,16.758022000000004,20.648787900295005
22,7.6493,29.025979359294073,22.35481764363184,20.509220000000006,21.576631176772946
22,9.2146,29.025979359294073,23.205299919190836,27.184239,24.43830175230418
22,9.9865,29.025979359294073,23.539111441375212,21.986628000000007,21.663531434284867
22,10.765,29.025979359294073,25.367931932813114,34.446755,29.417919771013025
22,11.541,29.025979359294073,23.48069775612477,19.550588,21.362935652768446
22,12.319,29.025979359294073,22.50689362907117,22.371800000000018,23.304805335851142
22,13.092,29.025979359294073,23.383621229143777,21.149600000000007,21.01989018195745
22,13.876,29.025979359294073,23.848962057277937,22.359840000000013,22.13449286556388
22,14.652,29.025979359294073,23.646417540655108,24.556080000000012,22.938460414637913
22,15.32,29.025979359294073,23.867175908477208,21.435220000000008,21.126935166845502
22,13.01,29.025979359294073,21.91482717839228,27.220118000000003,24.625415155913107
22,12.469,29.025979359294073,21.499212060573793,27.52067,22.690583577340682
22,11.94,29.025979359294073,22.174977373036405,25.08924899999999,23.135107396997313
22,11.397,29.025979359294073,21.335341116602056,28.089760000000002,24.211601570611656
22,10.858,29.025979359294073,22.65710534256524,19.571241999999998,21.71151081481469
22,10.324,29.025979359294073,23.101526050100755,17.660505999999998,18.81282459966364
22,9.7839,29.025979359294073,21.517206675875983,29.529768999999987,25.177105626611795
22,8.1644,29.025979359294073,23.897360977294433,27.907144000000006,28.635014832444902
22,7.6216,29.025979359294073,20.77720488101635,28.039379999999998,26.643467408164828
22,7.0881,29.025979359294073,23.73688318380331,24.498917000000002,24.513054727241634
22,7.6494,29.025979359294073,23.420170202607316,31.44433500000001,27.983057353306258
22,9.2146,29.025979359294073,22.71808764917946,30.416190000000007,27.531300557267496
22,9.9866,29.025979359294073,26.717040640913595,32.73776899999999,28.70029161530441
22,10.765,29.025979359294073,25.55848675225058,34.489264999999996,29.417919771013025
22,11.541,29.025979359294073,24.279540427481614,31.49194000000001,28.940392758234513
22,12.319,29.025979359294073,25.91655255251573,30.638160999999997,28.935941136851152
22,13.092,29.025979359294073,23.67775494543097,34.27733800000001,28.987736899850866
22,13.876,29.025979359294073,25.267662352975837,31.32796000000001,28.400566930784795
22,14.652,29.025979359294073,25.57100652104975,32.25115499999999,29.041214832354314
22,15.32,29.025979359294073,23.53111206698907,36.11107999999999,30.00476403998976
22,13.01,29.025979359294073,21.650720070361288,25.900937999999993,25.497722408286247
22,12.469,29.025979359294073,22.943767740947923,24.49944,22.264614228878475
22,11.94,29.025979359294073,23.987391609512308,22.436619999999998,23.159690162633026
22,11.397,29.025979359294073,20.623429263900313,27.661940000000005,24.211601570611656
22,10.858,29.025979359294073,26.03406035502914,26.09118099999999,24.005024771023386
22,10.324,29.025979359294073,22.49227140066123,26.603152999999992,24.30756987836865
22,9.7839,29.025979359294073,25.33699556256731,27.521358999999993,24.587104213320373
22,8.1644,29.025979359294073,20.841183366434944,32.76053000000001,29.277409319835343
22,7.6216,29.025979359294073,22.092977432078975,30.595209999999994,29.34426279577703
22,7.0881,29.025979359294073,22.94949270615623,29.471945000000016,27.570479534001787
22,7.6494,29.025979359294073,23.996467454175722,30.738652000000005,28.074337517839446
22,9.9866,29.025979359294073,27.90630880285076,32.61201499999999,29.12859118558418
22,10.765,29.025979359294073,25.551771486674838,35.24389000000001,30.492420716124137
22,11.541,29.025979359294073,25.795660758497306,32.525025,29.336487225398365
22,12.319,29.025979359294073,26.141108564135315,34.03460899999999,29.593038024011744
22,13.876,29.025979359294073,23.336343265908262,35.717879999999994,30.048938123078912
22,14.652,29.025979359294073,27.806501606217576,33.41981999999999,28.751886246925473
22,15.32,29.025979359294073,22.589412354279375,37.977450000000005,30.00476403998976
23,20.767,29.27322708254806,21.9493310250801,20.158285,25.45655611397372
23,21.343,29.27322708254806,24.36128301833973,19.275856000000008,25.15241250971646
23,21.914,29.27322708254806,22.80445977896445,22.94418899999999,26.01823857341801
23,22.491,29.27322708254806,25.09922916135798,19.894589999999997,27.512979293073066
23,23.134,29.27322708254806,26.192588571214173,23.279739,27.39249556390968
23,23.708,29.27322708254806,25.448842306055276,21.014139000000004,27.511206719419814
23,24.197,29.27322708254806,24.614073073950955,22.844544000000006,27.966220654745936
23,24.767,29.27322708254806,27.492275242963455,22.14848,27.205032439531426
23,25.835,29.27322708254806,23.696258000858034,21.169771000000004,26.183909755033234
23,26.49,29.27322708254806,20.72163030561382,20.91402,25.610682447391838
23,27.057,29.27322708254806,23.75625762092073,21.692272000000013,27.44613670549816
23,27.626,29.27322708254806,25.056579909510006,22.181482000000006,27.300674878312545
23,27.773,29.27322708254806,24.693396038573567,22.267805999999997,27.379847770866345
23,27.607,29.27322708254806,22.81872617349712,21.740138,27.49999329653614
23,27.44,29.27322708254806,24.404173891811915,22.496888999999996,26.88016066104507
23,27.275,29.27322708254806,25.38244336439585,24.570449999999983,27.90052058198091
23,27.083,29.27322708254806,23.29465769813902,22.412329999999987,26.29013199781191
23,26.92,29.27322708254806,22.565592169678766,22.03359999999999,27.510188660482363
23,26.775,29.27322708254806,23.234389083183302,23.995399999999997,26.69597554103442
23,26.583,29.27322708254806,22.482654926834194,22.75426,27.35870019206263
23,26.443,29.27322708254806,25.227861451022747,23.468040000000006,26.536975780410447
23,26.274,29.27322708254806,25.99939118667949,22.79658,26.723035522127088
23,26.107,29.27322708254806,24.060445259394545,22.657530000000005,26.601707294629744
23,20.767,29.27322708254806,20.93947251976049,20.122381000000004,25.620098905274325
23,21.343,29.27322708254806,19.72259117849391,17.431821999999993,23.590003716544555
23,21.914,29.27322708254806,23.378923161120362,21.277408000000005,26.036739015805765
23,22.491,29.27322708254806,24.777388936637063,21.55858000000001,26.9425343452502
23,23.134,29.27322708254806,23.772989888380557,22.464200000000005,27.22233369766532
23,23.708,29.27322708254806,25.562909463099395,20.499069999999996,27.750464282053272
23,24.197,29.27322708254806,22.512576470845705,20.22521099999999,25.41342259100859
23,24.767,29.27322708254806,22.50212032568169,19.841010000000008,24.880593675377867
23,25.835,29.27322708254806,23.77821973657479,21.538591999999994,27.314466474161062
23,26.49,29.27322708254806,20.637351613141632,19.420054000000007,26.581305488024498
23,27.057,29.27322708254806,24.993860345009352,21.231344000000004,26.020328764884603
23,27.626,29.27322708254806,21.48742843960867,21.20090000000001,27.172072382109263
23,27.773,29.27322708254806,23.795124095030676,21.578189000000002,27.534880923219124
23,27.607,29.27322708254806,22.125894094271136,21.49941399999999,27.05529425624763
23,27.44,29.27322708254806,25.69327814437009,23.563838000000004,27.3789110430765
23,27.275,29.27322708254806,22.046707499649777,21.856339999999985,26.26748068107654
23,27.083,29.27322708254806,22.239876365613767,22.23161,25.914291839560285
23,26.92,29.27322708254806,22.10776000679212,22.361139999999995,26.633002134382536
23,26.775,29.27322708254806,23.870365684111526,23.137809999999998,26.65377158670516
23,26.583,29.27322708254806,24.241453551291368,22.633039999999998,26.35923503705274
23,26.443,29.27322708254806,22.469933097577318,21.883970000000005,26.875841291023516
23,26.274,29.27322708254806,22.6321222268427,22.926350000000006,26.606765313319737
23,26.107,29.27322708254806,24.02220580321179,23.03897,27.693197440539922
23,20.767,29.27322708254806,23.063982578746252,21.833261999999994,25.706587381123942
23,21.343,29.27322708254806,24.24823753402078,20.73635,27.71919554377427
23,21.914,29.27322708254806,23.35218151294598,19.315869999999986,27.124794793729833
23,22.491,29.27322708254806,23.156471172903277,20.733817,27.163771696291768
23,23.134,29.27322708254806,24.089456949973368,20.29623,26.799541185644056
23,23.708,29.27322708254806,22.70530930317708,20.357636,24.474573850850923
23,24.197,29.27322708254806,23.115978153509726,20.13065600000001,25.547463388309637
23,24.767,29.27322708254806,21.414908973701934,20.632390000000008,25.300027436606246
23,25.835,29.27322708254806,22.475833760869186,21.980809000000008,27.20651463723939
23,26.49,29.27322708254806,20.762837122961784,20.595598000000013,27.17920927392608
23,27.057,29.27322708254806,22.105402049353316,20.095531000000005,25.695307031782065
23,27.626,29.27322708254806,20.84954487218644,20.034316,26.082629118338424
23,27.773,29.27322708254806,20.891394510625624,18.31898399999999,24.48357772671125
23,27.607,29.27322708254806,21.51703622263622,21.67246499999999,26.500097379219905
23,27.44,29.27322708254806,26.184441067806716,22.116201999999998,26.802112389864103
23,27.275,29.27322708254806,19.367113728972235,20.920010999999995,24.204231139503122
23,27.083,29.27322708254806,21.40604258741248,19.918965999999994,25.15696802854613
23,26.92,29.27322708254806,19.864072800126888,20.178468999999993,27.21797087053035
23,26.775,29.27322708254806,21.711099003816734,22.518289999999997,26.868103806337288
23,26.583,29.27322708254806,22.801200981801646,22.760949999999994,26.73959318322937
23,26.443,29.27322708254806,21.888540682927413,22.43103000000001,26.163485698629014
23,26.274,29.27322708254806,22.319767471564845,23.078590000000013,27.200192798080632
23,26.107,29.27322708254806,23.228313037488586,23.221530000000016,26.70121532161698
23,20.767,29.27322708254806,21.391168399518644,20.282200000000003,26.92004040503405
23,21.344,29.27322708254806,22.086819529752887,20.522986000000007,26.261440501390773
23,21.914,29.27322708254806,21.63079126204702,20.465336,26.922884280970955
23,22.491,29.27322708254806,22.21989840753377,18.28234099999999,24.9804099625417
23,23.134,29.27322708254806,23.89341411372415,21.789250000000006,27.17041168195328
23,23.708,29.27322708254806,25.191731758644075,20.9028,26.92473388243848
23,24.198,29.27322708254806,26.41348134295367,22.365690000000004,27.777790203983574
23,24.767,29.27322708254806,21.47455683730223,19.284148000000005,24.83411242906489
23,25.835,29.27322708254806,26.408413067052006,22.31163,28.147327344132783
23,26.49,29.27322708254806,21.51091924293538,20.543098000000015,26.235151403754124
23,27.057,29.27322708254806,24.22803748177486,22.12662599999999,27.609991121269918
23,27.626,29.27322708254806,23.587088521599725,21.921459000000013,26.475617691847408
23,27.773,29.27322708254806,22.658286628131055,21.713428,26.60426996815636
23,27.607,29.27322708254806,22.65902032105179,22.495054,27.232987164520416
23,27.44,29.27322708254806,21.98315546225369,21.557011999999997,26.59667473178103
23,27.275,29.27322708254806,21.54768431039772,22.464338999999995,26.87204239469614
23,27.083,29.27322708254806,25.617830000876733,22.248697999999987,27.63424742067766
23,26.919,29.27322708254806,21.66849392050854,23.02596099999999,27.054653779359548
23,26.775,29.27322708254806,24.497402516096663,22.806709999999995,26.977941340853267
23,26.583,29.27322708254806,24.02808609540503,23.14832,27.85434176304956
23,26.442,29.27322708254806,22.082404275213563,23.93397999999999,26.694827727045073
23,26.274,29.27322708254806,24.055032555411366,23.257210000000008,26.58203182688608
23,26.107,29.27322708254806,23.149536055215236,23.071770000000015,26.332016669228686
23,20.767,29.27322708254806,22.732391243940164,20.122429000000007,24.64335837696167
23,21.344,29.27322708254806,21.783006058860472,21.706782000000004,25.78519445242808
23,21.914,29.27322708254806,21.978497639329227,19.784616999999997,24.530944986211818
23,22.491,29.27322708254806,23.07851222710628,19.376419999999992,25.27358044576101
23,23.134,29.27322708254806,22.98642150927044,19.197319999999987,25.233498825243313
23,23.708,29.27322708254806,22.766105151456635,22.033501000000015,26.10095466989679
23,24.198,29.27322708254806,24.963452582572423,27.944915000000005,27.779632701141594
23,24.767,29.27322708254806,21.830163330462074,19.494100000000003,24.359138583475556
23,25.835,29.27322708254806,23.20818073560995,22.456281999999998,26.130715000207157
23,26.49,29.27322708254806,22.473713795521967,21.098461000000007,25.985963709412797
23,27.057,29.27322708254806,21.363702812323638,21.811110000000003,27.529832911228755
23,27.626,29.27322708254806,23.780846534666704,22.595849999999995,27.940466505012434
23,27.773,29.27322708254806,23.50836929936451,21.853244,26.593379832007596
23,27.607,29.27322708254806,23.45155695064415,24.801552000000004,27.06260050033181
23,27.44,29.27322708254806,24.150828515943875,27.47065199999999,27.91203616483397
23,27.275,29.27322708254806,24.371710010765373,22.736800000000006,28.046898295021983
23,27.083,29.27322708254806,22.382120149139762,26.04687899999999,28.134927120687685
23,26.919,29.27322708254806,24.763489344588415,22.841787999999983,26.760878824926067
23,26.775,29.27322708254806,23.68740328780155,24.20582,28.771519679044427
23,26.583,29.27322708254806,22.865796483082978,23.12946300000001,26.17684391344128
23,26.442,29.27322708254806,22.971273711525733,23.808566000000006,26.6791742036194
23,26.274,29.27322708254806,24.329159596679766,24.563876999999998,27.747613348498216
23,26.107,29.27322708254806,24.74147015422459,27.303852999999993,27.554613123483577
23,20.767,29.27322708254806,20.488290054561645,17.89554099999999,22.860643961321195
23,21.344,29.27322708254806,20.537804107591896,17.450978999999982,23.19156976320446
23,21.914,29.27322708254806,22.24760814436194,18.456611999999993,24.494851807280817
23,22.491,29.27322708254806,21.764490088775982,19.664884999999995,25.595028812977567
23,23.134,29.27322708254806,22.289614883739606,20.470271999999994,25.075560263243926
23,23.708,29.27322708254806,22.244853641742722,21.179952,26.554860638457146
23,24.198,29.27322708254806,26.179100810518094,22.949615999999995,27.084374249564426
23,24.767,29.27322708254806,21.511100619178386,20.55003099999999,24.82508393626481
23,25.835,29.27322708254806,22.792149965642963,19.558650000000004,25.564842240741232
23,26.49,29.27322708254806,21.695122424493444,20.448908,25.381271730474545
23,27.057,29.27322708254806,25.486037055077045,22.883684000000002,27.96317372415414
23,27.626,29.27322708254806,24.06743400187804,20.295789,26.439619197364173
23,27.773,29.27322708254806,22.624616384061678,20.404605999999994,26.85816191601413
23,27.607,29.27322708254806,21.213399342554002,22.464375000000015,27.710742462649502
23,27.44,29.27322708254806,22.551942174572268,22.814249,26.636997474202545
23,27.275,29.27322708254806,24.099512840549146,26.21347400000001,28.018565483948393
23,27.083,29.27322708254806,24.355671950814692,22.394168999999998,28.740803647465075
23,26.919,29.27322708254806,22.049693268590424,22.394425999999996,25.962511693809155
23,26.775,29.27322708254806,26.199294002927328,25.371176000000006,28.850308534877893
23,26.583,29.27322708254806,26.806963579381573,29.89588,28.92346672487357
23,26.442,29.27322708254806,21.997561527534756,23.685750000000002,26.764809261036184
23,26.274,29.27322708254806,23.272499097438928,23.85511300000001,27.032161488827306
23,26.107,29.27322708254806,24.04483107408985,24.337457,27.114711135868635
24,15.448,29.23125903092006,32.834571017307475,29.991129999999988,30.63564868330816
24,15.717,29.23125903092006,30.285782842244853,24.634530000000005,26.374095711944545
24,16.022,29.23125903092006,30.171672974619234,27.567919999999972,28.275870933412087
24,16.326,29.23125903092006,28.211359018736225,27.722729999999984,28.397514510600107
24,16.517,29.23125903092006,30.987190981313713,26.270439999999986,28.781657763345795
24,16.782,29.23125903092006,25.573697848114872,23.781150000000004,26.80349532129713
24,17.09,29.23125903092006,30.597135622677413,27.45206999999999,30.36446855611027
24,17.316,29.23125903092006,30.485098449290682,26.981109999999976,28.28436260563172
24,17.581,29.23125903092006,32.86407463134383,26.574902,27.80580812258197
24,17.848,29.23125903092006,27.602978997878786,24.44578,26.084800762314025
24,18.192,29.23125903092006,30.649913635580575,24.935010000000005,27.00696825204142
24,18.382,29.23125903092006,34.06698954120951,30.61002,31.510942001430756
24,18.688,29.23125903092006,33.43156584417921,28.69965999999999,30.518517861746474
24,18.916,29.23125903092006,33.35617641838065,25.158089999999998,26.14701388436575
24,19.07,29.23125903092006,32.067557947925394,28.08043000000001,28.496389468486313
24,19.153,29.23125903092006,29.44267198434673,26.23135300000001,27.75988740012775
24,19.259,29.23125903092006,29.83679955754246,30.592630000000014,31.3258732436652
24,19.343,29.23125903092006,32.98731439583829,32.71813,33.66922687011931
24,19.39,29.23125903092006,31.73478015212082,28.167909999999996,28.683399182255396
24,19.486,29.23125903092006,33.05831982982984,28.992459999999983,29.597960036385775
24,19.58,29.23125903092006,34.40732117489445,31.431449999999977,32.78200614044911
24,19.64,29.23125903092006,31.554102311229446,30.91440999999998,33.90039440676901
24,19.723,29.23125903092006,30.064316048271095,29.78699999999999,31.41666152686313
24,19.831,29.23125903092006,31.816555847408015,27.133469999999992,27.720568280333758
24,19.89,29.23125903092006,32.216385623653224,27.806609999999992,28.715310407220805
24,19.974,29.23125903092006,33.82522320455776,30.388079999999988,39.33038572882575
24,15.448,29.23125903092006,31.830515728039334,29.726849999999992,31.161709171617503
24,15.717,29.23125903092006,30.06199312020629,27.360529999999986,29.43578885646064
24,16.022,29.23125903092006,25.62230890919869,25.406740000000003,26.666782937026184
24,16.326,29.23125903092006,27.95005089629368,26.482130000000005,28.91191411164354
24,16.517,29.23125903092006,29.90008607787465,25.00388,27.892546280007053
24,16.782,29.23125903092006,29.655453605152648,23.959953000000006,27.102457239205176
24,17.09,29.23125903092006,28.217704106412988,25.956259999999997,27.612378242083388
24,17.316,29.23125903092006,30.40625505026207,27.746529999999975,28.398223003837035
24,17.581,29.23125903092006,30.798607975998337,27.97642000000001,30.19915984246217
24,17.848,29.23125903092006,29.241096544661495,25.587009999999996,26.66009543261611
24,18.192,29.23125903092006,31.897425812695168,27.500259999999983,28.348489502099646
24,18.383,29.23125903092006,33.49100430731602,30.447150000000015,31.152496118911973
24,18.688,29.23125903092006,31.76202081611356,26.999019999999994,27.60492003165408
24,18.916,29.23125903092006,32.96044624124472,28.795769999999994,29.266391740870795
24,19.07,29.23125903092006,32.262077533461195,27.937370000000005,28.496389468486313
24,19.153,29.23125903092006,30.984094208626892,28.64551000000001,29.94691664496841
24,19.259,29.23125903092006,31.07520846714569,30.421409999999995,31.1952098663699
24,19.343,29.23125903092006,35.74593372711915,30.534669999999988,33.295934274344184
24,19.39,29.23125903092006,30.636811172101762,28.742960000000004,30.97812570701935
24,19.486,29.23125903092006,31.159652750816328,26.732809999999994,29.01797473697897
24,19.58,29.23125903092006,33.90775859059571,31.06139999999999,32.54411414921785
24,19.64,29.23125903092006,32.40791507825963,29.94357899999998,33.30489166339781
24,19.723,29.23125903092006,32.91547542601596,29.435609999999993,31.62468433332865
24,19.831,29.23125903092006,30.31184197382723,28.592649999999995,28.713038516390146
24,19.89,29.23125903092006,34.735682962748584,28.893008999999992,31.468529788290933
24,19.974,29.23125903092006,33.05261706353338,31.89534999999999,39.49269521791192
24,15.448,29.23125903092006,30.918294754523355,30.03095199999999,30.325465303979055
24,15.717,29.23125903092006,28.660899274401075,24.46933000000001,28.524673530570915
24,16.022,29.23125903092006,29.137766126445054,28.868469999999984,29.179305690363865
24,16.326,29.23125903092006,28.869549916069833,28.13637999999998,29.827786782250325
24,16.517,29.23125903092006,28.1229070793324,26.67929999999998,28.090330681261644
24,16.782,29.23125903092006,30.797345953237453,25.82014999999998,27.515784437253462
24,17.09,29.23125903092006,27.8440407090451,27.857699999999976,29.77856168686718
24,17.316,29.23125903092006,28.04576012662006,26.212969999999977,27.647173099928416
24,17.581,29.23125903092006,30.780352329210167,29.007660000000005,28.608465394287332
24,17.848,29.23125903092006,30.877597768784668,27.070130000000002,26.746856863142128
24,18.192,29.23125903092006,33.44675372451249,28.141440000000003,30.45095221342119
24,18.383,29.23125903092006,30.615503541772306,29.82746000000001,31.20493217996183
24,18.688,29.23125903092006,31.783255249432973,29.35886999999999,28.679629997029576
24,18.916,29.23125903092006,31.84215304579154,24.92293,26.092062337595003
24,19.07,29.23125903092006,30.22121858191053,26.87361,29.69220646252248
24,19.153,29.23125903092006,31.071912603333995,27.688479999999995,29.905461160646738
24,19.259,29.23125903092006,33.44412349980713,28.891229999999997,29.372405697174507
24,19.343,29.23125903092006,33.48619532959506,30.777588999999992,32.03239114047256
24,19.39,29.23125903092006,29.940593598525897,29.534199999999995,32.156998293552135
24,19.486,29.23125903092006,33.68735794604712,31.300009999999993,31.824514092199895
24,19.581,29.23125903092006,33.77797557956471,29.767700000000005,30.425383211586226
24,19.64,29.23125903092006,32.81424777827105,29.238749999999996,31.658736492847602
24,19.723,29.23125903092006,32.231642279384104,30.176609999999982,31.28687139377822
24,19.831,29.23125903092006,32.21643526885054,27.05215,27.888068091394402
24,19.89,29.23125903092006,31.342799761518958,31.105919000000007,30.833073127877928
24,19.974,29.23125903092006,33.170674685787404,31.106899999999996,36.372651027557225
24,15.448,29.23125903092006,29.294771263440985,25.837520000000005,29.544645112770652
24,15.717,29.23125903092006,30.113140394606454,27.24825999999999,27.92486574942729
24,16.022,29.23125903092006,28.154756549559856,24.806189999999997,27.233410024504924
24,16.326,29.23125903092006,29.71743337057572,27.61675999999999,30.13354652128166
24,16.517,29.23125903092006,28.410233158600175,25.717369999999992,27.877497244524864
24,16.782,29.23125903092006,31.680102875887624,27.513779999999983,28.404895920592203
24,17.09,29.23125903092006,29.738893782674495,26.703429999999997,27.225158293233605
24,17.316,29.23125903092006,28.521507629490376,28.22194999999999,30.215226707379603
24,17.581,29.23125903092006,28.795284669267808,27.550502,28.490116811095373
24,17.848,29.23125903092006,31.96215855650977,27.15448999999999,27.742226630039475
24,18.192,29.23125903092006,31.65889183596324,27.963709999999995,28.85104951014735
24,18.383,29.23125903092006,28.18627989951021,28.63398,28.62121699386886
24,18.688,29.23125903092006,31.48323376271406,26.140470000000004,27.92988991178471
24,18.916,29.23125903092006,33.14455403834674,30.70281,30.25872360480401
24,19.07,29.23125903092006,33.59365710008627,27.993770000000005,28.781929021144975
24,19.153,29.23125903092006,32.119767709106604,27.68316,29.58848653495518
24,19.259,29.23125903092006,30.781118423680383,29.89237,28.79445656897015
24,19.343,29.23125903092006,31.006300935438837,29.186619999999994,31.762747691495484
24,19.39,29.23125903092006,31.82741688302246,29.242290000000004,31.775479561739296
24,19.486,29.23125903092006,32.32455459100121,29.266640000000002,30.88015024762301
24,19.581,29.23125903092006,32.961941447042776,28.077930000000006,30.99438510089474
24,19.64,29.23125903092006,32.702178572548355,29.063309999999984,30.50871744394409
24,19.723,29.23125903092006,31.968872080239976,26.398629999999997,27.170050923083252
24,19.831,29.23125903092006,30.056744710342908,26.001839999999998,27.985780992761537
24,19.89,29.23125903092006,31.958655607442978,27.901739999999997,28.270153866016628
24,19.974,29.23125903092006,32.95031650110844,25.80154,34.581661108789774
24,15.448,29.23125903092006,24.42968167854368,28.793770000000006,27.47859963156288
24,15.717,29.23125903092006,30.54338172487996,30.139339999999997,30.10372286823483
24,16.022,29.23125903092006,30.722176108513036,26.412909999999982,29.56501529898458
24,16.326,29.23125903092006,31.74368748190581,29.919746999999983,30.508773546136908
24,16.517,29.23125903092006,30.31300054342941,25.282420000000016,27.724157529235196
24,16.782,29.23125903092006,31.27029131452203,28.45497,30.324676682224204
24,17.09,29.23125903092006,30.238704483086373,27.45141,29.391241039228294
24,17.316,29.23125903092006,29.3787550845575,28.118329999999983,29.394875874034593
24,17.581,29.23125903092006,30.287468321493755,27.256220000000006,30.41448737816363
24,17.848,29.23125903092006,29.876059481912826,26.210479999999997,28.11243572929865
24,18.192,29.23125903092006,28.80233168245319,27.839279999999995,26.812775736122134
24,18.383,29.23125903092006,32.88823425063428,30.715679999999992,31.30060580774996
24,18.688,29.23125903092006,32.90603905826716,30.309839,31.661384435439615
24,18.916,29.23125903092006,27.860746853681892,24.145021999999994,25.71150994034005
24,19.07,29.23125903092006,33.510517981354226,25.673260000000006,27.53233489463295
24,19.153,29.23125903092006,32.22397774136265,29.055759999999985,29.824599719414543
24,19.259,29.23125903092006,27.174106563860924,29.995799999999996,29.137983650151988
24,19.343,29.23125903092006,32.36055693106633,30.765959999999968,32.66993933533981
24,19.39,29.23125903092006,33.47668897934434,29.0338,30.923065675902954
24,19.486,29.23125903092006,34.509849595169136,31.448769,32.00363455991606
24,19.581,29.23125903092006,32.01513633506802,30.298679999999987,32.2110768460697
24,19.64,29.23125903092006,30.695592927658016,27.73613,31.798795531707807
24,19.723,29.23125903092006,28.707357178629977,29.925459999999983,29.058855268099844
24,19.832,29.23125903092006,29.022654163355003,26.425680000000007,27.909941881511173
24,19.89,29.23125903092006,33.228695687680315,25.993020000000005,27.412652704634993
24,19.974,29.23125903092006,29.663916647082644,25.535190000000004,33.725181950159225
24,15.448,29.23125903092006,28.61836436410789,27.0876,30.025599813678514
24,15.717,29.23125903092006,30.43309989400247,27.74642000000001,28.79774000180883
24,16.022,29.23125903092006,28.81156435865147,24.675610000000002,27.132656771642324
24,16.326,29.23125903092006,29.888178851658513,28.474919999999994,29.253672038806243
24,16.517,29.23125903092006,27.360072261765833,24.70786000000001,27.084682441423343
24,16.782,29.23125903092006,28.231068072776292,26.253349999999998,28.52408673031745
24,17.09,29.23125903092006,29.485740540239185,26.90824,29.923760305317703
24,17.316,29.23125903092006,31.730517281886662,30.279689999999977,31.178863750195625
24,17.581,29.23125903092006,28.10663824168096,27.65009,29.889011764662193
24,17.848,29.23125903092006,29.457862393619116,26.338790000000003,26.835389727011233
24,18.192,29.23125903092006,30.094778655820097,26.091459999999994,27.306472368478886
24,18.383,29.23125903092006,29.006417607952194,28.261122000000004,31.171788256847183
24,18.688,29.23125903092006,35.17288167602576,30.835740000000005,32.14648925486723
24,18.916,29.23125903092006,28.877206660576732,29.14453999999999,28.42046655734752
24,19.07,29.23125903092006,31.64420587841884,24.64630000000001,26.895145388929645
24,19.153,29.23125903092006,30.851869897462244,26.358600000000013,28.614013815413642
24,19.259,29.23125903092006,28.37450596383486,28.998159999999995,30.322298400782852
24,19.343,29.23125903092006,31.088558616406335,28.762662000000006,31.548646423206723
24,19.39,29.23125903092006,31.261128054695707,29.859079000000012,30.98622391031839
24,19.486,29.23125903092006,32.176907238241824,30.836839999999984,32.56411139125942
24,19.581,29.23125903092006,31.549863708470085,28.1427,31.387614427584275
24,19.64,29.23125903092006,31.247340025639858,29.562369999999976,32.337111373330536
24,19.723,29.23125903092006,28.638451078049883,27.72225,30.51006812539021
24,19.832,29.23125903092006,26.873330444612435,27.14857000000001,27.322228247243885
24,19.89,29.23125903092006,32.91081990214889,28.813979999999997,29.234994178828394
24,19.974,29.23125903092006,29.10307899607123,30.279459999999986,37.287213181524315
25,45.137,29.025979359294073,31.567528625029357,36.96320999999998,39.522925299545534
25,45.178,29.025979359294073,31.715796265747898,36.25730999999999,37.648808900014515
25,45.259,29.025979359294073,32.015290833426796,35.02899,38.637804584488975
25,45.541,29.025979359294073,31.145353241455442,39.16828,39.066493856178845
25,45.824,29.025979359294073,32.59396348304858,36.74994,36.72028933022449
25,46.116,29.025979359294073,31.695128695307382,38.570890000000006,40.63804903729786
25,46.39,29.025979359294073,34.218052935263565,33.92946000000001,34.5622826315018
25,46.674,29.025979359294073,31.04784955949132,39.08972999999999,41.10786507176353
25,46.997,29.025979359294073,32.036841846326915,37.54246999999999,39.86627999488958
25,47.279,29.025979359294073,31.5997551496838,37.650849999999984,39.962421940193586
25,47.561,29.025979359294073,32.92181847622464,38.48735999999998,40.13847045742292
25,47.845,29.025979359294073,33.0204236547656,37.316299999999984,39.2788768087893
25,48.128,29.025979359294073,34.62876783146208,35.403850000000006,36.30283745635135
25,48.45,29.025979359294073,32.31414974600928,36.43076000000001,36.18852909199418
25,49.039,29.025979359294073,33.49138089519967,40.136359999999996,40.2621930249271
25,49.419,29.025979359294073,34.40950644362374,37.08954000000002,36.139592158629505
25,49.885,29.025979359294073,35.00057143150042,38.34170000000001,39.61222518982536
25,50.806,29.025979359294073,32.76057614132078,41.173629999999974,40.09648405424709
25,51.263,29.025979359294073,34.082847894688484,40.04555999999998,41.39939771520958
25,51.722,29.025979359294073,33.34835317007698,35.789950000000005,38.62054321171241
25,52.184,29.025979359294073,34.506214806266385,40.32704,40.71234029719756
25,53.167,29.025979359294073,35.68988345757184,35.8464,38.52538292834266
25,53.569,29.025979359294073,34.3346792572335,39.07475,39.714882426943525
25,53.959,29.025979359294073,35.09867313924505,36.22794999999999,37.64541077312689
25,45.137,29.025979359294073,32.98709827596707,35.96992000000001,38.77670095969504
25,45.179,29.025979359294073,31.310747642995352,34.38783,33.54410685369157
25,45.259,29.025979359294073,33.275107327709776,37.55732999999999,41.247503519371286
25,45.541,29.025979359294073,32.54108172552416,34.9167,38.63047546109089
25,45.824,29.025979359294073,31.63615320770981,36.76637999999999,37.31860071007568
25,46.116,29.025979359294073,32.861830795132576,34.76493,36.2060664495739
25,46.39,29.025979359294073,33.16358780658669,36.963800000000006,39.5696485338484
25,46.674,29.025979359294073,31.095684893717554,35.86000000000001,38.13607566249036
25,46.997,29.025979359294073,30.577934915589378,37.00493,39.05018634957631
25,47.279,29.025979359294073,31.911008706984,36.84826,38.506245370620356
25,47.561,29.025979359294073,31.483927055017066,37.543820000000004,38.131294328931766
25,47.845,29.025979359294073,30.816285884243214,37.28607999999999,40.422685314709504
25,48.128,29.025979359294073,30.499600249471687,34.85506,37.22237960392791
25,48.45,29.025979359294073,33.743253460240524,39.533060000000006,39.56128712312871
25,49.039,29.025979359294073,33.17383008179627,38.58361999999999,39.66005257568523
25,49.419,29.025979359294073,34.82717044125092,37.307660000000006,36.3457278284212
25,49.885,29.025979359294073,31.992240936924954,36.649029999999996,39.70281662592994
25,50.806,29.025979359294073,32.470835628221955,38.143260000000005,39.229790038613274
25,51.263,29.025979359294073,33.14237299547627,34.76772,38.25787755410358
25,51.722,29.025979359294073,32.684205416071705,37.36743000000001,36.53262908016091
25,52.184,29.025979359294073,34.47698283627329,38.775,38.0895381519833
25,53.167,29.025979359294073,33.55841908959797,33.22863000000001,36.02487573545791
25,53.569,29.025979359294073,34.5671970101455,40.07107,39.5129294422698
25,53.96,29.025979359294073,37.20822235392749,36.82059000000001,36.03039285754894
25,45.137,29.025979359294073,33.14459391137446,34.28231999999998,37.96633126006197
25,45.179,29.025979359294073,32.05915961486419,32.60211999999999,36.888031098477875
25,45.259,29.025979359294073,32.3756678313848,34.70850999999999,38.762745527576946
25,45.541,29.025979359294073,31.28107317702284,36.62407999999999,40.00315075665435
25,45.824,29.025979359294073,31.097630331240445,35.84234,38.21960632119894
25,46.116,29.025979359294073,33.372732869215184,34.590030000000006,37.66206135908688
25,46.39,29.025979359294073,31.309161633869504,35.97653000000001,39.22360793071246
25,46.674,29.025979359294073,30.962388172431588,36.76214999999999,39.70582558561331
25,46.997,29.025979359294073,30.855007992582898,38.08184,38.997009383015246
25,47.279,29.025979359294073,31.280128699832673,35.503159999999994,40.19819906127023
25,47.561,29.025979359294073,31.146179144310562,36.06192999999999,39.64989560104923
25,47.845,29.025979359294073,32.850781546672884,38.50447000000001,40.21036634373447
25,48.128,29.025979359294073,33.41024798923804,38.00571,38.22428059902532
25,48.45,29.025979359294073,32.47935491196876,35.63751,38.731288553454725
25,49.039,29.025979359294073,32.9514744436348,38.61788999999998,38.46854202309414
25,49.419,29.025979359294073,35.08327823284088,36.040899999999986,36.40354963551451
25,49.885,29.025979359294073,32.819076732495354,35.22526,38.640247474887595
25,50.806,29.025979359294073,32.996027930685386,38.17744,39.91270003913279
25,51.263,29.025979359294073,33.20109446734119,37.05635,38.64148199440701
25,51.722,29.025979359294073,33.07182711988126,34.578390000000006,37.0568831076795
25,52.184,29.025979359294073,32.89188590478787,37.80362999999999,38.955666138253086
25,53.167,29.025979359294073,33.2042826444048,36.641960000000005,38.456343060559746
25,53.569,29.025979359294073,36.28344897771629,35.91319000000001,36.42021919220346
25,53.96,29.025979359294073,38.103341952175086,34.96756,36.50576714542728
25,45.137,29.025979359294073,33.28774979128723,33.62040999999999,39.53949905028125
25,45.179,29.025979359294073,31.933909962660366,36.79533,38.52228587163636
25,45.259,29.025979359294073,31.275025804901574,35.76362,38.46771142051981
25,45.542,29.025979359294073,31.254104795383977,34.70431000000001,38.80733802737035
25,45.824,29.025979359294073,31.125628531176645,36.574139999999986,37.72811055071043
25,46.116,29.025979359294073,30.495075815090328,37.486050000000006,38.45560224396101
25,46.39,29.025979359294073,33.09178038303759,34.363239999999976,36.78772293463917
25,46.674,29.025979359294073,30.83545809206287,38.36697999999999,39.02795832561532
25,46.997,29.025979359294073,30.25926773382886,37.405729999999984,40.436221842155156
25,47.279,29.025979359294073,31.288633372809976,38.81922,40.36119071711464
25,47.561,29.025979359294073,32.62488340125995,35.891659999999995,37.747492181108385
25,47.845,29.025979359294073,34.91233576245797,37.36131999999999,39.81325463951687
25,48.128,29.025979359294073,32.7429206823095,36.91470000000001,35.920002749624345
25,48.45,29.025979359294073,33.20926234713977,37.73713999999998,38.47104242533383
25,49.039,29.025979359294073,32.547282645041726,36.433580000000006,39.08741284858228
25,49.419,29.025979359294073,33.87143741112945,35.66158,37.34077686117851
25,49.885,29.025979359294073,31.52765974607148,35.63461,38.8502844542446
25,50.806,29.025979359294073,33.244371001635365,36.97103999999999,38.88110413152775
25,51.263,29.025979359294073,32.8272923922734,34.89544,39.171798717300504
25,51.722,29.025979359294073,32.55703241280286,38.49015,38.83754256746781
25,52.184,29.025979359294073,34.02738713133389,36.35138000000002,37.26466601369245
25,53.167,29.025979359294073,35.18983206908444,37.82466999999999,37.82362482239561
25,53.569,29.025979359294073,34.060494568578534,36.30786000000001,35.34420958158372
25,53.96,29.025979359294073,34.671694050319246,37.08591,34.652101751939654
25,45.137,29.025979359294073,33.34355529472526,34.95939999999999,39.19780241580251
25,45.179,29.025979359294073,32.47388149008876,34.773759999999996,37.47633512788661
25,45.259,29.025979359294073,32.75413462083892,35.14183,40.538085744412506
25,45.542,29.025979359294073,33.097233445611394,34.25663999999999,36.474802238347365
25,45.824,29.025979359294073,33.31603441499669,34.83016,37.93657057415626
25,46.116,29.025979359294073,33.89585818852429,35.14576000000001,37.802363022628505
25,46.39,29.025979359294073,32.86738124072427,34.595299999999995,38.60326650894815
25,46.674,29.025979359294073,30.499904147619972,33.7413,38.85000821979233
25,46.997,29.025979359294073,31.53656830121828,37.865219999999994,38.93982595416666
25,47.279,29.025979359294073,34.72201221448148,34.952859999999994,39.31750513591378
25,47.561,29.025979359294073,31.729588975751916,38.51892999999998,39.21997653685937
25,47.845,29.025979359294073,31.676293430700678,38.905499999999996,38.15441383349232
25,48.128,29.025979359294073,32.85493013949633,35.63735000000001,43.01816634241101
25,48.45,29.025979359294073,31.656558715022793,35.64857000000001,38.5139729700703
25,49.039,29.025979359294073,35.89527072962752,36.145800000000015,35.50498358101915
25,49.419,29.025979359294073,32.76882907676389,34.83959100000003,41.71606149968614
25,49.885,29.025979359294073,32.85639067858461,36.45555100000001,43.030748594682635
25,50.806,29.025979359294073,32.20325060499385,38.83151,42.73145363368016
25,51.263,29.025979359294073,33.91894838038193,36.06822000000001,38.12930976647675
25,51.722,29.025979359294073,35.44299550436608,36.151550000000015,41.944677386658775
25,52.184,29.025979359294073,33.56206892903084,36.58750999999999,38.86173851463217
25,53.167,29.025979359294073,36.346722233259385,36.82552100000001,43.82749467225818
25,53.569,29.025979359294073,36.251036814857095,37.74438,41.45658359964308
25,53.96,29.025979359294073,34.670803629216934,37.56956000000001,36.501505638463144
25,45.137,29.025979359294073,31.991696766018492,33.83044,37.91250076108769
25,45.179,29.025979359294073,32.442484501869174,33.18423,38.01606102995629
25,45.259,29.025979359294073,31.364706539088807,35.07969999999998,43.392266365323444
25,45.542,29.025979359294073,32.802829592985475,34.58496,42.47047029023184
25,45.824,29.025979359294073,33.94754913554692,34.696429999999985,43.00530646037131
25,46.116,29.025979359294073,31.93511741343643,33.87740000000001,37.881765930382834
25,46.39,29.025979359294073,32.16414620908229,31.20570999999999,34.499706406365284
25,46.674,29.025979359294073,32.62483259530118,34.24866,37.73154952814471
25,46.997,29.025979359294073,33.01697435527612,36.656079999999996,39.61185860377796
25,47.279,29.025979359294073,31.205160982645314,38.352360000000004,39.32675673954861
25,47.561,29.025979359294073,31.172051010790977,37.33865999999998,38.03165145956934
25,47.845,29.025979359294073,33.194913167229345,36.38859,38.88404297974002
25,48.128,29.025979359294073,32.4606489040211,36.153030000000015,42.941191518105015
25,48.45,29.025979359294073,32.93672192977988,35.748341,42.21075640617987
25,49.039,29.025979359294073,33.856949121200486,34.85139000000002,38.293998535675804
25,49.419,29.025979359294073,33.42992379982324,35.29986100000002,40.20236369837216
25,49.885,29.025979359294073,34.03469353612193,35.36858,38.285435704987584
25,50.806,29.025979359294073,34.16007164708468,36.39909000000001,39.11091139705499
25,51.263,29.025979359294073,33.44379329504602,35.78490000000001,38.87443350297278
25,51.722,29.025979359294073,34.16154540643192,36.03837000000003,42.00583401796601
25,52.184,29.025979359294073,36.12526550327817,37.907591,44.337149532495054
25,53.167,29.025979359294073,35.160267654263606,37.70579,38.77311454974901
25,53.569,29.025979359294073,36.030322359658456,34.98976000000002,36.059289703863804
25,53.96,29.025979359294073,35.26386090576216,39.072840000000014,42.84449458411827
26,30.66,29.23125903092006,23.839336834399425,34.22842,41.42491996950776
26,30.988,29.23125903092006,24.171496656110193,32.624846,40.548786362965195
26,31.38,29.23125903092006,23.848373134398308,34.358169000000004,40.58663077792629
26,31.766,29.23125903092006,14.155887759904216,33.343579999999996,40.804276787155956
26,32.543,29.23125903092006,26.396841283349538,33.498389999999986,40.13891471243227
26,32.942,29.23125903092006,24.24511492018235,32.78876999999998,38.475367386090355
26,33.324,29.23125903092006,27.738208683920725,34.00381999999999,38.53028801013259
26,33.714,29.23125903092006,22.436804442672774,33.233839999999994,37.56312946375724
26,34.101,29.23125903092006,25.022451355072974,32.94174999999998,34.24665483913619
26,34.49,29.23125903092006,27.68978363471288,33.91621999999998,36.58248793887666
26,34.884,29.23125903092006,25.795274054837666,33.13732999999999,36.78747539535944
26,34.533,29.23125903092006,24.92851887688244,32.83582999999998,35.64641397231309
26,33.202,29.23125903092006,28.487215838867535,33.10192999999999,35.0071550671109
26,31.876,29.23125903092006,27.145684181890246,31.528759999999984,33.3282198835985
26,30.553,29.23125903092006,28.266877373762334,29.593999000000007,31.87343696528467
26,29.772,29.23125903092006,24.285897168714772,33.30352,32.55433775549975
26,29.102,29.23125903092006,26.43180286263485,30.289628999999994,32.69057272464358
26,28.156,29.23125903092006,26.314464873556176,32.31286,33.92889045618711
26,27.888,29.23125903092006,26.95917329452676,31.418188999999987,32.15493303751593
26,26.545,29.23125903092006,28.582604957160203,32.09666999999999,32.580561444370716
26,25.011,29.23125903092006,27.80459687518081,32.6342,33.11887164569366
26,30.66,29.23125903092006,26.006149316815993,33.363437999999995,40.8161974034387
26,30.988,29.23125903092006,26.593240093345077,34.759328999999994,40.948213396622535
26,31.38,29.23125903092006,22.45006475404585,32.346949999999985,40.21487435580855
26,31.766,29.23125903092006,23.46366914460686,34.24177,41.13369156340323
26,32.153,29.23125903092006,24.5598217607385,34.614526,36.58190839914607
26,32.543,29.23125903092006,25.162935858883472,33.06966,38.88400034361337
26,32.942,29.23125903092006,24.98152520458159,33.26842999999999,37.11393654373548
26,33.324,29.23125903092006,25.01084503868265,34.78232,38.81813676602492
26,33.714,29.23125903092006,25.357170466021863,32.13773999999997,36.70925175515992
26,34.101,29.23125903092006,24.857037757921997,31.361378999999978,34.26689578250883
26,34.49,29.23125903092006,23.931077755725884,32.10090899999998,36.305631456818254
26,34.884,29.23125903092006,24.512607338430076,32.88763999999998,36.2444295345709
26,34.533,29.23125903092006,24.619805442099363,31.137699,34.55093997845684
26,33.202,29.23125903092006,23.495233643933627,31.894069999999985,34.80109628837741
26,31.876,29.23125903092006,26.18763671784791,31.03135999999998,33.37129452642456
26,30.553,29.23125903092006,27.293845250275265,29.704928,31.513409193177807
26,29.772,29.23125903092006,22.803415706477256,28.280748999999997,31.9468409897027
26,29.102,29.23125903092006,28.03463207368188,30.284639999999996,32.3104434602372
26,28.156,29.23125903092006,26.670095570886588,33.731680000000004,33.59511602080291
26,27.888,29.23125903092006,24.036013315676918,30.75482000000001,30.509987333975385
26,26.545,29.23125903092006,27.53752053899676,30.439417999999986,32.539177150992764
26,25.011,29.23125903092006,24.321049919373067,30.82647000000002,30.57304654698777
26,30.66,29.23125903092006,25.95917511114171,35.691309999999994,41.621023870791284
26,30.988,29.23125903092006,27.444310934802438,34.322669999999995,40.41994494974701
26,31.38,29.23125903092006,22.349658046000048,33.06651799999998,40.757938150297186
26,31.766,29.23125903092006,23.58976408077314,32.10355,41.368170535802726
26,32.543,29.23125903092006,24.711765725724277,33.843630000000005,38.85231872892552
26,32.942,29.23125903092006,24.93896906413707,33.402809999999974,38.45492085410539
26,33.324,29.23125903092006,27.6773281477583,34.33754999999999,38.35669781460879
26,33.714,29.23125903092006,23.181722347110515,31.45525899999999,36.815990702051
26,34.101,29.23125903092006,24.237441435737026,33.451849999999986,34.912890856638256
26,34.49,29.23125903092006,24.19200465556094,32.24400899999998,36.253144327996615
26,34.884,29.23125903092006,23.33569145960842,33.810570000000006,35.95342284415951
26,34.533,29.23125903092006,26.69396709133212,32.545529999999985,35.144551197237874
26,33.202,29.23125903092006,26.856851470847484,30.331679999999977,35.03406216813594
26,31.876,29.23125903092006,28.0182034271814,31.7461,33.74099923896641
26,30.553,29.23125903092006,26.30954213412267,29.293198000000007,31.259415363553508
26,29.772,29.23125903092006,30.28574040238838,30.737478999999986,32.128720789789014
26,29.102,29.23125903092006,24.70085848254791,30.462340000000005,30.645805715838243
26,28.156,29.23125903092006,28.29844323060914,28.974879,33.03865668832832
26,27.888,29.23125903092006,25.33744200711655,30.880359,31.529096422930127
26,26.545,29.23125903092006,27.001639749525125,29.427336999999998,32.245443098334235
26,25.011,29.23125903092006,25.568653976174318,29.64671000000002,30.280970754424832
26,30.661,29.23125903092006,29.242907359552866,30.995439999999995,40.58666568888449
26,30.988,29.23125903092006,25.83756469448197,29.827769999999997,39.64239132996112
26,31.38,29.23125903092006,24.757403539761324,32.82026699999999,39.27374486633806
26,31.766,29.23125903092006,15.446743556020902,32.16786999999999,40.690041933884224
26,32.153,29.23125903092006,25.022933281999784,34.75036999999998,36.75321577151697
26,32.543,29.23125903092006,22.714645030720106,32.17010999999999,40.04692601619477
26,32.943,29.23125903092006,26.696400314803427,32.52682799999999,38.66452590316139
26,33.324,29.23125903092006,26.942138638574075,32.023527999999985,38.05919043820549
26,33.714,29.23125903092006,23.68160910212251,33.28149999999999,36.499727869679965
26,34.101,29.23125903092006,23.253074629709893,31.847419999999975,34.04902576961779
26,34.49,29.23125903092006,22.28152169969708,30.75115600000001,35.29751785777269
26,34.884,29.23125903092006,24.67004862454278,31.42110999999998,36.14518880976634
26,34.533,29.23125903092006,23.926601354704157,30.08638500000001,34.13064665782811
26,33.202,29.23125903092006,28.900953476582174,30.806600000000007,33.84075012753483
26,31.876,29.23125903092006,28.422543397217,32.49905999999998,32.90783546629205
26,30.553,29.23125903092006,28.881618894746058,28.222894,31.34373811156532
26,29.772,29.23125903092006,24.73976303880015,31.136368999999995,31.682363441096907
26,29.102,29.23125903092006,25.412081412214825,29.76524,31.594129696947153
26,28.155,29.23125903092006,30.58386953657437,30.99473699999999,33.60329962156844
26,27.888,29.23125903092006,27.207463649119585,30.42650999999999,30.697463472765662
26,26.545,29.23125903092006,30.89046804477862,31.408526000000002,31.56885619139685
26,25.01,29.23125903092006,27.148698492675383,29.972887999999998,32.230946796583545
26,30.661,29.23125903092006,28.015238225845007,31.184489000000003,39.771195889323316
26,30.988,29.23125903092006,24.848706885244624,33.28668999999999,40.34034778161516
26,31.38,29.23125903092006,25.738757918426685,30.695079999999997,38.92908121877
26,31.766,29.23125903092006,21.620957628678475,32.015390000000004,41.547864467571756
26,32.153,29.23125903092006,22.212648711150983,33.778940000000006,36.75321577151697
26,32.543,29.23125903092006,25.13330588060125,34.010469999999984,39.62033116675936
26,32.943,29.23125903092006,24.524595858074264,32.031528999999985,38.47319772586012
26,33.324,29.23125903092006,26.846558648514183,34.04939999999998,38.46903987573162
26,33.714,29.23125903092006,26.790230696074403,33.075198999999984,36.97885440978942
26,34.101,29.23125903092006,24.145152786172382,32.009409999999995,34.037905266772455
26,34.49,29.23125903092006,24.776714239341658,31.018658999999978,36.13602303052082
26,34.884,29.23125903092006,23.91641422142458,32.703449,36.04963849829997
26,34.533,29.23125903092006,25.810170219249223,31.785426999999995,34.68140074983519
26,33.202,29.23125903092006,24.5552502024553,32.71024999999999,34.71436999899557
26,31.876,29.23125903092006,26.22932267975254,29.814766000000006,32.074650819338736
26,30.553,29.23125903092006,25.55453668961251,29.769599000000014,31.73103728159118
26,29.772,29.23125903092006,27.058556534465193,32.40979999999999,32.76712338642302
26,29.102,29.23125903092006,23.88180378412421,31.02433999999999,32.59715916860611
26,28.155,29.23125903092006,23.64616294959487,30.46098,31.87373959327571
26,27.888,29.23125903092006,23.28387728491985,31.777210000000032,29.858885700769083
26,26.545,29.23125903092006,29.474574665337535,32.779289999999996,32.761376770280194
26,25.01,29.23125903092006,27.369780692640283,31.003939999999997,33.31508467822221
26,30.661,29.23125903092006,25.592938451606646,31.00733999999999,40.31202497065282
26,30.988,29.23125903092006,24.770048817337923,31.395217,40.246014142479204
26,31.38,29.23125903092006,27.44115544265596,30.106161,38.509765995688724
26,31.766,29.23125903092006,22.05184575837575,32.747389999999996,41.12248186373681
26,32.153,29.23125903092006,23.70550575315903,32.434085,36.85538620980357
26,32.543,29.23125903092006,24.683551277417834,33.44806999999999,40.01055364493557
26,32.943,29.23125903092006,22.74406499486474,32.22911899999999,38.38044849711943
26,33.324,29.23125903092006,24.904358888192842,31.160208999999995,38.492261616581644
26,33.714,29.23125903092006,24.48293639412491,34.144629999999985,37.4076882462201
26,34.101,29.23125903092006,25.72439006024424,33.314778999999994,34.27721508898741
26,34.49,29.23125903092006,24.134646599771795,32.37202899999999,35.576982625473626
26,34.884,29.23125903092006,22.540853654513388,34.79512000000002,34.921241757639116
26,34.533,29.23125903092006,29.015941671488676,31.111589999999982,35.46300828672297
26,33.202,29.23125903092006,25.34778635251439,30.879136000000017,33.85462541361897
26,31.876,29.23125903092006,25.830312116054053,28.19724900000001,33.1412223132847
26,30.553,29.23125903092006,25.363422663778007,31.359928000000004,32.247479711236174
26,29.772,29.23125903092006,27.696820978622682,31.577529999999996,32.091165450549276
26,29.102,29.23125903092006,26.446310394859054,30.359206999999998,31.066867524955615
26,28.155,29.23125903092006,28.146770333520198,31.219219999999982,33.32329680945503
26,27.888,29.23125903092006,27.393086285845037,29.036262000000008,31.264507347677927
26,26.545,29.23125903092006,28.22079274291624,30.403780000000015,30.871163259061397
26,25.01,29.23125903092006,26.606129891547695,32.50771999999999,33.70644846977038
27,11.345,29.591002243589745,15.764181683971554,18.75824099999999,20.49314313406762
27,11.995,29.591002243589745,18.678683973166105,20.25373099999999,21.720305971217137
27,12.318,29.591002243589745,18.937258730028546,19.57219399999999,22.72728600820753
27,12.651,29.591002243589745,18.084023178442813,19.117551000000002,21.746265355535613
27,13.289,29.591002243589745,19.674513263901744,20.543832999999992,23.21886038526943
27,13.615,29.591002243589745,19.290526686942997,20.131110999999997,23.27143834558416
27,13.94,29.591002243589745,20.013697248387466,20.331898000000002,24.237771751507783
27,14.359,29.591002243589745,19.99890372632889,21.25164599999999,23.333397199447916
27,14.633,29.591002243589745,19.198020087155825,20.874066,24.510109571336912
27,14.912,29.591002243589745,20.552021651291327,20.94357699999999,24.447318970698067
27,15.559,29.591002243589745,21.84222513367356,22.342198999999997,25.012545205363963
27,15.88,29.591002243589745,19.43354123434958,20.06247600000001,22.909302812295046
27,16.024,29.591002243589745,20.92333916236257,21.611799999999995,22.932767734117473
27,16.184,29.591002243589745,19.531996474233935,19.27401099999999,21.970648912688247
27,16.542,29.591002243589745,23.137522510341626,25.419118999999995,24.71203427647205
27,16.902,29.591002243589745,23.15617999911774,23.192446999999984,25.361007758438515
27,17.022,29.591002243589745,19.006974593584324,20.609962999999997,23.99046523836591
27,17.3,29.591002243589745,19.47716317119444,18.071962999999993,19.25972780183696
27,17.577,29.591002243589745,21.869299182882436,22.005846000000002,25.673930996564152
27,18.18,29.591002243589745,24.09963396214304,21.332596999999993,25.815080887990682
27,18.415,29.591002243589745,25.25077822597438,24.069576000000005,25.21429172752313
27,18.698,29.591002243589745,22.704907227439826,23.76032600000001,24.927067460922952
27,18.979,29.591002243589745,22.78880941790615,23.484731000000007,25.50543716528686
27,11.345,29.591002243589745,16.652275565739366,18.653090999999986,20.18909938018987
27,11.995,29.591002243589745,16.52196991912432,20.259902999999998,20.00536460968163
27,12.318,29.591002243589745,19.10454688785765,19.57852099999998,21.506739679889193
27,12.651,29.591002243589745,18.369433561575786,18.022059,23.168640242952073
27,13.289,29.591002243589745,21.42693057557858,20.044504000000003,25.505245727327218
27,13.615,29.591002243589745,16.11976262560041,19.06422999999999,20.64575377106233
27,14.359,29.591002243589745,21.015073844260193,23.729846,28.206377962022366
27,14.633,29.591002243589745,22.404399685774813,19.947329000000007,24.517142251897656
27,14.912,29.591002243589745,20.760906568356585,21.478860000000005,24.816230881546325
27,15.559,29.591002243589745,20.75655536973327,21.457337000000003,24.296731973451113
27,15.88,29.591002243589745,14.61777139000026,14.607062999999991,12.791053480490465
27,16.024,29.591002243589745,20.576194623139653,20.185228999999996,24.74882226482087
27,16.184,29.591002243589745,20.484860964025945,22.400361000000007,25.01806849532036
27,16.542,29.591002243589745,21.63674353756945,21.498772,25.113021550940374
27,16.902,29.591002243589745,24.562607168321037,23.942417000000006,26.652898253654634
27,17.022,29.591002243589745,20.70116084202033,22.00489000000001,25.232364352836907
27,17.3,29.591002243589745,14.84797493630136,16.023101999999994,15.467789925009713
27,17.577,29.591002243589745,22.20978664889634,22.245629000000005,25.151880856999878
27,18.18,29.591002243589745,21.03768641302789,17.97089,24.518618742613103
27,18.415,29.591002243589745,24.853261813074393,23.17062900000001,25.99876015158697
27,18.698,29.591002243589745,19.925687380290725,23.061343000000008,24.591462995233773
27,18.979,29.591002243589745,22.42336223461679,20.616239000000004,25.13123562208466
27,11.345,29.591002243589745,15.797682848659697,19.13251899999998,18.871004896480372
27,11.995,29.591002243589745,16.195374186670733,19.23824899999999,18.62814384320673
27,12.318,29.591002243589745,15.206010784728955,20.18408499999999,20.127709446382585
27,12.651,29.591002243589745,19.496316577395998,19.262516,23.02820539006198
27,13.289,29.591002243589745,18.345163746990117,20.125351000000002,22.660894337598606
27,13.615,29.591002243589745,16.337324355821686,19.90949699999999,20.9709826515846
27,13.94,29.591002243589745,17.4944831731326,15.761314000000004,22.211014710408453
27,14.359,29.591002243589745,18.653376172394665,16.055579999999992,19.02660313144946
27,14.912,29.591002243589745,22.009863420440045,21.311784999999997,24.91624266328458
27,15.559,29.591002243589745,21.858773578978834,20.653164999999994,25.38641098934801
27,15.88,29.591002243589745,15.52980917283184,14.297477,11.513308344820047
27,16.024,29.591002243589745,18.749271105699176,19.463956999999997,22.82123430453733
27,16.184,29.591002243589745,18.448444054914418,15.332517999999991,20.50795761773356
27,16.542,29.591002243589745,23.910606396064384,23.610729000000006,27.454816948315322
27,16.902,29.591002243589745,19.27201789985901,17.981269999999988,23.19215451583893
27,17.022,29.591002243589745,20.955526638278165,21.149555999999997,25.291078982360048
27,17.3,29.591002243589745,18.945762766418714,17.602488999999995,20.58885057315339
27,17.577,29.591002243589745,21.778394414406087,21.02080899999999,25.173655413719274
27,18.18,29.591002243589745,22.988624100057088,20.67609000000001,25.506598314615932
27,18.698,29.591002243589745,19.701394443535932,22.132916000000012,24.43057858456437
27,18.979,29.591002243589745,22.904901118103737,23.638836000000005,26.846373151720776
27,11.345,29.591002243589745,18.915080192049903,19.954164000000002,21.43023037493519
27,11.995,29.591002243589745,20.328945643986362,20.033014,23.33378883681128
27,12.318,29.591002243589745,18.71213232874557,19.071241,21.952231970904798
27,13.289,29.591002243589745,17.788416947109756,20.277148999999998,22.820720382149354
27,13.615,29.591002243589745,18.05946573456787,17.44826,21.815372872492393
27,13.94,29.591002243589745,18.590586424754612,20.512147999999996,22.756743168507846
27,14.359,29.591002243589745,20.973984007006173,19.187963999999994,24.372267314054277
27,14.633,29.591002243589745,17.552351042338955,19.382749,21.99468101650435
27,14.912,29.591002243589745,21.30527663992908,21.229083999999997,24.850245969608565
27,15.559,29.591002243589745,23.259748296333637,23.706169999999997,27.536424863274007
27,15.88,29.591002243589745,16.421516490930383,14.005237000000001,17.986213615562047
27,16.024,29.591002243589745,18.83684076620129,19.657663000000003,22.70799686126222
27,16.184,29.591002243589745,18.921855916566855,15.473802999999993,19.691899770615038
27,16.542,29.591002243589745,21.31847331911218,19.51079,23.74669722311224
27,16.902,29.591002243589745,20.050914703916646,20.164535000000004,23.58680632864735
27,17.3,29.591002243589745,19.912411156626483,18.103762,20.14471890610317
27,17.577,29.591002243589745,23.95865998161888,23.886709999999994,27.11153099459286
27,18.18,29.591002243589745,25.580726032485614,25.596298000000004,26.502786652227737
27,18.415,29.591002243589745,23.79029675338532,23.609011999999993,25.803787513612832
27,18.698,29.591002243589745,21.183029689784085,22.142763000000006,25.808309960719274
27,11.345,29.591002243589745,18.183297480228788,19.472050999999993,22.31054303730836
27,11.995,29.591002243589745,18.427893216611487,19.931183999999988,21.546671442784074
27,12.318,29.591002243589745,20.706911777295666,20.406289,22.815998950939647
27,12.652,29.591002243589745,19.046995050561875,14.544442999999992,21.293147708690388
27,13.289,29.591002243589745,18.451236024563755,14.555378999999993,17.77351571548778
27,13.615,29.591002243589745,21.34642404396415,21.637135999999995,23.87249889657878
27,13.94,29.591002243589745,21.141048161369337,21.268075,24.783672193318708
27,14.359,29.591002243589745,21.490389449612728,18.078350999999984,23.35606039620999
27,14.633,29.591002243589745,19.11657164326813,19.625694999999993,23.050157269476443
27,14.912,29.591002243589745,26.373024579598464,22.030532000000004,25.72348482558041
27,15.559,29.591002243589745,25.15285035955776,21.798445,27.239240008074017
27,15.88,29.591002243589745,17.89697207479604,13.093034999999995,18.40943759719354
27,16.024,29.591002243589745,20.150215772112183,19.709039999999995,24.058815306921794
27,16.184,29.591002243589745,19.10211646576121,14.731700999999987,20.251855156252617
27,16.542,29.591002243589745,23.432995116742198,20.96566799999999,25.216243153434046
27,16.902,29.591002243589745,25.708710270061445,21.484724999999997,26.929568213253454
27,17.022,29.591002243589745,20.67817648916905,19.897041000000005,24.304420886413226
27,17.3,29.591002243589745,21.125801041672055,20.286566,25.151887490597453
27,17.577,29.591002243589745,22.883566246379907,20.545937999999996,25.176640119659027
27,18.18,29.591002243589745,24.354439565402302,22.120976000000006,26.31284996958789
27,18.415,29.591002243589745,23.23773412260769,24.030901999999998,26.11874775134376
27,18.698,29.591002243589745,21.134672533440295,18.494170999999998,21.51396993849923
27,11.345,29.591002243589745,16.23877945731735,19.204262999999983,20.46893422586435
27,11.996,29.591002243589745,15.759767299551338,17.912817999999994,19.004228971364952
27,12.318,29.591002243589745,19.373316940293446,19.197238,21.634875358546193
27,12.652,29.591002243589745,21.740870095541947,18.636855999999995,23.089593350744032
27,13.289,29.591002243589745,19.608630324579856,20.547806000000005,24.409181228684755
27,13.94,29.591002243589745,20.67396922847261,21.523215999999998,24.850398104930985
27,14.359,29.591002243589745,23.150482416814093,19.494041999999986,24.813857668330424
27,14.633,29.591002243589745,17.708033509585867,16.224204,17.84779845567167
27,14.912,29.591002243589745,21.299893363424452,19.865969999999994,25.03000536880955
27,15.559,29.591002243589745,24.771969243108217,21.74455200000001,25.48241631720408
27,15.88,29.591002243589745,20.208901063682536,20.983226999999996,23.58313281202616
27,16.024,29.591002243589745,19.215925721071173,19.184109999999997,23.91295369444492
27,16.184,29.591002243589745,21.993678525301796,20.871252999999992,24.07442573519258
27,16.542,29.591002243589745,24.811915140227214,22.858442,25.796157064124543
27,16.902,29.591002243589745,23.56520439208453,21.99641,25.490324676211085
27,17.022,29.591002243589745,21.450145357533824,19.741623,24.630860408823263
27,17.3,29.591002243589745,21.468317398775167,21.56611899999999,24.27837849144834
27,17.577,29.591002243589745,23.510920602807392,20.483010000000004,25.598742133390093
27,18.18,29.591002243589745,24.772743861726553,21.472101000000006,26.591270992228946
27,18.415,29.591002243589745,28.488330340057278,24.145364000000004,28.123537822345128
27,18.979,29.591002243589745,19.962162566766505,23.480059000000015,24.089704746390584
28,41.58,28.84628394270637,26.000824555610304,25.507780000000004,13.177211744556386
28,41.119,28.84628394270637,24.52074946472483,25.572439999999993,12.865868473534258
28,40.658,28.84628394270637,26.057192762553353,25.548889999999997,13.493336364552643
28,40.196,28.84628394270637,25.3308536783564,25.407490000000003,14.300268588979392
28,39.735,28.84628394270637,25.405306077735684,26.358400000000014,13.579490391576073
28,39.273,28.84628394270637,26.133325253845836,25.36659999999999,14.399635200824155
28,38.814,28.84628394270637,23.92750705546677,25.399129999999992,16.014079321402395
28,38.35,28.84628394270637,27.392393539557073,25.2187,17.31603556438035
28,37.891,28.84628394270637,23.60743903323698,27.116280000000003,17.58832460276997
28,37.43,28.84628394270637,25.05235494609347,26.083779999999997,19.03322628437849
28,36.967,28.84628394270637,26.016396476076505,26.16412999999999,18.534319937273946
28,36.506,28.84628394270637,26.404392696487662,25.930890000000005,19.597774413242156
28,35.223,28.84628394270637,24.936144478536733,27.396059999999988,21.11850348570407
28,34.365,28.84628394270637,25.259933502965467,27.22243,20.65051603437963
28,33.503,28.84628394270637,24.80147290623778,27.153380000000013,21.281999310898158
28,32.648,28.84628394270637,25.290658409518247,27.76164000000001,20.81888481771609
28,31.786,28.84628394270637,26.832644020624446,26.712760000000014,19.550225071976946
28,30.929,28.84628394270637,27.52322285807904,27.71178000000001,21.782156569652695
28,29.206,28.84628394270637,26.740542693110683,27.70263999999999,21.705819292079514
28,28.346,28.84628394270637,28.059765796817995,28.16812,21.055391182875717
28,27.486,28.84628394270637,24.93188749482475,29.16136999999998,19.134289682230712
28,26.618,28.84628394270637,25.547099439072195,30.32454,21.568658504793465
28,25.767,28.84628394270637,27.991807342098834,30.531109999999984,22.140109600624985
28,41.58,28.84628394270637,26.397652070148133,25.629189999999983,12.927881392059074
28,41.119,28.84628394270637,25.106939493615936,25.40946999999999,13.224064092355643
28,40.658,28.84628394270637,26.82442975086468,24.996899999999997,13.729795875347572
28,40.196,28.84628394270637,25.41085252581331,25.67854999999999,13.560738265605055
28,39.735,28.84628394270637,24.044250082451107,25.683199999999996,13.105331268910714
28,39.273,28.84628394270637,25.17950498189156,25.81955999999999,14.190649017939451
28,38.814,28.84628394270637,25.48017440650986,25.13137000000001,15.200220935940669
28,38.35,28.84628394270637,26.022126711364656,25.999580000000005,17.017376057390543
28,37.891,28.84628394270637,22.582181707076384,26.45283,16.076559240275547
28,37.429,28.84628394270637,24.441769537919903,25.73119,17.40165953817847
28,36.967,28.84628394270637,25.16354224249598,25.796170000000004,18.869203635443483
28,36.506,28.84628394270637,26.506625558651525,25.700570000000003,20.19940881363499
28,35.223,28.84628394270637,26.150763911519235,27.38803,20.879581869929638
28,34.365,28.84628394270637,24.784257393038093,26.977769999999992,20.97660832727637
28,33.503,28.84628394270637,24.69024919260645,26.86791000000002,20.932680723706994
28,32.648,28.84628394270637,25.318562987372115,27.035370000000007,21.19950064173922
28,31.786,28.84628394270637,25.425625627262445,26.568420000000014,18.84657299011225
28,30.929,28.84628394270637,27.148161150838106,26.763630000000013,21.552224109051405
28,29.206,28.84628394270637,26.26878459396705,28.574059999999996,19.957702988090126
28,28.346,28.84628394270637,25.269555617886947,28.049789999999998,21.37920949639991
28,27.486,28.84628394270637,27.24638644013515,29.777040000000003,21.84450406441418
28,26.618,28.84628394270637,26.270720241514418,30.128939999999997,21.496681483335344
28,25.767,28.84628394270637,25.81227790237657,30.417349999999992,20.196028500717215
28,41.58,28.84628394270637,25.5575533339794,24.833659999999995,12.190876200589424
28,41.119,28.84628394270637,23.766390096409438,25.458899999999993,13.238727236517414
28,40.658,28.84628394270637,24.48054879894503,25.67311999999998,12.913195828662207
28,40.196,28.84628394270637,22.105709640078466,25.627849999999995,12.923668975952973
28,39.735,28.84628394270637,23.523139293473417,25.469829999999998,11.88664616632425
28,39.273,28.84628394270637,25.48802302731753,25.681659999999987,14.31558407638191
28,38.814,28.84628394270637,23.62668995343382,24.518509999999996,17.337899070169502
28,38.35,28.84628394270637,25.50136245442561,24.96383999999999,16.86033767302344
28,37.891,28.84628394270637,23.73432102061234,25.29061999999999,18.14425449285796
28,37.429,28.84628394270637,27.37276702269461,26.126179999999994,18.62651904359789
28,36.967,28.84628394270637,26.60186540042556,26.295119999999994,19.619441697114958
28,36.506,28.84628394270637,25.155597511964004,25.8197,19.790797489686444
28,35.223,28.84628394270637,24.55522818424994,26.91894,20.274021735516158
28,34.365,28.84628394270637,24.706031232944913,26.451150000000002,21.112918863944742
28,33.503,28.84628394270637,24.077696716271497,27.414390000000004,20.167867512772357
28,32.648,28.84628394270637,24.875517939711816,27.276580000000003,20.966380644256525
28,31.786,28.84628394270637,26.48894898631323,27.07890000000002,19.404386155097193
28,30.929,28.84628394270637,26.200949532447737,27.223440000000004,19.869641804715666
28,29.206,28.84628394270637,27.4947287617859,28.68864,21.704832036695162
28,28.346,28.84628394270637,26.695591301463523,28.35621000000001,21.790130992883377
28,27.486,28.84628394270637,26.25317096798331,29.634159999999994,21.321827530396725
28,26.618,28.84628394270637,26.393145915504668,30.013219999999993,21.64346564625882
28,25.767,28.84628394270637,26.583541291475058,29.776589999999995,21.709689533858135
28,41.58,28.84628394270637,25.718400245232058,24.741110000000003,12.431742182374451
28,40.657,28.84628394270637,26.200268243548507,24.61915,13.043373858374634
28,40.196,28.84628394270637,25.12309227980177,25.05606,13.885040806384536
28,39.735,28.84628394270637,24.11641135076753,24.71689999999999,13.241197778734113
28,39.273,28.84628394270637,25.040265708330935,25.20829999999999,14.049111092302002
28,38.814,28.84628394270637,23.52389839082816,25.38534,16.213718901899156
28,38.35,28.84628394270637,27.354314491427758,25.87360000000001,17.299406392858252
28,37.891,28.84628394270637,23.47148021043117,25.248659999999987,18.29103865578144
28,37.429,28.84628394270637,25.14567957907444,25.96947999999999,19.34689203035989
28,36.506,28.84628394270637,24.94659121044651,25.86818000000001,18.947392537339145
28,35.223,28.84628394270637,24.390678046903883,26.411989999999992,20.68276431299732
28,34.365,28.84628394270637,23.3112440560068,26.67744,20.69842315260477
28,33.503,28.84628394270637,26.64827201254926,26.91511,21.261398805315572
28,32.648,28.84628394270637,25.95440559598864,27.177220000000013,21.696883250221987
28,31.786,28.84628394270637,26.859441968235664,26.830140000000018,21.38615064791192
28,30.928,28.84628394270637,27.35447065429412,28.15452,20.24917703906401
28,29.205,28.84628394270637,26.906045046065532,27.62875000000001,21.631012150614158
28,28.346,28.84628394270637,26.81322498078605,28.511530000000008,21.458138067065097
28,27.486,28.84628394270637,26.192078236277855,29.64665,21.532945208530453
28,26.618,28.84628394270637,26.240157599941107,30.392340000000004,21.487804451705124
28,25.767,28.84628394270637,26.384179020873255,31.077019999999994,21.005814572929793
28,41.119,28.84628394270637,27.713093690730126,24.805169999999997,12.966505311422269
28,40.657,28.84628394270637,27.65357021063675,23.742879999999996,13.277102548372476
28,40.196,28.84628394270637,26.065341445521156,25.986639999999998,12.595586322213395
28,39.735,28.84628394270637,25.958225930018763,25.122769999999996,13.041229886385056
28,39.273,28.84628394270637,25.316915367805105,25.690619999999985,13.945778939412884
28,38.814,28.84628394270637,26.937964334108216,25.692310000000003,16.946174351496055
28,38.35,28.84628394270637,27.60236835528643,25.093339999999994,17.319161960228705
28,37.891,28.84628394270637,25.677327928661153,25.59811,18.29103865578144
28,37.429,28.84628394270637,27.77834632545956,26.515530000000002,20.26004181891641
28,36.967,28.84628394270637,25.495207827970734,25.655559999999994,20.014906895347927
28,36.506,28.84628394270637,26.724827958717086,25.75502000000001,21.102024448595074
28,35.223,28.84628394270637,29.10575814505423,26.507570000000005,20.858024054784142
28,34.365,28.84628394270637,25.88159474597907,26.978830000000006,21.23915955363961
28,33.503,28.84628394270637,28.835514948668774,27.214100000000013,20.834700903765814
28,32.648,28.84628394270637,27.482918839762103,26.755700000000004,21.490934312559503
28,31.786,28.84628394270637,28.216197847057515,27.854420000000008,21.86359235724145
28,30.928,28.84628394270637,29.101673170626324,27.500440000000005,21.36274076164544
28,29.205,28.84628394270637,28.256499104029686,28.806820000000002,22.434346993877753
28,28.346,28.84628394270637,28.3186490872388,28.909370000000003,21.53856995035483
28,27.486,28.84628394270637,27.46210064849743,30.124639999999985,21.685354113278308
28,26.618,28.84628394270637,28.488305761114503,30.595449999999982,22.334785736601212
28,25.767,28.84628394270637,27.650080359638856,31.290219999999998,21.87381586628751
28,41.58,28.84628394270637,29.7614269804313,25.335650000000005,13.601702333909117
28,41.119,28.84628394270637,27.707154691701156,25.325880000000005,13.16385012096434
28,40.657,28.84628394270637,27.94170682353072,24.640909999999995,13.351909689837834
28,40.196,28.84628394270637,28.386588563364597,24.2569,14.583255196753079
28,39.735,28.84628394270637,27.569873956127,24.50465999999999,14.127633289708559
28,39.273,28.84628394270637,25.85633809967534,25.601819999999986,14.01170904924802
28,38.814,28.84628394270637,26.8394272312247,24.60683,16.33194191943565
28,38.35,28.84628394270637,26.042239678695033,25.583939999999995,17.111475821643253
28,37.891,28.84628394270637,26.47393291763753,25.509879999999985,18.467369662935894
28,37.429,28.84628394270637,27.76638208538637,25.522350000000014,19.514396832758422
28,36.967,28.84628394270637,28.4903388182307,26.720609999999997,21.053064912812406
28,36.506,28.84628394270637,26.3296152213986,26.389300000000013,19.92536563092942
28,35.223,28.84628394270637,27.186176420857905,27.48137999999999,21.313533746022816
28,34.365,28.84628394270637,27.72502030328445,27.40529,22.057195744086673
28,33.503,28.84628394270637,26.61499709891791,26.87643000000001,21.311407982714083
28,32.648,28.84628394270637,26.247375823012455,27.333680000000005,20.87830765217619
28,30.928,28.84628394270637,27.792955005343796,27.38653999999999,21.12351350998653
28,29.205,28.84628394270637,28.561156993896233,27.946430000000014,21.70256700227367
28,28.346,28.84628394270637,29.510396820590177,28.74597999999999,21.853020495037395
28,27.486,28.84628394270637,29.75612568124828,29.582289999999986,21.940371042980715
28,26.618,28.84628394270637,30.237511507637052,31.40201999999999,22.14668028819815
28,25.767,28.84628394270637,30.04202070974195,30.83872,21.542260494154565
29,34.368,29.834604907034695,35.35509530710909,44.60904000000001,43.42269731248524
29,33.842,29.834604907034695,34.94470368339538,44.04690000000001,43.81676423758529
29,33.315,29.834604907034695,34.550598642907666,44.315979999999996,45.933103164046436
29,32.789,29.834604907034695,35.134900991674236,44.968860000000035,46.27005258880055
29,32.261,29.834604907034695,34.45846282382527,44.747690000000006,46.70392294368692
29,31.734,29.834604907034695,35.7460724276206,44.88689000000002,47.01972533184344
29,31.21,29.834604907034695,33.30324582563335,44.71185000000002,46.24692278051709
29,30.608,29.834604907034695,33.14726135201599,44.655950000000004,47.54849947758914
29,30.082,29.834604907034695,32.90493235084543,44.63416,47.99823012645992
29,29.554,29.834604907034695,35.23982701266751,45.75347999999999,48.01136016517322
29,28.952,29.834604907034695,34.55925496316889,46.039928,48.3642367502835
29,28.425,29.834604907034695,33.63809485621874,45.07814000000001,48.87516672692266
29,28.022,29.834604907034695,34.5181798878527,44.792890000000014,48.85738906430589
29,28.032,29.834604907034695,36.065995203982844,47.24736000000001,48.69704504583816
29,29.564,29.834604907034695,37.39565799866379,49.51271999999997,48.61005469514904
29,29.894,29.834604907034695,36.43814211139783,48.602329999999995,50.41566577940298
29,30.335,29.834604907034695,35.41795492601351,47.949059999999974,50.49835109168619
29,30.723,29.834604907034695,34.97428039641358,47.07387000000003,50.134935818653005
29,31.107,29.834604907034695,40.29640470545077,49.530370000000005,50.83815106430498
29,31.494,29.834604907034695,35.337410768298156,46.47712000000001,50.99944296494827
29,31.88,29.834604907034695,35.456477536492365,48.45991,50.43232961594596
29,32.268,29.834604907034695,37.290893038890125,48.30720000000001,50.45738007254946
29,32.707,29.834604907034695,35.022626766347926,48.268500000000024,43.30191721798749
29,33.037,29.834604907034695,36.74644597644971,48.23673000000002,45.10146458739411
29,33.423,29.834604907034695,38.04378126356922,47.959040000000016,55.17018563848744
29,33.807,29.834604907034695,37.52244165286709,46.364500000000014,47.14645223457459
29,34.14,29.834604907034695,38.14459211952838,47.76186000000003,47.46270981042241
29,34.581,29.834604907034695,40.39928692241749,49.11482000000001,47.18050373251547
29,34.368,29.834604907034695,35.00673384718898,45.26679000000003,45.15161794245999
29,33.842,29.834604907034695,30.184678792662975,38.79839300000001,42.851858321180174
29,33.315,29.834604907034695,32.11990640296412,44.70651000000002,46.311888419298455
29,32.789,29.834604907034695,34.09779365261649,44.30013000000002,45.768653445053715
29,32.261,29.834604907034695,32.43028712449876,44.063120000000026,46.61333233983371
29,31.734,29.834604907034695,32.81706027671042,44.36746000000003,47.24771630330648
29,31.21,29.834604907034695,32.15793888899529,43.04473,46.48606590003293
29,30.608,29.834604907034695,33.258390479643445,45.21870000000003,47.66582219991748
29,30.082,29.834604907034695,32.757878299051725,43.10511000000001,48.09171605519131
29,29.554,29.834604907034695,34.67596607349261,44.759049999999995,48.689173881358
29,28.952,29.834604907034695,33.38592321660133,44.24776999999998,48.413152766964885
29,28.425,29.834604907034695,33.87378253592785,44.51130000000001,50.49796422523325
29,28.022,29.834604907034695,34.44596330791456,45.66615999999999,48.954385641129086
29,28.032,29.834604907034695,33.137854061534135,44.004230000000014,44.514383784930764
29,29.564,29.834604907034695,35.45816858664228,47.18823000000001,49.97179613540498
29,29.894,29.834604907034695,36.59549713173233,47.60509000000002,48.93242510200714
29,30.335,29.834604907034695,34.92217831463151,47.902027999999994,50.27623725967338
29,30.723,29.834604907034695,37.69889124229655,46.91367999999999,49.788549813719136
29,31.107,29.834604907034695,34.37408988447416,46.37578000000001,50.809114290025306
29,31.494,29.834604907034695,35.05193205718729,48.064569999999975,50.98882343387179
29,31.88,29.834604907034695,34.60352371708659,43.68549000000001,50.99568445854316
29,32.268,29.834604907034695,35.14721781051843,46.83209000000001,50.9247289724035
29,32.707,29.834604907034695,36.00846189571877,48.96936000000003,45.45222411134036
29,33.037,29.834604907034695,36.11354405524443,49.02951999999998,46.13160408167625
29,33.423,29.834604907034695,36.55615007186541,46.22394000000001,54.899333481802636
29,33.807,29.834604907034695,36.0334756425158,47.56809000000001,47.16821794145394
29,34.14,29.834604907034695,36.25228804896854,44.67427999999999,45.758260587509916
29,34.581,29.834604907034695,35.14590790686502,40.906130000000005,45.88954917571266
29,34.368,29.834604907034695,33.643345366951756,45.17660000000001,44.77655012211206
29,33.842,29.834604907034695,33.2723345652753,43.29704000000002,44.53483563538843
29,33.315,29.834604907034695,34.648643581412614,45.700460000000014,45.87349002303224
29,32.788,29.834604907034695,33.136280213280514,44.48168,46.41217835563004
29,32.261,29.834604907034695,33.314140665366075,45.759880000000024,46.94101962853729
29,31.734,29.834604907034695,33.67201884208863,44.09660000000001,49.094446244610346
29,31.21,29.834604907034695,33.320146330873236,45.388279999999995,46.51993873694073
29,30.608,29.834604907034695,34.1715415578281,43.845380000000006,45.361712129377686
29,30.082,29.834604907034695,33.04167722799213,44.186560000000014,48.235534758218506
29,29.554,29.834604907034695,34.02227196305706,44.208749,48.041581525696586
29,28.952,29.834604907034695,32.46290386216588,43.31517000000001,48.63188700178337
29,28.425,29.834604907034695,35.02388202416261,45.44648,48.4490504523733
29,28.022,29.834604907034695,35.23989692176903,46.01720000000001,48.92768495063323
29,28.032,29.834604907034695,33.853056893949784,44.505330000000015,50.50993835758904
29,29.565,29.834604907034695,35.819108276062586,46.997678000000036,49.97179613540498
29,29.894,29.834604907034695,34.77467984805323,48.24141999999997,49.65021133904547
29,30.335,29.834604907034695,34.35362112120555,46.64292000000003,50.60595829873881
29,30.723,29.834604907034695,38.024116989946776,48.46163999999999,50.529972489642944
29,31.107,29.834604907034695,35.91277244404696,47.70094000000003,49.921021564347996
29,31.494,29.834604907034695,35.29176710402031,47.253359999999994,50.480087341446335
29,31.88,29.834604907034695,36.30313334192279,49.303190000000015,51.12631837970265
29,32.268,29.834604907034695,34.90550342637576,45.894490000000005,50.202773213645536
29,32.707,29.834604907034695,36.112680364227174,45.88556,45.92291515889795
29,33.037,29.834604907034695,37.43548412759753,48.346068000000024,44.81175138859993
29,33.423,29.834604907034695,35.82218898425427,45.45879800000001,49.65166312080808
29,33.807,29.834604907034695,36.2977887536411,46.61618000000003,47.49347920308804
29,34.14,29.834604907034695,36.1569592474971,46.66999000000003,47.64445671965437
29,34.581,29.834604907034695,34.92490928319623,45.826320000000024,46.984467592596594
29,34.368,29.834604907034695,32.48517269291445,44.49822999999999,44.53740213215808
29,33.841,29.834604907034695,32.80846626310788,40.94186100000001,44.240317177858934
29,33.315,29.834604907034695,35.21281761776212,44.74872900000002,45.60121223792876
29,32.788,29.834604907034695,34.23055439670332,44.336290000000005,46.86754731485657
29,32.261,29.834604907034695,32.505418576467804,42.140758000000005,46.51584823493096
29,31.734,29.834604907034695,32.64201024707998,44.06727000000003,47.468912165180065
29,31.21,29.834604907034695,33.71524878421221,44.22004999999999,47.19839867931435
29,30.608,29.834604907034695,32.088453753477474,44.810600000000015,47.544401324494274
29,30.082,29.834604907034695,34.28083616019641,45.88191000000002,48.62180534487285
29,29.554,29.834604907034695,33.506016944442194,44.26179799999998,48.238889040052406
29,28.952,29.834604907034695,36.39506537323467,47.37514000000003,49.40195883977666
29,28.425,29.834604907034695,33.97136463227773,45.45729999999999,48.89762864516476
29,28.022,29.834604907034695,35.102989700915245,46.96153,48.596075659442036
29,28.032,29.834604907034695,34.93100495851876,46.57254,49.77549192380821
29,29.565,29.834604907034695,37.490923180429476,48.93145999999999,48.322120292087526
29,29.894,29.834604907034695,34.30218028358028,48.87678999999997,49.113161145625185
29,30.335,29.834604907034695,35.783708447665695,48.47932999999999,50.568580048198264
29,30.723,29.834604907034695,36.43257779798115,48.091660000000026,49.844782232696865
29,31.107,29.834604907034695,34.65306797598609,48.900790000000036,49.6313383136361
29,31.494,29.834604907034695,35.74198160037457,48.461259999999996,50.3218565342559
29,31.88,29.834604907034695,34.9726374861071,47.132210000000015,50.670137843183355
29,32.268,29.834604907034695,34.85407103486982,46.75703000000002,50.789998147422956
29,32.707,29.834604907034695,35.28503195990777,46.53357000000001,46.34725877618465
29,33.038,29.834604907034695,34.78353624398805,45.48054000000002,43.769441562018564
29,33.423,29.834604907034695,37.04957055635759,48.70264,54.12911899008024
29,33.807,29.834604907034695,37.37813584266885,47.7041,47.16093944114393
29,34.14,29.834604907034695,36.3988143776604,46.27352000000002,47.15693523628644
29,34.581,29.834604907034695,36.16056196281744,46.33826000000002,43.87798757589481
29,34.368,29.834604907034695,34.62007980010198,45.592010000000016,43.638096486802176
29,33.841,29.834604907034695,33.732898868967766,44.44111000000001,44.47554997588835
29,33.315,29.834604907034695,36.70201811827252,44.55193000000001,45.833269317688575
29,32.788,29.834604907034695,35.40958304070974,45.30188999999999,46.50256528139795
29,32.261,29.834604907034695,32.78472336001498,42.31307099999998,46.33120261402776
29,31.734,29.834604907034695,33.61562461141227,43.107628,46.50624226249965
29,31.21,29.834604907034695,36.06843153300865,45.72424999999999,46.13553500758186
29,30.608,29.834604907034695,34.03206191946836,43.00872000000001,49.62870184362208
29,30.082,29.834604907034695,35.33682300425573,45.43760000000003,48.51973157073522
29,29.554,29.834604907034695,36.200123022781035,46.71676000000002,48.02630827962258
29,28.952,29.834604907034695,33.602483018350526,44.78545000000002,49.019552824516026
29,28.425,29.834604907034695,36.12500020880381,46.05036799999999,48.29316177150774
29,28.022,29.834604907034695,36.751023616088375,47.4838,49.350112546672825
29,28.032,29.834604907034695,35.07113500078399,46.609669999999994,48.48343400523214
29,29.565,29.834604907034695,37.34864294266674,47.69703,49.014185886543636
29,29.894,29.834604907034695,36.91958368996192,48.55937,49.99678157944933
29,30.335,29.834604907034695,35.78191780475783,48.69852999999999,50.32910438161208
29,30.723,29.834604907034695,36.24559874831043,45.67198900000001,50.452162084427684
29,31.107,29.834604907034695,34.85087607985642,45.618,50.67639699454628
29,31.494,29.834604907034695,34.870527750508394,47.34085000000004,50.5137384018331
29,31.88,29.834604907034695,35.80361287043429,46.660520000000005,50.947631651445015
29,32.268,29.834604907034695,35.73455871868202,48.527460000000026,50.711972764940874
29,32.707,29.834604907034695,38.652726246126775,49.52864,45.4839856530852
29,33.038,29.834604907034695,37.474376900039815,47.09840000000001,44.789878862007704
29,33.423,29.834604907034695,37.25819136619415,47.96461999999999,52.92170589277312
29,33.807,29.834604907034695,36.914359523466736,48.933370000000004,47.83980293577425
29,34.14,29.834604907034695,37.24896260038825,48.62398000000003,48.18173413556246
29,34.581,29.834604907034695,37.53612866036676,46.10766000000002,47.14132178884862
29,34.368,29.834604907034695,33.84137763643867,44.44075999999998,44.682302444830924
29,33.841,29.834604907034695,31.667979584765774,43.00835000000001,44.76617520960123
29,33.315,29.834604907034695,36.08696148710223,44.221141000000024,45.55144890558224
29,32.788,29.834604907034695,33.828020858239185,44.27489999999999,46.49454388169311
29,32.261,29.834604907034695,35.13345272004317,44.735950000000024,46.783371776312286
29,31.734,29.834604907034695,33.842200645634506,41.236319,46.683532157209484
29,31.21,29.834604907034695,33.762892808835275,44.18991,46.669070076149204
29,30.608,29.834604907034695,35.59765916641423,45.155630000000016,47.63859769812729
29,30.082,29.834604907034695,35.19083460517104,45.17152000000001,48.29302511753383
29,29.554,29.834604907034695,35.45281005838717,44.99562,47.97170172790773
29,28.952,29.834604907034695,35.325703498173525,46.06216000000001,49.000057895459165
29,28.425,29.834604907034695,35.533832011906355,45.96232999999997,49.02259918082205
29,28.022,29.834604907034695,34.47946368589016,44.28137800000001,49.450282889948035
29,28.032,29.834604907034695,36.173793877076385,47.57567,48.364530166538145
29,29.565,29.834604907034695,36.04249220263423,47.99620999999999,50.87082728407167
29,29.894,29.834604907034695,35.71205151643905,47.419529999999995,50.447103865440916
29,30.335,29.834604907034695,36.8356733531391,49.14108000000001,51.23766175463955
29,30.723,29.834604907034695,35.7415248839897,46.796950000000024,49.68272017965594
29,31.107,29.834604907034695,36.02791146373549,47.00696000000001,50.02528171649552
29,31.494,29.834604907034695,36.24327176096212,46.98979800000003,51.098246079542676
29,31.88,29.834604907034695,38.400911337024574,51.30413000000002,49.44742389184829
29,32.268,29.834604907034695,36.33215763336055,48.52984000000002,50.39726028457189
29,32.707,29.834604907034695,40.1803400502212,50.37701,45.71460261923488
29,33.038,29.834604907034695,36.92817791600062,46.66953000000002,45.93647917404575
29,33.423,29.834604907034695,37.82476317731024,48.809860000000015,49.57910358014696
29,33.807,29.834604907034695,36.228155828837224,47.54135000000002,47.5480627862854
29,34.14,29.834604907034695,37.465141219728594,47.07249800000003,46.271116002079786
29,34.581,29.834604907034695,37.25074037811893,46.821710000000024,45.27582892040571
30,44.469,28.88311002449595,13.455515312219152,27.797659999999993,27.199377253481885
30,43.94,28.88311002449595,15.948625790737438,29.003558999999978,24.365113863873493
30,43.297,28.88311002449595,18.472655180741498,29.2758,30.502588135594504
30,42.592,28.88311002449595,15.35029162697991,24.663506999999985,27.116339406973072
30,41.896,28.88311002449595,50.20134302702401,27.86810999999999,30.64538731947473
30,40.593,28.88311002449595,16.610408367938234,29.70048699999999,32.249403922191235
30,40.034,28.88311002449595,16.195959734494856,27.236199999999993,27.317915228391783
30,39.292,28.88311002449595,16.30423686724786,31.414750000000005,30.873302217255336
30,38.731,28.88311002449595,17.110612668099765,29.585769999999997,35.369953872313495
30,37.991,28.88311002449595,19.471005016496797,31.494827000000004,32.1794375710175
30,37.437,28.88311002449595,20.038163024675193,32.05494999999998,31.926229336198567
30,36.134,28.88311002449595,20.203353708911873,29.726586999999984,29.442924244353936
30,35.385,28.88311002449595,16.426232225424272,28.62945999999999,29.79492462597216
30,34.806,28.88311002449595,18.71114225607456,30.643809999999995,30.654260236571556
30,34.082,28.88311002449595,17.386873209006076,28.399549999999987,28.64105688950681
30,33.523,28.88311002449595,17.70221714567172,29.464400999999988,28.88290505480165
30,32.781,28.88311002449595,22.223322365219616,30.75000000000002,30.532455101725684
30,31.523,28.88311002449595,17.769401237627484,26.763977999999994,28.72682146467841
30,30.922,28.88311002449595,19.499192324162834,29.15577599999999,26.907802398629386
30,30.221,28.88311002449595,21.323751552166367,29.092760000000002,28.413390001096484
30,44.469,28.88311002449595,13.44656715159724,28.31929999999998,26.808292629077908
30,43.94,28.88311002449595,14.157904803076827,25.383124999999993,24.844281999840224
30,43.297,28.88311002449595,15.01081465377008,30.220899999999997,29.14878736322688
30,42.592,28.88311002449595,11.857427530468911,21.85051499999999,28.29433934721155
30,41.896,28.88311002449595,70.99945033289588,27.661059999999992,30.933131367134646
30,40.593,28.88311002449595,15.108057989905316,29.972610000000003,32.69324684613282
30,40.034,28.88311002449595,15.612141621989121,27.144869999999997,32.05051761148382
30,39.292,28.88311002449595,17.306382020198722,28.702935999999994,32.40130150101674
30,38.73,28.88311002449595,17.392936962372524,25.333219999999994,32.114515418830436
30,37.991,28.88311002449595,16.328371728329763,28.590470000000003,31.211130263067147
30,37.437,28.88311002449595,17.030975403371063,29.311260000000008,31.54603183233137
30,36.134,28.88311002449595,19.131691160877978,27.075563000000002,33.65448976536389
30,35.385,28.88311002449595,16.2463276767703,25.251354000000003,29.615371241905603
30,34.806,28.88311002449595,17.74678236665173,27.333774999999978,32.540989730053035
30,34.082,28.88311002449595,18.549148324201518,29.909620000000004,32.6491248559417
30,33.523,28.88311002449595,15.418568666684566,26.140675000000005,30.62091353176758
30,32.781,28.88311002449595,20.389339955905903,27.874316999999998,33.730026270963165
30,32.222,28.88311002449595,17.499806100887024,24.997678000000004,32.9432630170793
30,31.523,28.88311002449595,14.63143131037653,24.73408999999999,32.059530989148634
30,30.922,28.88311002449595,20.81464831115115,29.759113999999975,28.79600489231617
30,30.221,28.88311002449595,21.022336696004423,27.67314099999999,24.69403436423306
30,29.477,28.88311002449595,20.060183798089966,24.573344999999996,26.67757096147307
30,44.469,28.88311002449595,13.01436837683624,22.237706000000006,26.680813509884196
30,43.94,28.88311002449595,15.749440912675801,28.030066999999995,27.740975307623597
30,43.297,28.88311002449595,15.488634484879658,28.240519999999993,33.55779695528754
30,42.592,28.88311002449595,12.547099320114466,21.530048999999995,28.449214168947915
30,40.593,28.88311002449595,15.659608452465147,25.333966999999987,31.92965875641535
30,40.034,28.88311002449595,13.574931794293892,27.775359999999996,31.068781839132473
30,39.292,28.88311002449595,16.592575304941214,28.120838999999986,32.24151238908813
30,38.73,28.88311002449595,13.567130007068947,25.443958000000002,33.75638412786672
30,37.991,28.88311002449595,13.807179929655765,24.267209999999988,31.151366981544456
30,37.437,28.88311002449595,17.319532149244658,27.84356699999999,31.632550810882545
30,36.134,28.88311002449595,18.7288372399933,24.960200999999998,31.603944741927165
30,35.385,28.88311002449595,17.44391978466196,24.239567999999995,32.426963530869116
30,34.806,28.88311002449595,15.85765505405232,25.414959999999994,28.73185024935784
30,34.082,28.88311002449595,15.573590163077554,28.033761000000005,33.89352633711497
30,33.523,28.88311002449595,14.859908812959368,27.13097700000001,32.974499025211216
30,32.781,28.88311002449595,21.36697105204646,29.170200000000005,29.944731594274963
30,32.222,28.88311002449595,16.482155642138608,23.365014999999993,31.941224825292323
30,31.523,28.88311002449595,16.621599564982933,26.666909999999987,27.79727344506094
30,30.922,28.88311002449595,16.608900475029092,28.050020000000004,32.930153776095935
30,30.221,28.88311002449595,19.533840985980902,26.79805,29.40742602921085
30,29.477,28.88311002449595,17.136419136208822,27.814349999999987,28.17585587139283
30,44.469,28.88311002449595,13.106730830663764,23.059220000000018,24.6900348042396
30,43.94,28.88311002449595,15.882755386812441,23.675863999999997,24.092074005498787
30,43.297,28.88311002449595,14.60436301662671,28.94187999999999,29.22970328623392
30,42.591,28.88311002449595,16.380405525185115,25.22954,29.543283682756538
30,41.895,28.88311002449595,56.6180973937726,27.932868000000017,28.28208872119653
30,40.593,28.88311002449595,15.4771297685547,24.582394999999998,28.5351947469129
30,40.033,28.88311002449595,18.571081373371516,31.4203,30.70739033484994
30,39.292,28.88311002449595,18.33650661102964,23.86614,29.17555540949011
30,38.73,28.88311002449595,17.54392839283652,29.617810000000006,30.415841061391827
30,37.99,28.88311002449595,16.86755704586471,29.515929999999994,30.73311745713333
30,37.437,28.88311002449595,17.47454799156393,29.806230000000006,31.87286997466579
30,36.134,28.88311002449595,17.636184022457286,28.376409999999996,32.86633852848139
30,35.385,28.88311002449595,20.42760679130723,28.138926000000016,30.566951641256793
30,34.806,28.88311002449595,17.57179025449377,29.437649999999977,29.857391199932227
30,34.082,28.88311002449595,16.57468979205573,30.02791000000001,36.998270006826594
30,33.523,28.88311002449595,19.45690157794723,30.393929999999997,35.52434981281171
30,32.78,28.88311002449595,15.87062124625644,26.357590000000002,33.87042323449136
30,32.222,28.88311002449595,18.590438827036444,27.232029999999988,26.53233235782073
30,31.523,28.88311002449595,19.060470650265437,26.324936999999988,31.342681367336304
30,30.922,28.88311002449595,20.694837462545287,28.732400000000002,28.167868647132558
30,30.221,28.88311002449595,19.072338393481335,24.53687600000001,25.50528511784873
30,29.476,28.88311002449595,19.604530332248842,29.627016999999974,27.30173509242215
30,44.469,28.88311002449595,17.18151153407318,26.632299999999997,28.2662701052452
30,43.94,28.88311002449595,13.580069090717174,23.64333499999999,26.616202169078722
30,43.297,28.88311002449595,16.257892342100018,26.90389900000001,32.325928561527675
30,42.591,28.88311002449595,15.548718196661046,22.79107,26.094890281740717
30,40.593,28.88311002449595,16.50187022612002,28.89806,33.07324621183534
30,40.033,28.88311002449595,18.116984327084968,24.179818999999988,31.848426335911668
30,39.292,28.88311002449595,15.471732320646382,25.3746,32.62107415279406
30,38.73,28.88311002449595,15.112550493479272,26.198074,32.49502791506987
30,37.99,28.88311002449595,19.768129931884246,25.386809,31.64262314514588
30,37.436,28.88311002449595,17.97611470121404,29.469050000000006,31.534580662337437
30,36.134,28.88311002449595,16.20580081262935,26.464576,34.06493858612325
30,35.385,28.88311002449595,18.724506249726428,26.49497,31.41913237825988
30,34.806,28.88311002449595,17.72809040813816,26.55093999999999,28.93581360691403
30,34.082,28.88311002449595,16.873967321726475,25.641270000000013,32.06898931921275
30,33.523,28.88311002449595,18.481410155872254,23.512638000000003,30.446118745867388
30,32.78,28.88311002449595,16.766362785082222,25.39637800000001,32.1421783205664
30,32.222,28.88311002449595,20.61312288532818,25.871664999999997,34.19767897719855
30,31.523,28.88311002449595,16.872921426966165,25.079159999999998,29.58229505456405
30,30.221,28.88311002449595,18.95584284937204,24.09235,28.576176261677254
30,29.476,28.88311002449595,17.9690456829754,27.58938699999999,28.691487681566517
30,44.469,28.88311002449595,14.277178908661973,23.099370000000008,26.24421815934243
30,43.94,28.88311002449595,16.32528506540391,22.33669899999999,23.342409080545384
30,43.297,28.88311002449595,14.181774544192253,24.873999999999995,27.997128612722534
30,42.591,28.88311002449595,13.306344731413462,21.307444999999987,29.106219141095362
30,40.593,28.88311002449595,13.022694368319124,25.975856,29.117428713643754
30,40.033,28.88311002449595,16.619587262727805,23.691869999999994,27.078561342665193
30,39.292,28.88311002449595,16.298686944749058,24.764509999999987,31.981816364710074
30,38.73,28.88311002449595,14.910228868599978,26.70733,32.06069043921277
30,37.99,28.88311002449595,16.865277476948073,24.909453999999993,31.722895258839102
30,37.436,28.88311002449595,18.231054275748974,27.47277099999998,32.871152592110874
30,36.134,28.88311002449595,14.088263122674508,25.549600999999992,35.10820989667136
30,35.385,28.88311002449595,17.745973304780932,24.868589999999998,30.06186212593653
30,34.806,28.88311002449595,18.57961456481926,26.043035,32.99823125750569
30,34.082,28.88311002449595,15.950605149688707,24.779768000000004,31.41831200405936
30,33.523,28.88311002449595,19.136605634988754,23.687409999999986,32.3007565852824
30,32.78,28.88311002449595,15.677072205192676,23.796942999999995,33.00607134913242
30,32.222,28.88311002449595,17.958936951645605,25.21010800000001,30.872034758553447
30,31.523,28.88311002449595,13.139700974778581,24.57479499999999,33.1812132916676
30,30.922,28.88311002449595,14.186844858947147,24.965606000000008,28.130820659659506
30,30.221,28.88311002449595,17.899143433531062,25.655228,28.83995417591618
30,29.476,28.88311002449595,17.140569296352552,23.90212199999999,25.62526943780692
31,29.818,29.27322708254806,43.714004960882036,39.11013999999998,48.23315354948851
31,30.247,29.27322708254806,36.213918641338125,39.19006999999999,49.53914333830579
31,30.676,29.27322708254806,34.74517711905521,39.84317000000001,48.883901887169344
31,31.103,29.27322708254806,35.46426555659442,39.306650000000005,49.703968408849626
31,31.532,29.27322708254806,32.68932033665751,40.488449999999986,49.25121919932326
31,31.963,29.27322708254806,32.052456810261646,42.20048999999998,49.48163355775752
31,32.388,29.27322708254806,33.65013520895338,39.119050000000016,47.124145385315806
31,33.674,29.27322708254806,35.316242588017296,39.15144000000002,49.22280098264822
31,34.413,29.27322708254806,36.01895861049638,40.288530000000016,49.38427747762978
31,34.961,29.27322708254806,34.545422106825924,41.692839999999975,48.94770919502806
31,32.541,29.27322708254806,31.51778747905063,39.58783999999999,50.31739600162271
31,31.695,29.27322708254806,35.70197948712346,39.45195999999999,48.060097248842105
31,30.848,29.27322708254806,33.37491510600064,39.60850000000001,47.69174209146866
31,30.001,29.27322708254806,33.87181378765845,40.02375000000001,51.181041773852634
31,29.156,29.27322708254806,34.41060493469011,40.562479999999994,50.56939472936521
31,26.618,29.27322708254806,37.10621297645002,40.07808000000001,49.39342638788479
31,25.77,29.27322708254806,32.604278397175314,39.851800000000004,52.16074766324792
31,24.926,29.27322708254806,33.55970970730117,41.231449999999995,50.07314550544662
31,24.084,29.27322708254806,33.203728337124346,41.316140000000004,51.35457663803219
31,23.237,29.27322708254806,40.02504137346374,39.79123000000002,46.27294328767672
31,22.392,29.27322708254806,36.47084641053056,40.55367000000002,49.83154533470574
31,29.818,29.27322708254806,36.82460249101761,38.36413999999999,49.00276604484704
31,30.247,29.27322708254806,41.37918846448554,39.68451999999999,48.958308168421425
31,30.676,29.27322708254806,34.2693397654456,38.771920000000016,49.05489772940693
31,31.103,29.27322708254806,40.08278656927766,39.52078,49.23305340277269
31,31.532,29.27322708254806,30.65011911450742,39.65649000000002,47.890368461738724
31,31.963,29.27322708254806,35.48159830844802,39.87492000000001,47.67160440872854
31,32.388,29.27322708254806,32.111088718510324,38.535510000000016,45.7426947460369
31,33.674,29.27322708254806,27.461604115035357,38.47377000000001,45.32479804356337
31,34.413,29.27322708254806,41.1555209606656,40.40739000000002,48.312184820750126
31,34.961,29.27322708254806,34.39880715897594,41.621749999999984,49.05250469997056
31,32.541,29.27322708254806,32.48765222163507,41.24863999999999,50.83437770543156
31,31.695,29.27322708254806,32.085550439131936,38.76018,47.45054871005522
31,30.848,29.27322708254806,31.94987677512051,39.85321000000001,48.786043830851995
31,30.001,29.27322708254806,33.214284983445424,40.52577000000001,50.22947951341282
31,29.156,29.27322708254806,36.33089737289692,39.68608000000002,49.291275769338505
31,28.307,29.27322708254806,33.60285473177183,41.86068,51.29863669872877
31,26.618,29.27322708254806,37.949018460202055,40.45303000000002,49.38867870295597
31,25.77,29.27322708254806,34.08500703784845,41.503389999999996,51.30058291559039
31,24.925,29.27322708254806,36.47972866628374,41.76451999999999,49.939088609299255
31,24.084,29.27322708254806,35.09476923499576,41.091770000000004,51.42390697552186
31,23.237,29.27322708254806,38.16731774141381,39.764150000000015,48.26550908457495
31,22.392,29.27322708254806,35.33281525944023,39.783940000000015,50.77489842836032
31,29.818,29.27322708254806,32.74922374110922,41.015779999999985,49.356530722630396
31,30.247,29.27322708254806,36.47650958462654,39.09971000000001,46.887652949404234
31,30.676,29.27322708254806,34.32907976779223,38.924590000000016,48.16843470621986
31,31.103,29.27322708254806,33.95882816204154,40.47734,51.42174937872347
31,31.532,29.27322708254806,34.41020403398536,40.34356,49.86546811602345
31,31.963,29.27322708254806,33.60444588745766,39.97033999999999,49.53516587470071
31,32.388,29.27322708254806,33.326055807338385,40.65689,48.949285658016166
31,33.674,29.27322708254806,32.53044193858452,38.21852000000001,48.17398651752928
31,34.413,29.27322708254806,38.138749026248284,38.85303000000002,48.204849391546816
31,34.961,29.27322708254806,33.909963349176266,40.45699999999998,43.83915472908527
31,32.541,29.27322708254806,33.510851307044675,41.109959999999994,50.62646358775815
31,31.695,29.27322708254806,33.3960768622459,40.876709999999996,50.82952724506241
31,30.848,29.27322708254806,32.609511872404774,38.95603,48.42035600318087
31,30.001,29.27322708254806,31.71671744940288,39.89622000000001,48.75154757134737
31,29.156,29.27322708254806,33.852755218598304,39.49840000000001,51.06629465780679
31,28.307,29.27322708254806,35.459331640939226,40.58605000000001,51.0693646489052
31,26.618,29.27322708254806,36.72257765629966,40.384690000000006,46.89169208226059
31,25.77,29.27322708254806,33.318867307871514,40.87503000000001,51.23750460758332
31,24.925,29.27322708254806,33.78723423686759,42.359619999999985,49.6624735159216
31,24.084,29.27322708254806,34.824824603947036,41.951170000000005,52.14264403531344
31,23.237,29.27322708254806,45.442606252024206,39.836020000000005,46.05064885193861
31,22.392,29.27322708254806,33.28749539256127,41.50602000000001,51.511687786991956
31,29.818,29.27322708254806,32.88484570195376,38.978379999999994,49.98048112806888
31,30.247,29.27322708254806,35.43921213105813,40.632720000000006,44.898791488929064
31,30.676,29.27322708254806,31.83208766890372,40.102149999999995,51.1856841636226
31,31.532,29.27322708254806,32.936441140550194,40.44464999999999,49.58494367296404
31,31.963,29.27322708254806,32.563335014295824,42.10481999999998,48.897280911957616
31,32.388,29.27322708254806,33.0038247126202,41.21734000000001,48.17504209320058
31,33.674,29.27322708254806,34.76916637539857,39.053220000000024,47.60881230993244
31,34.413,29.27322708254806,33.44123011331938,39.486510000000024,48.97948474066199
31,34.961,29.27322708254806,34.130976383350784,42.29527999999998,49.8561371228378
31,32.541,29.27322708254806,31.807853283754383,40.689310000000006,49.74129569509284
31,31.695,29.27322708254806,33.4722258603534,41.489749999999994,49.6011661905061
31,30.848,29.27322708254806,31.58321933972548,40.32912,48.58699006670795
31,30.001,29.27322708254806,34.42652494806561,40.90357,48.59979668674804
31,29.156,29.27322708254806,35.118542097543205,40.12447000000002,44.70680928105686
31,28.307,29.27322708254806,33.31827521494666,39.51291000000001,48.78792685033865
31,26.618,29.27322708254806,34.85417825416268,41.08202,50.66192644933727
31,25.77,29.27322708254806,32.066399910933804,41.68755999999999,51.6828069327795
31,24.925,29.27322708254806,32.219389159401814,38.740810000000025,48.66023573027671
31,24.084,29.27322708254806,33.13771504284252,39.80123000000001,52.352843802421575
31,23.237,29.27322708254806,38.13359951714932,40.083340000000014,46.113236114303845
31,22.392,29.27322708254806,35.02812500167548,41.01570999999999,52.0625209008525
31,29.818,29.27322708254806,35.842702793560186,38.73139000000001,45.09129854691201
31,30.247,29.27322708254806,34.20036482744746,40.857380000000006,46.09658101726264
31,30.676,29.27322708254806,33.34299932156256,40.14757,49.78455025006406
31,31.104,29.27322708254806,33.98395732543657,40.79900000000001,50.41136449047809
31,31.532,29.27322708254806,32.45146693938282,41.65524999999998,49.12934669033007
31,31.963,29.27322708254806,34.22233394104968,39.11946,45.09272841813634
31,32.389,29.27322708254806,34.04546709114133,41.5514,43.22133415913614
31,33.674,29.27322708254806,32.54857824861399,40.80765000000003,45.61355526262394
31,34.413,29.27322708254806,34.49293355930372,40.705950000000016,45.68161201705365
31,34.961,29.27322708254806,34.86287655471891,39.89787,44.57451932402316
31,32.541,29.27322708254806,33.5694071060928,39.27876999999999,49.967930153429464
31,31.695,29.27322708254806,34.64478467030065,41.24705,49.77467917213058
31,30.848,29.27322708254806,31.374845393517187,40.68728000000001,49.09784810700398
31,30.001,29.27322708254806,32.672793159208354,39.556369999999994,51.00350022958774
31,29.156,29.27322708254806,33.01094916923239,42.64438000000001,46.94833952433577
31,28.307,29.27322708254806,32.897309171430244,41.76669,51.14293229403301
31,26.618,29.27322708254806,36.82983701211136,40.58543000000002,47.05976655633138
31,25.77,29.27322708254806,34.80494947690546,40.85640000000003,45.59980339858367
31,24.925,29.27322708254806,34.02406199745252,42.11974000000001,44.16486727725593
31,24.084,29.27322708254806,33.4223949607496,40.54600000000001,52.189105447432155
31,23.237,29.27322708254806,39.9235107991413,40.78006000000002,45.32710771937616
31,22.392,29.27322708254806,35.016024518595614,40.82186000000002,52.10585410943387
31,29.818,29.27322708254806,36.590440662609936,38.52222,47.343360399335666
31,30.247,29.27322708254806,33.24871531780584,40.075590000000005,44.335938786095774
31,30.676,29.27322708254806,35.65681541752177,40.27052,50.523197542923256
31,31.104,29.27322708254806,34.11873510205102,40.82363000000002,46.778715350347774
31,31.532,29.27322708254806,31.210608508145455,39.08709999999999,47.294671990112434
31,31.963,29.27322708254806,35.341958867588716,39.71135999999999,45.419612272475334
31,32.389,29.27322708254806,33.87831085886081,41.02209,44.938368885650284
31,33.674,29.27322708254806,33.13575563876541,40.82466,44.56835820543753
31,34.413,29.27322708254806,32.68984757738424,41.84214,44.88812042594858
31,34.961,29.27322708254806,35.5849316326052,40.829429999999995,42.72542822390176
31,32.541,29.27322708254806,32.01748185262647,40.67663,50.429901458572715
31,31.695,29.27322708254806,33.8178123853708,41.74674,49.77467917213058
31,30.848,29.27322708254806,32.447329783123934,40.37462000000001,47.31923738929849
31,30.001,29.27322708254806,35.261475829052905,41.90727,46.804658780258926
31,29.156,29.27322708254806,32.9096807122299,42.82375999999999,51.31538898233345
31,28.307,29.27322708254806,35.34123736649845,41.210300000000004,50.462304714061055
31,26.618,29.27322708254806,37.537532334922986,40.29133000000001,47.654032784436666
31,25.77,29.27322708254806,35.47097961742043,40.83748000000002,48.02057143849602
31,24.925,29.27322708254806,33.2997082459152,41.577970000000015,46.03320322898515
31,24.084,29.27322708254806,32.38780985578191,38.710920000000016,46.466358594361274
31,23.237,29.27322708254806,40.604215480812144,40.123940000000005,44.97005014472986
31,22.392,29.27322708254806,34.362367672175175,41.272100000000016,47.36356966107057
32,18.487,29.834604907034695,17.69406351524679,35.122399999999985,44.727141501292145
32,17.699,29.834604907034695,15.313133758535415,34.009405,41.28729198714109
32,16.78,29.834604907034695,18.056881897744255,33.695904000000006,43.34367838715338
32,15.859,29.834604907034695,20.17434209480548,32.55906,39.24082022232602
32,14.936,29.834604907034695,19.899135234624488,32.631330000000005,37.603472770950525
32,14.012,29.834604907034695,19.0924866447164,31.522069000000002,43.48634989620811
32,13.088,29.834604907034695,17.435592796483213,33.63328000000001,42.48306518416248
32,12.169,29.834604907034695,20.58313262779889,34.55261000000001,44.34778842752991
32,8.0356,29.834604907034695,17.22771751487827,34.815809999999985,36.46582270195914
32,8.8214,29.834604907034695,19.04866010083267,35.43734000000002,37.87288099191794
32,9.3459,29.834604907034695,23.024676944366828,32.808780000000006,39.009886439842596
32,9.8927,29.834604907034695,17.055121268534496,35.32403500000001,37.023729498741226
32,10.423,29.834604907034695,18.931178879738486,35.258090000000024,36.36479989988043
32,11.495,29.834604907034695,18.401987022656066,32.60044000000002,33.91062826373731
32,12.06,29.834604907034695,19.335400128798383,33.077630000000006,34.258642542440654
32,13.658,29.834604907034695,21.086381969516445,36.68405000000003,32.878465710764836
32,14.734,29.834604907034695,20.43786076623228,34.56285000000002,32.11362654881643
32,18.487,29.834604907034695,15.6397677287353,31.624479999999995,41.53987092512741
32,17.699,29.834604907034695,16.166656922395013,35.773409999999984,41.766352849562104
32,16.78,29.834604907034695,18.74674545788886,33.26328,39.34702181249414
32,15.859,29.834604907034695,18.305322308354786,31.546478999999994,43.34068102428576
32,14.936,29.834604907034695,18.526925374075887,32.196169000000005,43.44168457964609
32,14.011,29.834604907034695,19.794932093128537,33.50713000000002,42.10256577720079
32,13.088,29.834604907034695,16.46907435519667,32.35461,43.7320439187788
32,12.169,29.834604907034695,17.6784614590881,32.92351,41.785555869825686
32,8.0356,29.834604907034695,17.1494274268615,33.24132200000004,37.474848013429806
32,8.8214,29.834604907034695,18.558261203904237,33.30804000000001,38.85373507995211
32,9.3459,29.834604907034695,19.787584450332986,34.357010000000024,38.185037830844834
32,9.8928,29.834604907034695,19.01662924489626,35.564280000000025,37.69711148389633
32,10.423,29.834604907034695,18.490127580785725,34.26104000000003,36.8495373186782
32,11.495,29.834604907034695,17.878012697272858,33.719190000000005,35.55181464545963
32,12.06,29.834604907034695,20.911664024844715,33.79059800000001,35.62636668164334
32,13.658,29.834604907034695,18.585831412364115,33.989350000000016,32.749475588146694
32,14.734,29.834604907034695,22.354685396864134,34.714400000000026,33.54581190203174
32,18.486,29.834604907034695,16.823341974057946,31.34300899999999,42.0712054443744
32,17.699,29.834604907034695,14.757673878311452,33.96561000000001,42.386345715492325
32,16.78,29.834604907034695,18.543416677076145,32.368538999999984,44.384479125319764
32,15.859,29.834604907034695,19.491035379120277,32.248749999999994,42.57127052663886
32,14.936,29.834604907034695,18.094261198215133,33.674510000000005,43.543612093173586
32,14.011,29.834604907034695,19.83688150652866,32.699780000000004,39.76331125235754
32,13.088,29.834604907034695,19.652465724038244,33.6249,43.55121718607606
32,12.168,29.834604907034695,18.5529729454638,33.11786000000001,41.82051765081257
32,8.0357,29.834604907034695,19.67602983603131,33.428640000000016,39.88335862519926
32,8.8214,29.834604907034695,20.06149717958631,33.47167000000001,39.56179925439678
32,9.3459,29.834604907034695,19.739354347661784,36.747260000000004,39.47997067972479
32,9.8928,29.834604907034695,17.970129827431478,34.70677000000001,37.03946374502498
32,10.423,29.834604907034695,19.174623571653154,36.86093000000004,37.196810269694566
32,11.496,29.834604907034695,18.494753822887645,33.00011000000002,34.70698163213378
32,12.06,29.834604907034695,18.522077041880166,32.97775000000001,34.77321143845468
32,13.658,29.834604907034695,19.37924297811295,32.63590000000001,32.514007192673276
32,14.734,29.834604907034695,21.202027079078235,34.980160000000026,32.19009666205292
32,18.486,29.834604907034695,17.619776920142655,31.987772000000003,42.97661305181771
32,17.699,29.834604907034695,15.660704651744712,35.77414000000002,43.28907593844092
32,16.78,29.834604907034695,18.58119554435897,31.491070000000004,43.55394206983876
32,15.858,29.834604907034695,20.469202520382318,33.04376,43.83320265088685
32,14.936,29.834604907034695,19.067270262119607,33.02888,43.164765007365126
32,14.011,29.834604907034695,21.635272899128513,32.711949999999995,44.103290430976564
32,13.087,29.834604907034695,19.509694501334803,34.66349000000001,44.56485670099343
32,12.168,29.834604907034695,22.019148313974334,33.21594999999999,44.204932697689706
32,8.0358,29.834604907034695,16.983348253328067,33.39302200000002,38.27012548375098
32,8.8215,29.834604907034695,18.954357935614766,34.291650000000025,37.78286124472303
32,9.346,29.834604907034695,21.981191483893298,35.51918000000001,40.48504712312699
32,9.8929,29.834604907034695,18.117202568566462,33.64911300000002,37.34367475546601
32,10.423,29.834604907034695,19.429495914620873,33.88988000000002,35.512740784699595
32,11.496,29.834604907034695,20.652176266639636,36.159890000000026,37.05291565015164
32,12.06,29.834604907034695,19.43111664467762,33.89283000000001,34.675487127193044
32,13.658,29.834604907034695,21.294097815828835,33.32188000000001,33.053375481120696
32,14.734,29.834604907034695,21.44748534067676,35.10277000000002,32.552677960771504
32,18.486,29.834604907034695,15.395549793606948,31.131401999999998,44.47768884759182
32,17.699,29.834604907034695,17.457516667682057,32.89939400000001,46.25426831619616
32,16.78,29.834604907034695,20.114288524917193,32.46648000000001,46.03849252376741
32,15.858,29.834604907034695,17.748795940143957,32.459846,45.638512255037256
32,14.936,29.834604907034695,17.718602411659575,32.577554,45.068714022170425
32,14.011,29.834604907034695,20.320202350731847,34.50708999999999,45.60967833514839
32,13.087,29.834604907034695,20.742082707114285,34.39652499999999,45.43451599375478
32,12.168,29.834604907034695,23.479580896473614,35.26747000000001,44.23036115807536
32,8.0358,29.834604907034695,18.351440205408778,36.35652700000002,42.85510885641554
32,8.8215,29.834604907034695,19.672204354999543,36.50317000000002,40.61532024289393
32,9.3461,29.834604907034695,24.067856669827187,35.269500000000036,39.35712884156078
32,9.8929,29.834604907034695,23.294328161548712,35.96664000000001,38.82970235581455
32,10.423,29.834604907034695,22.40474987699468,36.60008000000002,39.72928646290938
32,11.496,29.834604907034695,21.942436683822137,37.688260000000014,37.638939154801186
32,12.06,29.834604907034695,21.544795520233457,36.809940000000026,36.71541857520841
32,13.658,29.834604907034695,23.198582070234707,38.710584000000026,36.64899190784231
32,14.734,29.834604907034695,21.762997592886684,41.128984000000045,41.63071644115531
32,18.486,29.834604907034695,17.936265832015774,32.605325,44.75344801705707
32,17.699,29.834604907034695,17.291352279533083,34.39744000000002,46.09548143418394
32,16.779,29.834604907034695,18.075999441339164,34.107590000000016,44.70830381061415
32,15.858,29.834604907034695,21.746724430620922,32.68050600000001,45.17345779277339
32,14.936,29.834604907034695,19.484724398301566,31.249798000000006,46.39890273532369
32,14.011,29.834604907034695,19.821722653475998,34.28119500000002,47.43812458532318
32,13.087,29.834604907034695,22.278893942688345,34.19379999999999,44.272359183692814
32,12.168,29.834604907034695,23.81248401521515,34.591723,39.18540693126882
32,8.0358,29.834604907034695,20.265273340137497,36.60307000000001,40.26897012571164
32,8.8216,29.834604907034695,21.91379482558427,37.534490000000034,41.11199808158571
32,9.3461,29.834604907034695,23.31674006274131,35.772560000000006,39.860142883009836
32,9.893,29.834604907034695,21.911980526285564,36.07120600000003,39.92470845380693
32,10.424,29.834604907034695,22.49454502000771,35.854730000000025,38.448413285373505
32,11.496,29.834604907034695,22.33041922476243,36.54666000000003,37.32994339861168
32,13.658,29.834604907034695,25.081702716672876,37.16815,34.939862428857786
32,14.734,29.834604907034695,21.334393605313565,36.39949600000002,35.63692478129126
33,27.408,27.64182216990017,30.16906323979592,28.62037,33.392976502756404
33,27.715,27.64182216990017,29.710239090313088,28.793880999999992,33.44979809910822
33,28.016,27.64182216990017,29.66166878136687,27.229067000000008,32.53900242071734
33,28.322,27.64182216990017,32.18773160046844,28.925802000000004,32.2489388529409
33,28.627,27.64182216990017,31.380607119513513,29.179502000000003,30.765363406771193
33,28.929,27.64182216990017,32.91874136169343,30.44343099999999,32.66228695156649
33,29.235,27.64182216990017,29.9777020233074,30.604651,31.48234078802872
33,29.54,27.64182216990017,33.07171935961754,32.591031999999984,34.79195623808349
33,29.843,27.64182216990017,29.76229764132499,31.75704299999997,31.497542659300787
33,30.148,27.64182216990017,31.48033285003416,30.282332,34.21152516005449
33,30.454,27.64182216990017,33.18246767359129,32.74977099999998,35.02309531443895
33,31.364,27.64182216990017,35.91726918720228,31.824079999999977,34.3608105360774
33,31.67,27.64182216990017,34.716874009932894,33.15582299999999,36.40774144477513
33,31.974,27.64182216990017,34.11720682882619,31.921178999999988,34.41971826003812
33,32.0,27.64182216990017,32.695125934541885,32.053293,32.82374792023787
33,32.0,27.64182216990017,34.35268900877015,32.592739999999985,34.397816881090584
33,32.0,27.64182216990017,32.68700965397744,31.836243,35.34032477202378
33,32.0,27.64182216990017,31.557916544008805,31.773371999999977,34.426016507490935
33,32.0,27.64182216990017,35.1508362976011,30.726770999999985,32.42026073614064
33,32.0,27.64182216990017,37.722878247463655,29.146309999999986,34.61858062686445
33,32.0,27.64182216990017,34.99002724332468,31.813941,37.372862587758696
33,32.0,27.64182216990017,39.27478057764042,30.297719999999998,36.563696043599066
33,32.0,27.64182216990017,34.998075115786904,28.451939999999976,34.266536654638706
33,27.408,27.64182216990017,31.972323001724536,27.166779,31.816614282116305
33,27.715,27.64182216990017,29.36540637446327,27.89133699999999,32.62410053924363
33,28.016,27.64182216990017,30.330631888100225,29.248419000000002,31.365997018739748
33,28.322,27.64182216990017,32.5436651783065,28.88061200000001,33.91696161134105
33,28.627,27.64182216990017,30.073282743698986,28.686247999999996,29.24624525285925
33,28.929,27.64182216990017,32.229528108168196,29.722782999999996,34.15136467688421
33,29.235,27.64182216990017,30.24351717730053,31.137028999999988,30.90129731943566
33,29.54,27.64182216990017,35.2073139321389,31.512538999999997,34.4887463589585
33,29.843,27.64182216990017,28.093829337256484,30.84828599999998,31.04241241340849
33,30.148,27.64182216990017,30.65974129062732,32.843739999999976,35.8225333462228
33,30.454,27.64182216990017,29.796352519625472,32.07872699999998,33.60740239500459
33,31.67,27.64182216990017,30.91198027640042,33.034162999999985,35.49299055745122
33,31.974,27.64182216990017,32.02319569055783,33.120961999999984,36.124983756998525
33,32.0,27.64182216990017,32.721939892282734,31.250748999999992,35.276136839619355
33,32.0,27.64182216990017,36.38495575918934,32.27369999999999,34.222261189476335
33,32.0,27.64182216990017,33.34363910486426,31.941643000000003,37.02574256019416
33,32.0,27.64182216990017,35.737280587454904,31.93934999999998,34.4867664860675
33,32.0,27.64182216990017,35.16443908561983,30.86570799999999,38.05904093917173
33,32.0,27.64182216990017,31.422089199221496,30.037719999999986,37.21654200459761
33,32.0,27.64182216990017,32.70432306932755,31.658079,36.57272704712236
33,32.0,27.64182216990017,35.58591606948259,29.937303,40.68567921082601
33,32.0,27.64182216990017,37.280601838080024,29.09730999999998,33.4129290451065
33,27.408,27.64182216990017,33.28919224650927,28.229861000000007,32.91416987073957
33,27.715,27.64182216990017,31.029387630082283,27.40235799999999,30.555642623322747
33,28.016,27.64182216990017,28.644566448256523,29.35338999999999,30.813350238393138
33,28.322,27.64182216990017,35.37024572459983,29.19145300000001,34.284551104775936
33,28.627,27.64182216990017,32.08845692508929,29.81120900000001,30.907757484704483
33,28.929,27.64182216990017,33.542081048211266,30.252902999999982,33.682215894083704
33,29.235,27.64182216990017,29.318466410164298,30.615820000000003,34.77908400823164
33,29.54,27.64182216990017,33.5170248825694,31.883969999999973,31.41471720888167
33,29.843,27.64182216990017,28.13307396311326,32.09967099999999,33.43180624687
33,30.148,27.64182216990017,33.35865753260228,32.35537999999998,35.97370673001089
33,30.454,27.64182216990017,32.502880376583924,32.39179899999999,37.6865133187654
33,31.364,27.64182216990017,37.74573238831317,33.45736999999998,37.1160294167588
33,31.67,27.64182216990017,35.18491059682408,33.984492999999986,37.709932935507396
33,31.974,27.64182216990017,35.26428731206186,32.73999999999999,36.459709939205425
33,32.0,27.64182216990017,34.054911160930004,31.467209999999987,32.82643645803418
33,32.0,27.64182216990017,32.07879602472549,31.32127999999998,36.73418118813831
33,32.0,27.64182216990017,35.309042187368114,32.96901,35.93984092167891
33,32.0,27.64182216990017,35.73718859844229,31.582302999999996,35.61915106148823
33,32.0,27.64182216990017,36.21750009291469,30.92612999999998,35.973575094342294
33,32.0,27.64182216990017,36.3274927251442,29.941879999999998,36.98269265454601
33,32.0,27.64182216990017,35.84378203472117,29.98159999999999,34.969666395248694
33,32.0,27.64182216990017,35.67991473282403,30.04323999999999,38.49673051908065
33,32.0,27.64182216990017,37.380953479804006,28.75694999999999,33.19278179917386
33,27.408,27.64182216990017,30.603464436663536,28.557107000000002,31.402108384110015
33,27.715,27.64182216990017,31.2456094865067,27.384745999999993,28.617349137850464
33,28.016,27.64182216990017,27.530162241176917,26.920092000000007,34.1443196247116
33,28.322,27.64182216990017,30.768738275029502,28.71480199999999,29.56536577873607
33,28.627,27.64182216990017,29.58002424651401,27.983980000000006,31.195636187760854
33,28.929,27.64182216990017,34.364432873265585,30.177613,33.98823239541133
33,29.235,27.64182216990017,35.59507923336251,30.755768999999997,35.554953511473656
33,29.54,27.64182216990017,34.26612610895182,31.084218999999983,34.25368442617333
33,29.843,27.64182216990017,32.58167592077755,32.66627399999998,35.03749464791894
33,30.148,27.64182216990017,34.08147097814874,31.784838999999984,33.93252118545998
33,30.454,27.64182216990017,33.38111848185696,31.86614299999998,36.03897893877879
33,31.364,27.64182216990017,35.09908487395665,30.79315999999999,34.14106848993399
33,31.67,27.64182216990017,35.70603279978388,33.198132999999984,36.047054419273614
33,31.974,27.64182216990017,34.89769075487065,32.43292999999998,35.24632995048679
33,32.0,27.64182216990017,29.527336408921087,32.08469599999999,36.23150754137107
33,32.0,27.64182216990017,35.019021059935355,31.552399999999984,35.02420896577905
33,32.0,27.64182216990017,36.29944410876267,31.93025999999998,35.25519028587005
33,32.0,27.64182216990017,36.54643890619526,31.38622999999999,37.33994226957483
33,32.0,27.64182216990017,37.52749172234023,30.353039999999993,40.04736947509378
33,32.0,27.64182216990017,36.10656550835204,30.898499999999984,36.25175666812672
33,32.0,27.64182216990017,34.67372189292121,28.758099999999978,33.912976234306015
33,32.0,27.64182216990017,38.19433554787646,29.76271999999999,36.505624587492974
33,27.408,27.64182216990017,30.081202587092807,26.994621000000006,31.719526752813742
33,27.715,27.64182216990017,31.31667414617814,27.226268000000005,31.48290679071437
33,28.016,27.64182216990017,29.5177978787843,28.377985,30.255413160600764
33,28.322,27.64182216990017,35.31435796575575,28.900860999999995,33.34868038947399
33,28.627,27.64182216990017,30.9089357686448,28.343664999999998,32.54912618841088
33,28.929,27.64182216990017,34.213815187982874,30.119921000000005,35.289378047686924
33,29.235,27.64182216990017,32.8360098907213,29.907115999999988,36.52596314703174
33,29.54,27.64182216990017,33.57607382146451,30.330813999999986,34.18113127496678
33,29.843,27.64182216990017,29.406316740903584,31.150859999999987,32.65221715665578
33,30.148,27.64182216990017,31.38305502320969,31.143192999999986,33.91878379124766
33,30.454,27.64182216990017,33.581545634583954,32.18086299999998,34.634963649379785
33,31.364,27.64182216990017,37.15007495949446,32.945349999999976,34.525111351815184
33,31.67,27.64182216990017,34.96565793030445,32.52505899999996,33.05491745152467
33,31.975,27.64182216990017,34.827316365155276,33.51438299999998,34.14137738752695
33,32.0,27.64182216990017,33.08157035702562,31.59286799999999,38.82125585166087
33,32.0,27.64182216990017,37.36964384512944,31.418961,33.1707917120142
33,32.0,27.64182216990017,36.069479227780626,31.170589999999983,34.94489160291171
33,32.0,27.64182216990017,34.48201777534861,31.16155999999998,37.330178522223605
33,32.0,27.64182216990017,35.023447618766625,30.951102999999993,37.17566366902584
33,32.0,27.64182216990017,32.88969781626053,28.738784000000006,33.195495817223666
33,32.0,27.64182216990017,36.82906441481072,30.16457999999999,38.57697409701877
33,32.0,27.64182216990017,36.87626652106083,29.191362999999996,38.2576968038208
33,27.408,27.64182216990017,33.75418618160192,28.446408000000005,34.09586163331673
33,27.715,27.64182216990017,28.85145647166014,27.429223999999994,30.633924566087686
33,28.016,27.64182216990017,26.51883440025531,27.573544,31.004788144969474
33,28.322,27.64182216990017,33.69151887397744,28.143213000000006,32.24060430916408
33,28.627,27.64182216990017,33.034438680115784,28.91551199999999,31.655636202942265
33,28.929,27.64182216990017,32.10110553514905,29.958349999999996,32.081064623546276
33,29.235,27.64182216990017,31.77996055769912,29.054443999999993,35.809660247907175
33,29.54,27.64182216990017,31.209620611394836,31.631091999999985,31.401554675069683
33,29.844,27.64182216990017,29.30416973776266,32.764587999999975,33.42727434690796
33,30.148,27.64182216990017,34.09675754574942,31.527112999999996,36.46657683567999
33,30.454,27.64182216990017,29.295541086426276,32.03554799999999,35.60964439816537
33,31.364,27.64182216990017,36.543397310643414,32.89064999999998,36.383252661918576
33,31.67,27.64182216990017,37.059219901239146,32.43087999999997,37.0012827917236
33,31.975,27.64182216990017,33.75160641871381,33.89954299999997,34.56929937150311
33,32.0,27.64182216990017,32.38494674704114,33.00164999999997,34.20940115115599
33,32.0,27.64182216990017,36.457228360572216,32.29469099999999,34.90084227917292
33,32.0,27.64182216990017,35.553922037169926,31.61741999999999,37.372697639594634
33,32.0,27.64182216990017,36.7566133209226,31.774032999999996,37.65749826673548
33,32.0,27.64182216990017,35.31457850273462,31.529572999999996,38.77022842608356
33,32.0,27.64182216990017,35.17497520469667,30.14978999999998,35.26456088698553
33,32.0,27.64182216990017,33.297716653125335,31.719788000000005,35.77993232672503
33,32.0,27.64182216990017,36.242998695518494,29.991813000000008,41.15437925800801
33,32.0,27.64182216990017,33.6659515368607,29.267821999999995,37.319138468924834
34,34.146,29.025979359294073,26.47098327148009,22.584328000000006,22.521078001187416
34,33.856,29.025979359294073,25.177853595126045,20.940170000000002,18.820847985575554
34,33.535,29.025979359294073,25.243075920133325,21.819350000000004,21.416262843896295
34,33.227,29.025979359294073,24.09142077761755,25.18743000000001,19.618889212098935
34,32.921,29.025979359294073,28.585582520526874,19.17541000000001,20.32352977193324
34,32.609,29.025979359294073,26.22245002471786,17.92257000000001,18.934561430569975
34,32.302,29.025979359294073,25.30876183577556,19.170110000000005,19.935771248335296
34,31.993,29.025979359294073,26.849484992303232,18.77921,19.240631416620545
34,31.685,29.025979359294073,28.23695284660462,21.997079999999997,20.85061522913824
34,31.458,29.025979359294073,25.74748428872129,19.974269999999997,19.692148722883783
34,31.07,29.025979359294073,27.582187427164733,19.305660000000007,20.786093548479183
34,30.763,29.025979359294073,23.36698577324894,22.296029999999995,19.104034985962937
34,30.457,29.025979359294073,26.02019532463858,19.54953,22.41140500526989
34,30.15,29.025979359294073,25.669132070670173,19.586570000000005,21.43797543613456
34,30.194,29.025979359294073,28.727557082626355,22.153160000000003,21.105476571133032
34,30.582,29.025979359294073,28.113091552367266,20.53083999999999,23.177854038013727
34,30.964,29.025979359294073,27.680995862567695,21.49818,18.887210214441126
34,31.355,29.025979359294073,28.034885521306876,21.023919999999997,22.849907427350132
34,31.733,29.025979359294073,29.020004596648562,21.56219,21.871050789428644
34,32.117,29.025979359294073,29.874602876078313,21.63530000000001,22.12225847990381
34,32.51,29.025979359294073,27.296001403855506,21.326490000000017,22.490130878036016
34,32.891,29.025979359294073,28.275253023600804,22.136061999999995,22.381887227901867
34,33.662,29.025979359294073,26.40476088075494,20.76148000000001,21.540614569605527
34,34.044,29.025979359294073,27.036198922057828,22.565162,20.263207175376312
34,34.424,29.025979359294073,28.741687149297757,21.391060000000003,20.89428198450661
34,34.817,29.025979359294073,27.750305198990894,21.91725,22.729246518132115
34,34.146,29.025979359294073,23.691153557486018,22.624340000000007,22.42639016993288
34,33.856,29.025979359294073,22.642014291616924,23.80739000000001,19.332274627789825
34,33.535,29.025979359294073,22.612348275960105,22.583630000000007,19.781912199648655
34,33.227,29.025979359294073,22.67826167408112,22.761700000000005,19.323145066902736
34,32.921,29.025979359294073,23.549296037918207,18.813920000000003,19.715591071754794
34,32.609,29.025979359294073,24.744613876340065,17.58242000000001,19.240936098626516
34,32.302,29.025979359294073,23.347637378588804,20.632620000000006,19.32142347595589
34,31.993,29.025979359294073,24.831176280340323,18.91977,20.15525494938237
34,31.685,29.025979359294073,23.75091473877172,22.10956000000001,22.143463163002377
34,31.458,29.025979359294073,23.693480375805766,21.08978,19.84070182410212
34,31.07,29.025979359294073,23.952964689597323,22.665290000000013,20.835279522481382
34,30.763,29.025979359294073,24.271700913890157,18.419909999999994,19.698887907065046
34,30.457,29.025979359294073,22.59779525885645,22.096529999999998,19.894454878670516
34,30.15,29.025979359294073,24.964533777505995,22.381410000000006,20.15078985120453
34,30.194,29.025979359294073,25.063763404883765,19.111710000000006,19.88523405185586
34,30.582,29.025979359294073,25.383888130711814,21.42926000000001,20.900499955637535
34,30.964,29.025979359294073,27.142690543516544,19.476539999999996,19.87975903947405
34,31.356,29.025979359294073,25.322653643320947,19.55476,19.239204469921578
34,31.733,29.025979359294073,25.54297357921573,20.99345000000001,22.63725114022762
34,32.117,29.025979359294073,26.051043043483816,21.874440000000007,21.323824563143308
34,32.51,29.025979359294073,26.562137450633834,21.93659000000001,20.378466282164585
34,32.891,29.025979359294073,26.488523260067737,23.45341000000001,24.849321405076612
34,33.273,29.025979359294073,26.747847861115147,23.265560000000015,22.507114936868874
34,33.662,29.025979359294073,25.661403352392455,20.979750000000003,20.271823536220857
34,34.044,29.025979359294073,26.341439180622775,22.835980000000003,21.891639579288217
34,34.424,29.025979359294073,25.348937135580055,20.75445000000001,19.799483329075013
34,34.817,29.025979359294073,26.483054934767374,21.143520000000013,19.437224013135136
34,34.146,29.025979359294073,25.02748316720963,23.194589999999994,23.61654784155276
34,33.856,29.025979359294073,23.430815963784966,22.403720000000007,19.222274614354667
34,33.535,29.025979359294073,22.466137952675506,21.674635000000002,19.385230594132704
34,33.227,29.025979359294073,21.08670647710113,18.54035000000001,20.44905349342792
34,32.921,29.025979359294073,23.03256279366914,19.22331000000001,19.8558800992123
34,32.609,29.025979359294073,23.363684476509707,21.105450000000005,19.35876166693183
34,32.302,29.025979359294073,22.905957767946028,19.943990000000007,19.162736204364187
34,31.993,29.025979359294073,24.065962376451413,21.594570000000008,20.310579260457295
34,31.685,29.025979359294073,24.33412137147694,19.983320000000006,19.742527772191803
34,31.458,29.025979359294073,24.850618969683712,19.56909999999999,20.149138004242925
34,31.07,29.025979359294073,24.445047380694962,22.3134,19.640306803576173
34,30.763,29.025979359294073,24.40133125114842,19.120669999999997,19.606877279502097
34,30.457,29.025979359294073,22.627821587220875,21.74268,20.104819620089447
34,30.15,29.025979359294073,23.819914406813332,21.648070000000004,20.655963722434777
34,30.194,29.025979359294073,22.477317914569106,21.42868,20.770083353164313
34,30.582,29.025979359294073,23.764469045540984,20.681519999999995,19.499510117841883
34,30.964,29.025979359294073,25.71412504179892,20.688710000000004,19.85944762617925
34,31.356,29.025979359294073,24.953378220696262,21.031650000000003,20.373446178172912
34,31.733,29.025979359294073,25.857389543271005,20.13221,21.113450659752
34,32.117,29.025979359294073,25.30427549826777,21.033245,20.096310329910786
34,32.51,29.025979359294073,24.681267752416396,19.91337,19.36894567517494
34,32.891,29.025979359294073,25.914578555944534,21.71295000000001,23.367162504224414
34,33.273,29.025979359294073,25.79258053791099,21.50607500000001,22.26108703854873
34,33.662,29.025979359294073,25.559907691018186,22.408,20.6295841081619
34,34.044,29.025979359294073,25.205601274834912,21.52707,22.13623049797373
34,34.424,29.025979359294073,25.75548352612506,20.75643,19.63707419008501
34,34.817,29.025979359294073,24.70156837212718,21.88237000000001,20.613099131325598
34,34.146,29.025979359294073,26.347795359142765,19.824070000000003,21.902706545160058
34,33.856,29.025979359294073,24.562404941578443,21.343590000000003,19.60906267404339
34,33.535,29.025979359294073,23.926284634139968,20.767780000000013,19.496660311564373
34,33.227,29.025979359294073,23.634152061746406,20.510740000000006,19.617511769903764
34,32.921,29.025979359294073,24.64419179236028,18.79531,19.516636858791998
34,32.609,29.025979359294073,23.4563439182279,20.270569999999992,18.38427150099744
34,32.302,29.025979359294073,25.247617335346753,19.979670000000002,19.236840185576305
34,31.993,29.025979359294073,25.607033838966625,18.62616999999999,19.955073011675236
34,31.685,29.025979359294073,24.998030865849223,21.218308000000007,20.43224306884229
34,31.458,29.025979359294073,23.259346371885563,19.637670000000004,20.336165619078397
34,31.07,29.025979359294073,26.3960731871922,20.950240000000008,21.673625369122206
34,30.762,29.025979359294073,24.232347993391734,23.15935,19.906039325432292
34,30.457,29.025979359294073,24.224090588241936,21.98567,19.904800720285994
34,30.15,29.025979359294073,25.15811869056232,22.060430000000007,20.480393693921503
34,30.194,29.025979359294073,24.837540579848394,20.50482,19.666860287152108
34,30.582,29.025979359294073,25.812069905073198,22.010279999999995,19.918464778283404
34,30.964,29.025979359294073,25.484842586977162,19.88085,20.95565952056737
34,31.356,29.025979359294073,25.605697747577125,24.444939999999995,19.3776331134344
34,31.733,29.025979359294073,29.979611687214334,21.044370000000004,24.960876406776116
34,32.117,29.025979359294073,27.510004448065708,20.32141000000001,23.219273426936255
34,32.51,29.025979359294073,28.57769103404134,22.825410000000005,21.530294267299368
34,32.891,29.025979359294073,29.491357377085425,21.972430000000013,25.078338783583572
34,33.273,29.025979359294073,24.673777051102476,22.754900000000003,20.359678030163362
34,33.662,29.025979359294073,28.00719935728029,21.98975,21.938638012461965
34,34.044,29.025979359294073,29.04399665567126,20.65807,23.24172291323275
34,34.424,29.025979359294073,26.692165203580572,22.493330000000004,19.6376327114162
34,34.817,29.025979359294073,27.219830396901934,22.305880000000002,20.293490997644977
34,34.145,29.025979359294073,25.21680821322768,22.623823000000005,23.390660685160043
34,33.856,29.025979359294073,24.212214231592448,20.92246000000001,22.131193692613422
34,33.535,29.025979359294073,25.23625125660852,22.66467200000001,23.155576218444747
34,33.227,29.025979359294073,25.31749866571832,21.274030000000007,22.32081722433835
34,32.921,29.025979359294073,24.23461916444622,21.98365,18.62675390267815
34,32.609,29.025979359294073,24.835359254988305,22.642090000000017,21.091418793568746
34,32.302,29.025979359294073,26.800418672104165,18.240000000000006,19.491456718886024
34,31.993,29.025979359294073,26.594723004519615,18.995680000000004,19.689986124825513
34,31.685,29.025979359294073,25.471157643573115,20.216649999999998,20.00765963104541
34,31.458,29.025979359294073,25.435641863366463,20.969710000000006,20.476240821202417
34,31.07,29.025979359294073,25.31882608593769,22.240430000000007,23.97576828504297
34,30.762,29.025979359294073,26.13836732648698,21.553770999999998,21.547836118007826
34,30.457,29.025979359294073,25.001750633425456,20.957862,22.06722176888124
34,30.15,29.025979359294073,24.826532723781447,21.968850000000003,23.010836602336763
34,30.194,29.025979359294073,23.94424701816151,20.616390000000006,21.422739019982654
34,30.582,29.025979359294073,26.888895239636096,20.2438,21.752070377580015
34,30.964,29.025979359294073,26.615270397289397,20.40219,21.534455362920745
34,31.356,29.025979359294073,26.739527066972943,20.92002,22.49788075467252
34,31.734,29.025979359294073,30.179289679439687,21.39085,25.027604167179543
34,32.117,29.025979359294073,27.725334485839795,22.15951,22.298075398283768
34,32.51,29.025979359294073,27.79474290924917,20.550470000000008,22.36926164180989
34,32.891,29.025979359294073,28.227428101481742,22.120400000000007,25.04779428397707
34,33.273,29.025979359294073,27.716035384733743,21.795150000000003,22.421026758631136
34,33.662,29.025979359294073,28.474809844808426,20.835070000000005,22.332777663967253
34,34.044,29.025979359294073,30.327850687536593,21.140659999999997,24.64775750288181
34,34.424,29.025979359294073,25.53253937508171,22.210520000000002,20.379227965394442
34,34.817,29.025979359294073,28.589303182238424,22.616470000000014,22.57325793691022
34,34.145,29.025979359294073,26.223717899086868,23.269311000000002,24.20943659450391
34,33.856,29.025979359294073,24.091985903532553,22.140580000000014,22.07169356589648
34,33.535,29.025979359294073,26.09947184402794,22.80704,23.52731819212734
34,33.227,29.025979359294073,27.111450935912227,21.94829800000001,22.34335838984181
34,32.921,29.025979359294073,25.516100117672618,19.014270000000003,21.638779243671102
34,32.609,29.025979359294073,25.995719513813963,22.793071000000005,22.802154595468323
34,32.302,29.025979359294073,25.535764026319924,20.420960000000004,20.6144951370262
34,31.993,29.025979359294073,26.232421619326526,20.29334,22.06706866172929
34,31.685,29.025979359294073,26.146645139019057,22.863540000000004,20.93331903891962
34,31.458,29.025979359294073,25.15111914786179,20.934400000000004,22.547031626603303
34,31.07,29.025979359294073,25.36641767901321,22.16082200000001,23.726676074693927
34,30.762,29.025979359294073,24.71098350905764,24.172670000000007,22.181895414771972
34,30.457,29.025979359294073,25.894487038805142,22.21284,25.219853465853795
34,30.15,29.025979359294073,26.42653791321442,21.24808,24.917381636986786
34,30.194,29.025979359294073,25.220685480630408,20.962190000000007,24.99538694471133
34,30.582,29.025979359294073,26.747931794334992,21.441741999999998,22.35658164954377
34,30.964,29.025979359294073,26.24863404312363,21.142439999999986,21.924111739928858
34,31.356,29.025979359294073,26.84629284644083,21.48704,22.61895848846084
34,31.734,29.025979359294073,29.71909430223645,20.799939,25.37221815336679
34,32.117,29.025979359294073,28.69664311513592,22.48340000000001,24.408217071101276
34,32.51,29.025979359294073,27.990654568611287,20.949841000000003,21.74718516075217
34,32.891,29.025979359294073,28.768561501486523,20.44579999999999,25.145715639504015
34,33.273,29.025979359294073,26.430002967709086,22.519650000000006,25.22636863728361
34,33.662,29.025979359294073,28.881806235342506,21.31195400000001,22.427409641791368
34,34.044,29.025979359294073,27.009130954363982,22.86585000000001,25.761850747194604
34,34.424,29.025979359294073,27.744718724309482,21.111729999999998,20.672619307182373
34,34.817,29.025979359294073,25.649877104393155,23.222410000000004,21.797466435682804
35,54.073,27.64182216990017,23.98923995204154,27.752260000000007,26.566811314614917
35,54.152,27.64182216990017,25.053567056564454,29.75532500000002,26.311612816211028
35,54.232,27.64182216990017,29.700570557269966,24.44363999999999,25.25008774865506
35,54.312,27.64182216990017,24.5341378251034,26.90263999999999,22.62910984564935
35,54.391,27.64182216990017,26.122219938474153,26.833149999999996,26.26371667269308
35,54.471,27.64182216990017,25.927137915045808,25.834709999999994,23.28477025907022
35,54.55,27.64182216990017,24.94075373411718,26.172929999999994,25.706315417907945
35,54.556,27.64182216990017,25.84351355219502,27.390280000000008,26.761558759533603
35,54.63,27.64182216990017,24.6341253699406,28.50893999999999,22.230778183194605
35,54.709,27.64182216990017,25.794660001127813,31.538080000000004,26.34745593855505
35,54.789,27.64182216990017,26.49582484451055,25.23579999999999,23.019115565936847
35,54.868,27.64182216990017,26.491993755927428,30.160270000000004,26.843113688854476
35,54.948,27.64182216990017,25.00437050423605,28.8268,25.04358715687346
35,54.992,27.64182216990017,24.631291745395377,30.610079999999986,23.657011164043112
35,54.727,27.64182216990017,29.131985649416105,28.057339999999996,28.29224496852406
35,54.613,27.64182216990017,32.255495820608814,26.085160000000002,26.59997575369076
35,54.496,27.64182216990017,29.803594442355134,26.75484999999999,26.372602080683865
35,54.375,27.64182216990017,24.40613297995068,34.04682000000001,27.012182082625028
35,54.266,27.64182216990017,30.585237663012474,25.968200000000003,26.389367926515604
35,54.15,27.64182216990017,25.68541081604917,30.613540000000004,25.31516465295537
35,54.034,27.64182216990017,29.563488280256742,27.779450000000008,26.987114256833763
35,53.917,27.64182216990017,27.652401060075196,29.341980000000014,26.94846672130151
35,53.802,27.64182216990017,26.274910154022933,31.41786999999999,25.72025627736401
35,53.572,27.64182216990017,28.87037578891092,31.70905999999998,26.521664167434547
35,53.34,27.64182216990017,27.583369620379962,35.46141000000001,28.773377523891426
35,53.224,27.64182216990017,31.83926301146576,26.194609999999994,26.405250804570045
35,53.109,27.64182216990017,28.634669925144102,31.192879999999978,27.058216711493547
35,54.073,27.64182216990017,23.37138116729595,29.114299999999993,25.199019335951846
35,54.153,27.64182216990017,26.038895753580558,30.283270000000012,25.645215937609823
35,54.232,27.64182216990017,32.02620970085519,24.38661,25.404006189580652
35,54.312,27.64182216990017,22.773647394076413,28.28492999999999,22.86330818480163
35,54.391,27.64182216990017,26.66684728206178,27.999810000000004,26.02699609356912
35,54.471,27.64182216990017,24.096544128931143,27.811020000000003,23.62123238205458
35,54.55,27.64182216990017,23.587947867026834,31.23936,25.780218688150196
35,54.556,27.64182216990017,25.81530234701639,28.13563000000001,25.791049376702997
35,54.63,27.64182216990017,23.517533643610875,27.865269999999995,24.50433398467358
35,54.709,27.64182216990017,25.146662161568948,30.74452000000001,26.18258741245597
35,54.789,27.64182216990017,25.19941198431715,28.342240000000007,23.56132460752968
35,54.868,27.64182216990017,26.417150884494806,30.110170000000007,27.220055946886628
35,54.948,27.64182216990017,26.486282888979893,29.42234999999999,25.800420428534355
35,54.992,27.64182216990017,25.217033749248696,32.10029999999999,25.802886278033924
35,54.727,27.64182216990017,29.735130115014712,26.609959999999987,27.028602645143287
35,54.613,27.64182216990017,28.376578422533004,30.26883000000001,26.983617100628297
35,54.496,27.64182216990017,31.544740652750836,27.446879999999993,29.150599038163516
35,54.375,27.64182216990017,25.396703324017636,34.091800000000006,27.218512839768298
35,54.266,27.64182216990017,30.240002254405976,29.90208999999999,27.260933774841806
35,54.15,27.64182216990017,27.934934370320327,27.59688999999998,24.965470467405606
35,54.034,27.64182216990017,27.560052772118215,28.468900000000005,27.348836896549678
35,53.917,27.64182216990017,27.58496703374195,33.15520999999998,27.911399299882348
35,53.802,27.64182216990017,26.92910175917283,31.534219999999994,26.44373153118206
35,53.687,27.64182216990017,27.25185067512589,28.501759999999994,25.550599457241205
35,53.572,27.64182216990017,28.514728724033027,30.34734,27.714218550716133
35,53.34,27.64182216990017,26.99949869443873,34.175159999999984,27.663204122719396
35,53.224,27.64182216990017,31.797722839122642,29.669839999999986,28.04220831679849
35,53.109,27.64182216990017,29.1398916818206,32.73107999999999,27.10107005827773
35,54.073,27.64182216990017,25.47822627510546,28.526720000000015,25.93867259538246
35,54.153,27.64182216990017,25.606288072465386,29.23591,27.681885329842245
35,54.232,27.64182216990017,25.502310356672716,29.157670000000003,25.17216943475828
35,54.312,27.64182216990017,23.054379378481258,30.259779999999978,22.632901444923146
35,54.391,27.64182216990017,23.127726068676083,30.118500000000004,24.6356447436629
35,54.471,27.64182216990017,23.831259724214533,29.044189999999993,25.32215378163217
35,54.55,27.64182216990017,22.95277927783107,30.248750000000005,24.89802721384462
35,54.556,27.64182216990017,25.797367687743368,28.852900000000005,25.801113416168295
35,54.63,27.64182216990017,23.343362092333905,28.695459999999994,24.797783167288838
35,54.709,27.64182216990017,23.335487230095886,30.404401999999994,27.612072759888452
35,54.789,27.64182216990017,25.875485020397814,27.46571999999998,25.908549729683607
35,54.868,27.64182216990017,25.31208500244445,29.778410000000004,27.014782495124944
35,54.948,27.64182216990017,23.94432752403649,31.866269999999982,24.420039166999818
35,54.992,27.64182216990017,25.97986855132337,30.60230000000001,26.08628041719358
35,54.727,27.64182216990017,28.53303220372844,30.38694,27.238275716188983
35,54.613,27.64182216990017,29.37400138301626,29.08489000000001,28.84204788172407
35,54.496,27.64182216990017,26.571102454740384,32.535550000000015,27.475063644696778
35,54.375,27.64182216990017,29.036395382219535,32.55988999999999,28.638514523320673
35,54.266,27.64182216990017,26.942152452351394,34.65633,27.47089974236419
35,54.15,27.64182216990017,27.599528447295505,33.48639,28.421614078660035
35,54.034,27.64182216990017,25.51969301461392,32.82901000000002,27.14503296577579
35,53.917,27.64182216990017,30.731304244974513,31.31338999999998,29.022078122875946
35,53.802,27.64182216990017,25.110542748541693,34.48247199999999,27.21434893743571
35,53.687,27.64182216990017,25.7770382495491,30.196289999999987,26.567562632474754
35,53.572,27.64182216990017,28.57101258809248,34.08265999999999,28.67874096935198
35,53.34,27.64182216990017,33.32803182929194,27.37035999999999,28.841100270074076
35,53.224,27.64182216990017,29.555873697315363,30.262519999999984,27.10107005827773
35,53.109,27.64182216990017,26.31741014128325,34.343112,28.117360765187904
35,54.073,27.64182216990017,23.345591987989984,31.28143000000001,25.000678002588756
35,54.232,27.64182216990017,29.430321476019234,25.252539999999986,23.88196964130774
35,54.391,27.64182216990017,27.471171399846398,24.923289999999987,25.873246506784565
35,54.471,27.64182216990017,26.70042287189307,26.442349999999983,24.45504317917404
35,54.55,27.64182216990017,24.28459207714669,30.29122,25.780218688150196
35,54.556,27.64182216990017,24.07258186680611,27.752610000000004,24.320406441065156
35,54.63,27.64182216990017,23.976395101092628,28.108949999999997,23.207096731879286
35,54.709,27.64182216990017,23.528783235128472,31.51405999999999,22.377857592002233
35,54.789,27.64182216990017,24.97029704531759,25.98101999999999,23.188156731259905
35,54.868,27.64182216990017,24.824608959355476,30.34866999999999,25.218435056461058
35,54.948,27.64182216990017,25.877349960872024,33.294069999999984,23.924040205512036
35,54.992,27.64182216990017,24.821893318214453,27.973010000000002,26.80669154334348
35,54.727,27.64182216990017,26.30989743156151,32.526590000000006,26.58212531226249
35,54.613,27.64182216990017,24.28630213389214,30.374530000000014,25.088149269218402
35,54.496,27.64182216990017,28.664520664903293,30.706380000000003,27.125983766858944
35,54.375,27.64182216990017,24.05065828972663,31.664540000000017,25.281702037203516
35,54.266,27.64182216990017,29.22373694254816,26.832510000000003,27.193891124378986
35,54.15,27.64182216990017,28.511013200614997,28.543729999999996,26.608337673632192
35,54.034,27.64182216990017,25.758800774362488,32.3298,24.088315531185156
35,53.917,27.64182216990017,27.721707586396292,34.081949999999985,27.624818183289783
35,53.802,27.64182216990017,24.352979152259906,29.599679999999992,24.633027672234242
35,53.687,27.64182216990017,28.39949881572235,31.50411000000001,28.33707323303001
35,53.572,27.64182216990017,29.230143426258135,29.20666999999998,28.483940777912718
35,53.34,27.64182216990017,28.30650104056453,28.17114999999999,25.999245751137153
35,53.224,27.64182216990017,28.539939863470494,30.517099999999978,26.129426263319885
35,53.109,27.64182216990017,26.89856194496465,32.542539999999995,26.190098624428533
35,54.073,27.64182216990017,26.764349731163097,29.837650000000004,28.422558179980374
35,54.153,27.64182216990017,31.472609553216074,24.847379999999983,24.22298887848875
35,54.232,27.64182216990017,28.878780827572744,25.52141999999999,26.050951171025858
35,54.312,27.64182216990017,27.322856180255545,25.18500999999998,22.212378190450146
35,54.391,27.64182216990017,23.740402822762782,30.739555000000017,25.010772145839578
35,54.471,27.64182216990017,25.746372580358987,29.003879999999995,27.689629936768647
35,54.55,27.64182216990017,25.305971655439297,28.460177000000012,28.60173940611021
35,54.556,27.64182216990017,25.231497543347338,30.33111999999999,28.290811471751866
35,54.63,27.64182216990017,26.28390883733846,29.422029999999992,26.68846583990135
35,54.709,27.64182216990017,27.37132254005904,30.386169999999996,28.17401150480209
35,54.789,27.64182216990017,24.962017190699292,29.40012999999999,25.27994979813773
35,54.868,27.64182216990017,26.13932431581721,30.94231999999999,27.909654826618496
35,54.948,27.64182216990017,26.772657463884777,33.34269,28.042446811778724
35,54.992,27.64182216990017,26.5593227079128,32.61891000000001,26.918421191325695
35,54.727,27.64182216990017,28.23307086148524,31.512050000000013,26.981266026040394
35,54.613,27.64182216990017,27.42594927325476,34.18690000000002,28.68890059925788
35,54.496,27.64182216990017,26.102899540999008,34.36818000000002,28.935408275254844
35,54.375,27.64182216990017,24.283330617037844,34.47060000000002,29.709262666321838
35,54.266,27.64182216990017,31.461502366180092,30.383409999999998,29.09552414783021
35,54.15,27.64182216990017,31.54189601612192,30.294756999999986,31.140270833167826
35,54.034,27.64182216990017,27.215235155534405,32.89564000000001,29.035318927019617
35,53.917,27.64182216990017,28.492147237847625,34.3718,28.5256093911573
35,53.802,27.64182216990017,26.75213091782738,31.720609999999983,26.87635368154286
35,53.687,27.64182216990017,28.25232356639568,34.704609999999995,28.076695462762988
35,53.572,27.64182216990017,30.125744504081773,31.74858,29.43580543434763
35,53.34,27.64182216990017,28.56074869466498,30.00933,27.975462267207398
35,53.224,27.64182216990017,30.945955858144778,33.45973999999999,28.013082560741324
35,53.109,27.64182216990017,28.490899492638242,35.23813999999999,28.47790688261365
35,54.073,27.64182216990017,23.610748155596333,29.406170000000003,24.684057186087383
35,54.153,27.64182216990017,26.72807711744049,28.61030000000001,26.655647113223043
35,54.232,27.64182216990017,28.985700214885295,25.47724999999999,27.403828704530966
35,54.312,27.64182216990017,26.22057932701307,27.413980000000006,25.154729946967105
35,54.391,27.64182216990017,24.497314426568323,31.181530000000002,26.310154154228126
35,54.471,27.64182216990017,26.39868272787065,28.680689999999984,28.737151090060195
35,54.55,27.64182216990017,26.362065718847063,27.819100000000002,26.831980002111294
35,54.556,27.64182216990017,23.903808896019356,30.57933000000001,26.073012184357722
35,54.63,27.64182216990017,27.15491659071302,30.13730999999999,26.37345576941346
35,54.709,27.64182216990017,27.402766883544754,30.53432,28.722299148291
35,54.789,27.64182216990017,25.814530440569428,29.990930000000006,26.63753660768279
35,54.868,27.64182216990017,26.04859041397352,31.153869999999998,28.202188369700366
35,54.948,27.64182216990017,24.099366302286274,32.828830000000025,28.02847750573633
35,54.992,27.64182216990017,26.870115191191204,32.6696,28.6644446699126
35,54.727,27.64182216990017,28.42544942645251,31.182210000000005,28.242603704793602
35,54.613,27.64182216990017,25.826006098262468,33.77004000000002,28.030739716067778
35,54.496,27.64182216990017,31.83434178401345,28.677506999999995,31.071166874512823
35,54.375,27.64182216990017,26.05282164853669,34.58994000000002,29.39802497687011
35,54.266,27.64182216990017,29.53659241101853,33.72229,27.69780469887371
35,54.15,27.64182216990017,26.06047105298245,34.640319999999996,27.105275948496732
35,54.034,27.64182216990017,26.565659257856534,32.124759999999974,28.761034252580757
35,53.917,27.64182216990017,28.09253458599521,33.08915999999999,29.0936875609464
35,53.802,27.64182216990017,27.336277933807136,32.12019,27.607243077873974
35,53.687,27.64182216990017,30.829404994867183,31.800989999999988,28.98921628554094
35,53.572,27.64182216990017,31.054877427093007,29.585020000000004,29.43628027330066
35,53.34,27.64182216990017,31.86592522115397,30.383060000000004,30.038066642549005
35,53.224,27.64182216990017,28.873949284178956,33.95087999999999,27.56675674800902
35,53.109,27.64182216990017,31.044775105477175,34.843849999999996,29.602323968763198
36,26.562,28.622986597549477,-7.936520581988187,26.64654,22.207326659071455
36,26.964,28.622986597549477,1.9265945452197215,26.064609999999995,23.559448985786798
36,27.438,28.622986597549477,11.31217880806005,25.797370000000004,24.991179365006534
36,27.975,28.622986597549477,11.7351556185335,25.793108000000004,25.32727840662739
36,28.446,28.622986597549477,25.803524263135394,25.09913800000001,22.630387784403105
36,28.957,28.622986597549477,26.53399644777103,26.71276,24.18602212267246
36,29.458,28.622986597549477,26.54162834091886,26.731528000000004,25.596962471006975
36,29.861,28.622986597549477,21.079529217727348,27.17344,25.259388253878114
36,30.405,28.622986597549477,33.94699807021308,26.99642000000001,23.991022909949184
36,30.877,28.622986597549477,18.375364555124783,27.226420000000008,26.096562797509222
36,31.348,28.622986597549477,16.868117339142234,27.324806000000002,23.92093925417221
36,31.817,28.622986597549477,2.154810924232752,27.39384,25.872113530735973
36,32.0,28.622986597549477,19.85110208509151,27.196550000000002,26.661094327536993
36,32.0,28.622986597549477,23.91370590073241,27.691329999999997,29.364742403456017
36,32.0,28.622986597549477,11.710482083233426,27.256669,24.98655592013185
36,32.0,28.622986597549477,-9.752071153439385,27.620008999999992,25.34409544883552
36,32.0,28.622986597549477,2.858003043426809,27.353429999999992,22.898673523078838
36,32.0,28.622986597549477,24.65519502497893,27.25272,24.394009968419386
36,32.0,28.622986597549477,32.64518548459709,28.06514,25.17881523419942
36,32.0,28.622986597549477,-1.5786585474929602,27.525009999999998,25.815303593168572
36,32.0,28.622986597549477,-3.7934471242533085,27.311439999999997,24.233149284289816
36,32.0,28.622986597549477,12.292977778329938,26.95671999999999,22.181449845609272
36,26.562,28.622986597549477,7.019989038700491,25.446417999999998,17.61699335090615
36,26.964,28.622986597549477,-1.3749737940854487,26.130519999999997,22.35656017402543
36,27.438,28.622986597549477,3.9020534716288573,26.09498,23.78592317215406
36,27.975,28.622986597549477,2.2478965825581447,26.452159999999996,23.6846534744267
36,28.446,28.622986597549477,12.749732088301968,26.907499999999995,24.713999186791945
36,28.957,28.622986597549477,30.07978106759049,25.745586000000007,23.155501627406142
36,29.459,28.622986597549477,5.011356941704321,26.741388,22.55201161639015
36,29.861,28.622986597549477,20.478775098483606,26.722368000000003,26.421802679013453
36,30.405,28.622986597549477,15.923827167623429,27.675260000000012,24.869629065070818
36,30.877,28.622986597549477,18.469462482487685,27.052648000000005,24.69049867026587
36,31.348,28.622986597549477,-5.4454031283561655,27.41237,20.07607451959387
36,31.817,28.622986597549477,18.80526539798509,26.804727999999997,23.25130512371464
36,32.0,28.622986597549477,26.262369211611677,28.07711,26.8056244474335
36,32.0,28.622986597549477,5.705840203974329,27.731679999999987,25.745754412433605
36,32.0,28.622986597549477,18.219031975818023,27.455369,26.25010228133617
36,32.0,28.622986597549477,3.5134140314631246,27.273018999999994,23.101325069206574
36,32.0,28.622986597549477,20.400497161255462,27.551429999999996,24.956906677671075
36,32.0,28.622986597549477,32.28047836952949,27.23420999999999,22.22611983707561
36,32.0,28.622986597549477,5.667560350243765,27.604549999999996,26.158349426954054
36,32.0,28.622986597549477,6.278975662513236,26.95671999999999,21.618373268813922
36,26.562,28.622986597549477,20.40238013775395,25.519678000000003,20.893385504773676
36,26.964,28.622986597549477,15.233969726863002,25.424386000000005,19.749348491273004
36,27.438,28.622986597549477,23.608515010207107,25.332176000000008,20.974028642765166
36,27.975,28.622986597549477,-17.361406866909288,25.452036,18.599237347208405
36,28.446,28.622986597549477,9.64136591445422,25.695296000000003,21.900288119924333
36,28.957,28.622986597549477,-6.651234479547558,27.08433,22.79518009666784
36,29.459,28.622986597549477,32.0856519090658,25.754288000000006,20.776964085199097
36,29.861,28.622986597549477,21.96326636313293,26.331345999999993,21.89852368971713
36,30.405,28.622986597549477,8.097849178689788,26.945050000000005,23.564515214011106
36,30.877,28.622986597549477,26.30938154130196,27.06638999999999,24.152341014840925
36,31.348,28.622986597549477,19.171654027663745,26.72748600000001,21.25188192400485
36,31.817,28.622986597549477,-9.360567707138554,27.35163,22.98458247103232
36,32.0,28.622986597549477,25.12561906337405,27.79568800000001,24.856693072606337
36,32.0,28.622986597549477,28.14198902056224,27.172648999999996,23.009477631913295
36,32.0,28.622986597549477,-8.699869046380368,27.312588999999992,21.950838513595638
36,32.0,28.622986597549477,14.768171075766501,27.368459999999992,23.862182285513278
36,32.0,28.622986597549477,32.0149444127957,27.154869999999992,20.044574635856296
36,32.0,28.622986597549477,28.087928360083318,27.426889999999993,24.85992678119468
36,32.0,28.622986597549477,1.2099896541997914,27.29818,21.297685215833088
36,32.0,28.622986597549477,5.597806747441727,27.383499999999998,23.020670063346593
36,32.0,28.622986597549477,15.3454186744486,27.142709999999994,21.101973986018933
36,26.562,28.622986597549477,28.944292816343925,25.692318000000004,20.368450403537345
36,26.964,28.622986597549477,9.09579356805413,25.514046000000004,21.674475902948554
36,27.438,28.622986597549477,9.368583189956976,25.987530000000003,21.13424001075959
36,27.975,28.622986597549477,19.794449981269324,26.108799999999995,23.92121427938404
36,28.446,28.622986597549477,17.68547692270981,26.373008000000006,25.293545055164213
36,28.957,28.622986597549477,13.555978699702486,26.183778000000004,25.551617448627677
36,29.459,28.622986597549477,30.443175722820754,25.776836000000003,20.29356318850801
36,29.861,28.622986597549477,25.560933936788352,25.381818000000003,20.48136479996335
36,30.405,28.622986597549477,24.57728556704545,26.70800800000001,24.3637199482492
36,30.877,28.622986597549477,25.418847043669455,27.01509800000001,22.091186441143957
36,31.348,28.622986597549477,17.60946026678877,27.34707,22.620506448884115
36,31.818,28.622986597549477,13.196676683149263,27.639438000000006,23.109874973949697
36,32.0,28.622986597549477,27.27806483988052,28.30996000000001,27.083445423452716
36,32.0,28.622986597549477,27.42547360140515,27.70831,25.999880406196507
36,32.0,28.622986597549477,8.256243792065984,27.479118999999997,22.99936311213532
36,32.0,28.622986597549477,32.47915257257656,27.518739000000004,24.018354392895038
36,32.0,28.622986597549477,28.96902863117623,27.233437999999996,22.701827816500874
36,32.0,28.622986597549477,26.79255233463265,27.95743,26.52377241373517
36,32.0,28.622986597549477,19.284327277612036,27.319699999999994,23.406557551682198
36,32.0,28.622986597549477,6.385542347487668,27.680210000000002,25.15191497867128
36,32.0,28.622986597549477,30.29805136793259,26.83270999999999,21.127222154718456
36,32.0,28.622986597549477,4.751447832160018,27.244649999999996,23.924327264497606
36,26.562,28.622986597549477,12.702649334252408,25.439486000000006,17.427932730005583
36,26.964,28.622986597549477,11.50708741156204,25.659178000000008,18.613816412247008
36,27.438,28.622986597549477,20.83272585456797,25.792108000000002,19.600361533395773
36,27.975,28.622986597549477,30.984111352174867,24.324626000000002,18.594142600596044
36,28.446,28.622986597549477,26.771821507042134,24.307530000000007,19.31684556120573
36,28.957,28.622986597549477,31.481887531893722,24.678607999999993,18.419803650225084
36,29.459,28.622986597549477,32.20605546570953,25.277299999999997,17.949423121604053
36,29.861,28.622986597549477,23.31486123372998,25.73110800000001,21.01038704425545
36,30.405,28.622986597549477,39.71256868302781,25.954390000000007,19.300633041758573
36,30.877,28.622986597549477,21.884425985451404,26.972428000000004,23.593972526647853
36,31.348,28.622986597549477,31.315894654665506,27.09122,21.45987511260117
36,31.818,28.622986597549477,-1.7596400148965046,27.189899999999998,20.006711776219852
36,32.0,28.622986597549477,22.946497321027437,27.336059999999996,21.905930092925047
36,32.0,28.622986597549477,15.912698016673815,27.291029999999992,22.976528953302918
36,32.0,28.622986597549477,19.117586702912128,27.336998999999995,22.259689753666613
36,32.0,28.622986597549477,15.877999782029402,27.152746999999998,22.953477170637132
36,32.0,28.622986597549477,17.212511162012007,27.72297,21.289121528976555
36,32.0,28.622986597549477,21.068478767847218,27.979809999999997,24.226829433360653
36,32.0,28.622986597549477,23.88671939052463,27.792118000000002,22.44754626557031
36,32.0,28.622986597549477,27.072162373885945,26.474358000000002,22.678393402277763
36,32.0,28.622986597549477,27.153169767318264,26.773359999999997,20.996032356309914
36,32.0,28.622986597549477,30.0845757142717,26.911849999999994,22.005102067784446
36,26.562,28.622986597549477,14.637370177359434,25.831588000000007,19.078148310301923
36,26.964,28.622986597549477,31.845423218451963,25.208458000000004,20.099986303309507
36,27.438,28.622986597549477,29.480888115229646,24.381196000000003,19.24695850021816
36,27.975,28.622986597549477,26.16797493472271,25.708266,19.73565264062575
36,28.446,28.622986597549477,25.426554853776686,25.05538600000001,19.64378228023081
36,28.957,28.622986597549477,24.96368700087664,25.225386000000007,18.98453619584615
36,29.459,28.622986597549477,28.925140085941322,25.561818,19.252527107148925
36,29.861,28.622986597549477,27.675927273528373,25.485198,19.787373538885532
36,30.405,28.622986597549477,21.361753803296757,26.877478000000007,20.311123552074687
36,30.877,28.622986597549477,10.899267509929476,27.21268,20.754846427727085
36,31.348,28.622986597549477,28.33349676238398,26.832368000000006,21.195854874017037
36,31.818,28.622986597549477,26.065938019964257,26.701079999999997,21.223801417662933
36,32.0,28.622986597549477,27.400531908464615,27.214549999999996,22.423832725856105
36,32.0,28.622986597549477,34.05587007534099,26.77073,22.148076125245275
36,32.0,28.622986597549477,18.050831402555236,27.343259,21.25171161198394
36,32.0,28.622986597549477,26.792206010039656,26.580606999999997,20.8561750532931
36,32.0,28.622986597549477,29.536470693118968,26.219230000000003,20.200072427813357
36,32.0,28.622986597549477,23.79389017746718,27.247009999999996,23.298082093736475
36,32.0,28.622986597549477,27.80231891372031,26.95241,23.670130197517956
36,32.0,28.622986597549477,23.577003595994878,27.31527,21.98767754517824
36,32.0,28.622986597549477,30.05463934194617,27.416430000000002,24.10341964599075
36,32.0,28.622986597549477,32.36522194756709,26.734610000000004,22.835196046821522
37,32.874,28.622986597549477,24.595122841752314,16.147717999999998,8.043648901906215
37,33.641,28.622986597549477,31.606455327704595,20.236399999999993,12.164440441654522
37,34.417,28.622986597549477,27.287375340260958,19.310159999999996,13.19846782740068
37,35.191,28.622986597549477,31.224787960650538,19.314732999999993,11.237733745284352
37,35.992,28.622986597549477,23.697806052295753,14.240637999999999,10.836434799224167
37,36.747,28.622986597549477,23.96725976387186,17.218417999999996,9.89188508810716
37,37.538,28.622986597549477,22.547271820714066,15.024981,11.60994898681764
37,38.307,28.622986597549477,23.588940647841262,14.408606999999996,12.104433087082203
37,39.088,28.622986597549477,22.942941418347296,16.089104,13.281629707670923
37,39.979,28.622986597549477,24.68718285260329,15.606909999999989,10.956307970478662
37,40.637,28.622986597549477,23.99803209274378,15.906227,13.109812810783705
37,41.413,28.622986597549477,20.40250984070426,14.001450000000002,12.19867300462196
37,42.673,28.622986597549477,23.892890828585145,14.438239,13.513554627539788
37,43.201,28.622986597549477,27.23384538022801,17.415366,14.090986585892093
37,43.811,28.622986597549477,20.56661852772877,15.878191999999995,12.51385635139734
37,44.268,28.622986597549477,22.49870584827267,17.259618999999997,13.566063742413256
37,44.795,28.622986597549477,22.520166294816633,16.928185000000003,13.849094457353416
37,45.326,28.622986597549477,23.93150625114094,14.819911000000001,10.330134691824021
37,45.866,28.622986597549477,23.316268890298495,15.624694999999992,12.562001767370388
37,46.393,28.622986597549477,21.74655203326271,16.31504599999999,12.42307677964088
37,47.079,28.622986597549477,26.385034169840598,16.282777,12.330505426699226
37,47.459,28.622986597549477,24.085285072373765,17.019747999999993,11.432854085530927
37,47.994,28.622986597549477,23.605606135591838,15.826703000000004,11.830594598691203
37,48.53,28.622986597549477,26.1158270036605,18.763459999999995,12.870466977770986
37,33.641,28.622986597549477,26.240060172330367,18.469207999999995,11.449150364590494
37,34.417,28.622986597549477,22.146062111721644,13.971346999999998,9.99391680582097
37,35.191,28.622986597549477,30.655752455767665,19.50333099999999,10.344665596731705
37,35.992,28.622986597549477,22.541994368723163,15.580256000000002,11.48892728960883
37,36.747,28.622986597549477,24.800075109915802,17.244559999999993,9.168712380011502
37,37.538,28.622986597549477,21.811092448722256,14.446307999999997,11.36979911612151
37,38.307,28.622986597549477,20.35017372886844,13.964054999999997,11.265218773761177
37,39.088,28.622986597549477,22.91471158132783,16.133339999999997,12.923869634242452
37,39.979,28.622986597549477,25.4590962502849,16.53509799999999,10.08181171435983
37,40.637,28.622986597549477,21.6660428730542,13.725682,12.70849795081484
37,41.413,28.622986597549477,22.13819718720005,13.553522000000003,12.486236563559144
37,42.673,28.622986597549477,23.10405115515877,16.046973,13.699045223711563
37,43.201,28.622986597549477,25.031708426052006,17.473671,13.6206048868096
37,43.811,28.622986597549477,20.379175651521546,16.065654000000002,13.249343359309913
37,44.268,28.622986597549477,21.830605521370877,14.432917999999988,12.761336626576233
37,44.795,28.622986597549477,20.898999105430377,15.378644000000003,11.569220179492216
37,45.326,28.622986597549477,23.56664575451998,18.574095,11.390475803242511
37,45.866,28.622986597549477,21.60284411416048,16.95334299999999,11.714073974037234
37,46.393,28.622986597549477,19.594018755744177,17.02620799999999,11.306314680353
37,47.079,28.622986597549477,24.12669340931595,16.088813,12.172243215795664
37,47.459,28.622986597549477,26.980043322549996,19.024219999999993,12.480408123798123
37,47.994,28.622986597549477,23.341968069050502,16.75196999999998,11.803741252199032
37,48.53,28.622986597549477,29.493249465399014,20.497567,13.868381498969024
37,32.874,28.622986597549477,30.168259069169263,19.500836999999994,9.330163681135167
37,33.641,28.622986597549477,28.844547157798388,19.534525999999996,12.127379460106317
37,35.191,28.622986597549477,30.103089638847294,18.129142999999996,8.050916340621962
37,35.992,28.622986597549477,22.86395429027223,16.497911999999996,11.959054144629144
37,36.747,28.622986597549477,24.759412608372116,17.758035999999993,10.939785418040342
37,37.538,28.622986597549477,20.70701923227099,14.350998000000002,11.36979911612151
37,38.307,28.622986597549477,19.31380286190674,14.038842999999996,10.907281433001017
37,39.088,28.622986597549477,19.47007055617358,13.728360000000004,12.267995463419618
37,39.979,28.622986597549477,22.528927751095857,17.204836999999994,10.06856009497266
37,40.637,28.622986597549477,21.70281281951401,14.528046,12.96383597176021
37,41.413,28.622986597549477,20.6070937709705,16.692697999999996,14.244857484073394
37,42.673,28.622986597549477,23.71176218286907,16.122983000000005,13.741355393595555
37,43.201,28.622986597549477,26.095826624027815,18.077498000000002,13.65687177088764
37,43.811,28.622986597549477,19.666623035127706,13.51338800000001,11.963616416013288
37,44.268,28.622986597549477,19.786344098288808,13.321125,11.456200372745965
37,44.795,28.622986597549477,22.78902328447169,17.513373999999995,12.492558336919126
37,45.326,28.622986597549477,22.760877112691922,17.797831999999996,11.912127402782717
37,45.866,28.622986597549477,19.139516138355397,15.787190999999996,11.36914450232832
37,46.393,28.622986597549477,20.85479257539785,16.921328999999993,11.874614437049994
37,47.079,28.622986597549477,21.539127031071718,15.647176999999997,10.484949488444759
37,47.459,28.622986597549477,20.87473801109312,15.709967999999993,11.00973397290042
37,47.994,28.622986597549477,23.413819013077315,15.906932,11.614944642102373
37,48.53,28.622986597549477,24.548890159321225,18.4974,12.48057294621279
37,33.641,28.622986597549477,30.03678480127286,19.671889999999998,12.657949487278112
37,34.417,28.622986597549477,22.964887070195438,15.887692999999992,9.977877536279552
37,35.192,28.622986597549477,24.158329658068205,16.120527,6.684075484442451
37,35.992,28.622986597549477,19.375168738549746,13.351257999999996,10.122476040754316
37,36.747,28.622986597549477,22.381857514199062,15.95857399999999,8.485424395030494
37,37.538,28.622986597549477,18.57862690269756,14.056793000000006,9.669481758288725
37,38.307,28.622986597549477,18.61069505797362,13.769390999999999,10.73458613852584
37,39.088,28.622986597549477,19.873623842609945,14.155329999999998,11.959802856686762
37,39.979,28.622986597549477,26.714743611515477,20.297201999999995,14.332795670376843
37,40.637,28.622986597549477,21.845835921713686,14.097710999999999,13.340392082875736
37,41.413,28.622986597549477,21.43195115202689,14.13458300000001,13.498830344211486
37,42.673,28.622986597549477,21.934680938233356,13.654778,13.270555639014493
37,43.201,28.622986597549477,22.580927122780274,17.156911000000008,13.323652368559634
37,43.811,28.622986597549477,20.760426675182252,15.034324000000002,12.647905434526846
37,44.268,28.622986597549477,20.893323169574877,15.3605,13.18548301198632
37,44.796,28.622986597549477,22.54716326904375,18.449554999999997,12.924052542766107
37,45.326,28.622986597549477,19.602883058850583,14.817042999999991,10.201166558137704
37,45.866,28.622986597549477,23.073597968077614,17.651531999999996,12.563310059194182
37,46.393,28.622986597549477,20.410966275894815,17.109178999999994,10.652346497474888
37,47.079,28.622986597549477,20.928832160191497,16.935182999999995,10.429322879946932
37,47.459,28.622986597549477,24.54643881537946,16.954189999999997,11.897324175610505
37,47.994,28.622986597549477,21.747734629742418,16.630095,11.753241909954742
37,48.53,28.622986597549477,24.918947215671423,18.537939999999995,12.476856356752087
37,33.641,28.622986597549477,30.868732691266153,19.722548999999987,9.387995030233412
37,34.417,28.622986597549477,22.619535397017955,15.967277999999991,8.325564950065425
37,35.192,28.622986597549477,24.481746369534285,17.873219999999993,10.994819242545786
37,35.992,28.622986597549477,20.192333521171033,14.903077999999999,9.985584748398827
37,36.747,28.622986597549477,22.02618534942816,14.151325,10.424743658542615
37,37.538,28.622986597549477,17.156965275931746,12.292448000000002,9.702374911344549
37,38.307,28.622986597549477,17.600318999949373,11.914478999999996,9.951122483259766
37,39.088,28.622986597549477,21.33317289249712,12.869949000000002,11.845330605052359
37,39.979,28.622986597549477,26.013132965074682,15.547470999999998,11.542919340725591
37,40.637,28.622986597549477,20.197093938566418,12.108866,10.890387577375161
37,41.413,28.622986597549477,20.045002043522043,11.524377999999995,11.449257685034278
37,42.673,28.622986597549477,20.101943552039927,13.062396000000003,13.077263037935834
37,43.201,28.622986597549477,21.582224770897593,13.447911,11.023782534669309
37,43.811,28.622986597549477,22.48712208845817,13.096827000000001,10.50334627197867
37,44.268,28.622986597549477,21.443619700857766,14.065217,11.33981122298184
37,44.796,28.622986597549477,24.171220159855487,13.420908000000003,12.658071059174718
37,45.326,28.622986597549477,22.96049823680059,14.621081999999994,11.757176568238663
37,45.866,28.622986597549477,22.22861304074472,15.256107999999992,11.349559727318583
37,46.393,28.622986597549477,23.121364302440526,15.821863999999998,10.252444006619776
37,47.079,28.622986597549477,20.94235925257718,15.948618,11.205602570342133
37,47.459,28.622986597549477,20.030205715341353,15.874789999999994,11.4189999322979
37,47.994,28.622986597549477,23.099512391201934,16.004319999999996,10.697153907042125
37,48.53,28.622986597549477,24.70520694397968,16.39299799999999,12.630062560436686
37,32.875,28.622986597549477,24.751379220210485,16.648667999999997,8.327391960905402
37,33.641,28.622986597549477,31.8913004051821,19.188583999999988,8.61511636265167
37,34.417,28.622986597549477,23.00306428247265,15.222555999999997,10.35081628761476
37,35.192,28.622986597549477,32.508309287444845,19.912008999999998,10.33785168523167
37,35.992,28.622986597549477,19.98853230595269,13.413617999999994,9.602708388061943
37,36.747,28.622986597549477,24.09064613959154,15.739882999999994,8.913154590562822
37,37.538,28.622986597549477,19.928123414530145,14.72335499999999,10.69493823736958
37,38.307,28.622986597549477,20.05748384820277,13.315987999999995,9.354461577561455
37,39.088,28.622986597549477,22.905108749555083,13.686383000000003,12.363709119544472
37,39.979,28.622986597549477,22.246003224918624,14.380064000000003,11.510932123547905
37,40.637,28.622986597549477,22.473057795749757,14.486495999999994,12.693365164587387
37,41.413,28.622986597549477,21.425828791982717,13.847233000000003,12.725779193736818
37,42.673,28.622986597549477,22.396183278891538,12.840365999999996,13.10947596594571
37,43.201,28.622986597549477,22.8227426377708,13.600277999999998,12.367739073961008
37,43.811,28.622986597549477,21.33841203862828,13.464806,11.357441692329308
37,44.268,28.622986597549477,23.498451231264195,16.02533399999999,13.091277160657372
37,44.796,28.622986597549477,24.573297869796544,15.396766999999997,13.342467598811783
37,45.326,28.622986597549477,19.52483905141261,13.811950999999992,12.652516118328629
37,45.866,28.622986597549477,22.17451408774425,14.753017999999996,11.589385024119316
37,46.393,28.622986597549477,24.86534832930505,14.509911999999991,10.819843078334639
37,47.079,28.622986597549477,22.565894685136236,15.813739000000005,10.837009849719767
37,47.459,28.622986597549477,24.054637573114345,17.758419999999987,12.177901268517846
37,47.994,28.622986597549477,25.126001893703744,16.85853299999999,13.511165961940376
37,48.53,28.622986597549477,23.16643799019657,15.674748,11.83950508839832
38,23.513,29.27322708254806,28.916829951405347,31.402010000000015,23.04344141436637
38,23.982,29.27322708254806,32.014872938705196,33.30845999999999,23.682049468932
38,24.369,29.27322708254806,32.265127031330124,32.43394999999999,23.915310517672918
38,24.896,29.27322708254806,32.208592558731596,32.77878800000001,24.15965180431135
38,25.424,29.27322708254806,32.320113446899,33.53137199999999,24.198478457571856
38,25.828,29.27322708254806,33.89430041571361,31.390985,24.43623286981723
38,26.281,29.27322708254806,33.16761765019123,29.634235,22.644651180137856
38,26.742,29.27322708254806,34.62888130403725,30.042062000000005,22.10701063733708
38,27.213,29.27322708254806,32.38007328511088,34.01307199999998,26.153289626104105
38,27.666,29.27322708254806,33.084298478257736,28.115994,23.674192417900752
38,28.127,29.27322708254806,32.520725825992244,34.72248,25.79406420681143
38,28.654,29.27322708254806,32.26412907036396,24.859522,23.824402668390483
38,28.758,29.27322708254806,35.28055056370548,35.94110999999999,26.440350008145735
38,28.578,29.27322708254806,31.284115744291654,36.36593999999999,26.53868914965792
38,28.364,29.27322708254806,32.20810438505255,35.87665199999999,26.958433376821336
38,28.15,29.27322708254806,38.070647920871004,37.02609299999998,26.371056665473283
38,27.905,29.27322708254806,32.481653240852516,30.62417199999999,24.71987575668749
38,27.691,29.27322708254806,35.55826107099929,36.56997199999999,27.63547587902416
38,27.473,29.27322708254806,29.448377856023594,37.052319999999995,28.199954798557346
38,27.26,29.27322708254806,35.16362553802663,37.707950000000004,27.4483110453941
38,27.018,29.27322708254806,31.737149832891024,27.653392000000004,24.71215246345708
38,26.865,29.27322708254806,35.40362226782759,29.35581699999999,25.707245577290045
38,26.647,29.27322708254806,34.516707700232914,34.353739000000004,27.497197658004517
38,26.437,29.27322708254806,29.321377273214285,28.346355000000003,24.724863652636827
38,26.218,29.27322708254806,38.68966813483645,36.65812999999999,25.161518098847296
38,23.513,29.27322708254806,28.064329427792945,33.24471999999999,23.257640676617633
38,23.982,29.27322708254806,27.825369392337613,24.486020000000003,23.03146253393487
38,24.369,29.27322708254806,30.182559504242768,31.26092099999999,23.5775805144061
38,24.896,29.27322708254806,34.68816636874078,32.430932,24.0871374691618
38,25.424,29.27322708254806,32.62895319828403,32.389163999999994,24.58311561721515
38,25.828,29.27322708254806,30.070592025716238,33.555883,25.30282272295292
38,26.281,29.27322708254806,31.654264986199784,28.744503999999996,22.604819786356764
38,26.743,29.27322708254806,33.08296604901634,23.840279999999993,22.76578615824736
38,27.214,29.27322708254806,29.737307980099196,36.172559,26.836855390337046
38,27.666,29.27322708254806,28.612348932717637,29.914747999999996,23.25486850985873
38,28.127,29.27322708254806,33.0249564041111,34.01146799999998,26.24362438266837
38,28.654,29.27322708254806,32.097412773063375,27.435949999999988,25.46050216470982
38,28.758,29.27322708254806,35.51390450861879,35.410569999999986,25.80116870057099
38,28.578,29.27322708254806,34.352616065589324,31.49439,24.70744953150278
38,28.364,29.27322708254806,34.79730458989223,33.630353,26.491833590005538
38,28.15,29.27322708254806,32.40589643079658,30.937581000000005,24.301954089762013
38,27.905,29.27322708254806,34.75166569973291,33.619410999999985,23.254602820140956
38,27.691,29.27322708254806,33.57287713728556,37.504574000000005,28.130913019906675
38,27.473,29.27322708254806,36.10888796197269,36.10110999999998,27.214198743877652
38,27.26,29.27322708254806,32.677769442319054,36.86835,26.668918200721677
38,27.017,29.27322708254806,34.94292399547615,37.89257999999998,27.26462359573687
38,26.865,29.27322708254806,33.10125430318675,29.816499999999984,25.67540745763989
38,26.647,29.27322708254806,35.92601178691067,35.62657000000001,27.03685147430343
38,26.437,29.27322708254806,33.687113118606604,31.587099999999996,25.776332379024954
38,26.218,29.27322708254806,37.0531516461326,37.73045999999999,25.505226646315545
38,23.513,29.27322708254806,30.024981214670344,30.133470999999997,22.975113900958636
38,23.982,29.27322708254806,34.087453084899366,31.62041999999999,23.550543513791602
38,24.369,29.27322708254806,31.017009161075503,29.622393000000002,23.17453759834672
38,24.896,29.27322708254806,36.23005702179009,32.34789999999998,21.066322200603324
38,25.424,29.27322708254806,32.57009861315662,29.706885999999994,22.500348653912205
38,25.828,29.27322708254806,31.998269226714456,31.07732499999999,24.34883193268759
38,26.281,29.27322708254806,32.626021798513555,28.501559999999998,21.93139982092705
38,26.743,29.27322708254806,33.59501530096843,30.090536999999998,24.766320628684504
38,27.214,29.27322708254806,31.57274388851936,34.30680199999999,27.04018729058087
38,27.666,29.27322708254806,31.89473120904161,32.880568999999994,25.80873058297313
38,28.127,29.27322708254806,33.57595894166196,30.895348999999992,23.944419139993865
38,28.654,29.27322708254806,30.59959940608378,27.662571999999983,25.925906283182513
38,28.758,29.27322708254806,31.66322133987453,37.06459,26.159097798222202
38,28.578,29.27322708254806,32.76874110582755,31.79123099999999,24.854983019924497
38,28.364,29.27322708254806,33.37398821848834,36.411449999999995,26.78691092720558
38,28.15,29.27322708254806,30.4886893370182,29.038311999999998,24.510407304987236
38,27.905,29.27322708254806,31.329249520414056,26.957490000000004,22.77101006141441
38,27.691,29.27322708254806,29.54816948623024,38.652699999999996,27.995829976356557
38,27.473,29.27322708254806,31.748021201940883,38.308790000000016,28.488588011383023
38,27.26,29.27322708254806,30.486218903653786,38.913010000000014,29.209241212553344
38,27.017,29.27322708254806,32.33983643777883,32.80350000000001,24.916664189955373
38,26.865,29.27322708254806,32.1571222473438,34.363211,26.62475986225004
38,26.647,29.27322708254806,31.66607684866308,36.37756000000001,27.445917994653193
38,26.437,29.27322708254806,32.97629211004399,36.248411999999995,27.318905135590477
38,26.218,29.27322708254806,32.72929212611822,35.710059999999984,24.958582280183244
38,23.513,29.27322708254806,31.385477093554893,30.340125000000004,23.974343681379935
38,23.982,29.27322708254806,32.992597165138285,26.400782000000003,22.619845968519552
38,24.369,29.27322708254806,31.159683653987663,30.46658199999999,22.05823682089103
38,24.896,29.27322708254806,31.62977848278248,34.392829999999975,23.55906329362597
38,25.424,29.27322708254806,34.22720041837361,27.809044000000004,22.20382539818313
38,25.828,29.27322708254806,29.217276033529664,26.94915399999999,23.575263075601715
38,26.281,29.27322708254806,35.86715368743516,29.06632699999999,22.96832450181533
38,26.743,29.27322708254806,36.09124699032306,33.634872,25.262919438783463
38,27.214,29.27322708254806,34.35452198588522,31.681131999999987,23.98224904671212
38,27.667,29.27322708254806,33.994606205801205,27.269440000000003,23.540632487501647
38,28.127,29.27322708254806,28.44992807554955,24.415789999999994,24.1896346224741
38,28.655,29.27322708254806,31.697377411590463,31.387850999999987,25.929428312021145
38,28.758,29.27322708254806,34.62971760901994,28.871580000000005,23.427401607909474
38,28.578,29.27322708254806,32.39754597525026,29.11299,23.470512081461255
38,28.364,29.27322708254806,32.85281270254235,32.93148999999998,26.926253364578617
38,28.15,29.27322708254806,29.65549621016345,32.880803,25.796851879750555
38,27.905,29.27322708254806,32.51791354850844,29.19982999999999,25.059946301253728
38,27.691,29.27322708254806,35.08387647632255,36.716960000000014,27.355823414841673
38,27.473,29.27322708254806,37.00918498045646,38.448539999999994,27.29810519626823
38,27.26,29.27322708254806,34.925866477607016,35.81923,27.193098939652455
38,27.017,29.27322708254806,30.488028490178586,26.434072000000004,24.490938484901218
38,26.865,29.27322708254806,34.48530301177338,27.228059999999992,25.580416974207754
38,26.647,29.27322708254806,32.26255044629146,33.774311000000004,25.502834406340924
38,26.437,29.27322708254806,29.65864507670185,33.96246099999999,26.09994108971796
38,26.218,29.27322708254806,33.52605240776089,34.77427199999999,25.25033509277974
38,23.513,29.27322708254806,32.04219410725779,30.859026000000014,22.21839167001529
38,23.982,29.27322708254806,31.611488283057056,32.049277000000004,23.455382805962877
38,24.369,29.27322708254806,31.53629396505241,33.02090899999999,23.78516331519553
38,24.896,29.27322708254806,33.614144730602405,32.979119999999995,23.68726177584937
38,25.424,29.27322708254806,31.340897285656112,27.734248,22.21772511237076
38,26.281,29.27322708254806,32.40331962307246,33.953063,25.044395406491432
38,26.743,29.27322708254806,33.81359581788374,34.22703699999999,25.659352923601904
38,27.214,29.27322708254806,32.845230116300925,33.761961,25.33157757492321
38,27.667,29.27322708254806,31.85037559217896,34.647090000000006,25.111814709388288
38,28.127,29.27322708254806,28.61047426931447,34.863379999999985,26.116313065583267
38,28.655,29.27322708254806,30.260391178351593,34.28539899999998,26.125633818240416
38,28.758,29.27322708254806,35.67061081990866,35.32107999999998,25.846198218970112
38,28.578,29.27322708254806,37.98621779768725,36.34134999999998,26.684559762004547
38,28.364,29.27322708254806,30.164809826208675,37.49813999999999,26.375520151814662
38,28.15,29.27322708254806,34.86911187254508,34.43064,26.228367191171422
38,27.905,29.27322708254806,33.54868774536726,37.164553,26.53631447675976
38,27.691,29.27322708254806,34.349662281783466,36.08914899999999,27.712012490728437
38,27.473,29.27322708254806,33.94063244695809,37.64301,26.414105035557043
38,27.26,29.27322708254806,33.24080733856616,37.814739999999986,28.69266290791745
38,27.017,29.27322708254806,35.2250389548094,35.41345999999999,26.76230899148567
38,26.865,29.27322708254806,33.32914031384222,36.50829999999999,27.286163066303292
38,26.647,29.27322708254806,32.48009199264933,38.665910000000004,28.0935994434781
38,26.437,29.27322708254806,28.001931012351136,35.301860000000005,26.07257351368491
38,26.218,29.27322708254806,36.03249058877922,35.90276999999999,25.1801455317807
38,23.513,29.27322708254806,35.06618149999089,31.227084000000012,22.790073212446433
38,23.982,29.27322708254806,30.83514066364126,32.36930199999999,22.454747389593493
38,24.369,29.27322708254806,34.469755533865296,30.167425999999995,22.487427326235014
38,24.896,29.27322708254806,35.13227873320371,33.042290000000015,22.58241161001045
38,25.424,29.27322708254806,30.34441605539895,33.52981,25.090892104788423
38,25.829,29.27322708254806,33.94479000995126,32.93952800000001,23.40393229474174
38,26.281,29.27322708254806,33.49937073412994,31.437444999999993,24.349390276659438
38,26.743,29.27322708254806,34.964576256282,34.48889999999999,24.664337659401397
38,27.214,29.27322708254806,36.4071496609858,32.040071,24.614982192318887
38,27.667,29.27322708254806,33.99292255108882,34.49728899999999,25.54541972627602
38,28.127,29.27322708254806,33.9751459663605,34.93029999999999,25.973854413071276
38,28.655,29.27322708254806,36.14350270942363,34.27872000000001,25.57993781016
38,28.758,29.27322708254806,32.247791980461706,37.08271899999998,26.41425175665521
38,28.578,29.27322708254806,34.540268218673056,32.81371999999999,25.882613133801282
38,28.364,29.27322708254806,33.6597381966537,35.73676999999998,27.549592147186427
38,28.15,29.27322708254806,36.69435767944483,34.234230000000004,26.320059587972604
38,27.904,29.27322708254806,33.805637571935435,35.206189999999985,26.289882909231743
38,27.691,29.27322708254806,34.46068464408792,36.09876,27.343279282075407
38,27.473,29.27322708254806,36.35900905745114,36.033449999999995,26.623928557882284
38,27.26,29.27322708254806,34.10255104237224,37.095469999999985,26.50082971931678
38,27.017,29.27322708254806,36.67009218846151,35.37501999999999,27.44428627360595
38,26.865,29.27322708254806,35.44876649789456,36.34727999999999,27.83522750787774
38,26.647,29.27322708254806,32.38012956386547,36.157939999999996,27.422749032054455
38,26.437,29.27322708254806,35.325346534633276,34.416713,27.855594240845598
38,26.218,29.27322708254806,34.78307553969782,36.07155000000001,25.783355377735592
39,34.044,27.64182216990017,27.305368658135095,20.839982999999997,23.950779253352675
39,34.489,27.64182216990017,27.0028346527764,20.00882299999999,22.87723653563454
39,35.107,27.64182216990017,27.135160164809054,21.36957499999999,23.961705992522365
39,35.896,27.64182216990017,28.008260800375574,20.200020999999996,23.245819348431286
39,36.399,27.64182216990017,31.957155961290958,21.809549999999994,25.327575642956564
39,36.929,27.64182216990017,30.1147162102046,19.829470999999998,22.01649765385819
39,37.55,27.64182216990017,29.790072408629122,21.54753,22.60878138979764
39,38.164,27.64182216990017,26.90667334821654,22.960260999999992,25.36582862283162
39,38.788,27.64182216990017,30.66611170357787,21.229844999999987,22.995662546936344
39,39.408,27.64182216990017,32.67893721222586,20.418154999999988,23.439272828558053
39,40.013,27.64182216990017,28.766460560138434,23.283579999999986,23.60398367953394
39,40.627,27.64182216990017,21.83178193462155,22.40252199999999,23.22723546027305
39,41.241,27.64182216990017,27.701770494269184,22.91508,23.229096741557154
39,41.856,27.64182216990017,29.4087140516348,22.248279999999994,24.156611766000598
39,42.182,27.64182216990017,28.78317960056673,22.029253000000004,23.967745070547153
39,42.47,27.64182216990017,31.169055445762694,24.905331999999998,26.357608839241774
39,42.754,27.64182216990017,23.50785763650775,16.96122099999999,23.748913076532407
39,42.936,27.64182216990017,27.43636681006407,22.397609999999997,24.26487622122159
39,43.104,27.64182216990017,16.93316285935399,21.770674999999994,23.070658237517492
39,43.332,27.64182216990017,28.790666899455154,21.100872999999996,24.030040824937075
39,43.563,27.64182216990017,31.435103642586718,22.05225,24.449932572669397
39,43.828,27.64182216990017,31.023612602266383,24.498637999999985,24.587423593942205
39,44.027,27.64182216990017,25.23392203914877,19.465483,25.12620683671351
39,44.298,27.64182216990017,28.56732046653067,23.040555999999995,25.029019373527586
39,34.044,27.64182216990017,26.586128273180023,21.253184999999984,24.29958552804531
39,34.489,27.64182216990017,26.919096041158546,21.265271999999992,23.05869633391363
39,35.107,27.64182216990017,26.711375438576823,21.241949999999992,23.823176440820568
39,35.896,27.64182216990017,27.839889243871664,21.49380999999999,23.90800126068517
39,36.399,27.64182216990017,27.201907728907422,21.996633000000006,25.564810759245
39,36.929,27.64182216990017,29.556685611106023,22.233605,23.436370703442563
39,37.55,27.64182216990017,26.494895772460918,25.388072999999995,27.214153085280675
39,38.165,27.64182216990017,24.640617306496182,25.742891000000004,26.46391837499812
39,38.788,27.64182216990017,28.809068484285604,22.097399999999993,22.733762129109483
39,39.408,27.64182216990017,27.679934115133094,23.910357999999995,26.57693691479037
39,40.013,27.64182216990017,27.807128435655436,24.049089999999982,25.88218201618697
39,40.627,27.64182216990017,29.302423166754963,22.024418999999988,24.769408760520403
39,41.241,27.64182216990017,27.130850349483342,23.888874999999988,24.612674606945536
39,41.856,27.64182216990017,30.88853470917519,22.337715999999997,23.73886334087269
39,42.182,27.64182216990017,29.38265040681831,23.98027800000001,25.12428506094488
39,42.47,27.64182216990017,27.763769315020436,24.778464999999994,27.915333607128012
39,42.754,27.64182216990017,24.935312362893363,20.508721,23.787512461107223
39,42.936,27.64182216990017,25.629209417697115,28.511106000000005,29.948816761479858
39,43.104,27.64182216990017,29.965473208215105,24.418457999999998,26.5853803011015
39,43.332,27.64182216990017,27.589719626291448,23.498240000000006,24.742734810240243
39,43.563,27.64182216990017,29.354170625803583,24.943012000000003,23.79671747250159
39,43.828,27.64182216990017,27.91423492411714,22.949658999999993,24.340042758326206
39,44.027,27.64182216990017,26.77689107927268,23.677229,27.030025869872933
39,44.298,27.64182216990017,27.72327236961694,23.124459000000005,26.891166960212352
39,34.044,27.64182216990017,26.216259511642363,21.98748799999999,25.599765144338143
39,34.489,27.64182216990017,26.937845612455156,20.64160899999999,22.536080153183246
39,35.107,27.64182216990017,27.130779276468456,21.390708999999994,23.335542894173464
39,35.896,27.64182216990017,26.0597265519703,21.59798599999999,21.774933872148395
39,36.399,27.64182216990017,25.431890479134125,21.727846999999993,23.58228123812007
39,36.929,27.64182216990017,26.771647652370707,22.861507000000007,24.42013779606152
39,37.55,27.64182216990017,24.93969286106095,21.533673,23.81370650303666
39,38.165,27.64182216990017,25.61924458458267,25.181252,27.48588829146177
39,38.788,27.64182216990017,28.328772962557785,23.703342,26.21425253968465
39,39.408,27.64182216990017,27.663978858733334,24.404565999999996,26.694790028153342
39,40.013,27.64182216990017,26.6790458862099,24.88572699999999,26.60710767243449
39,40.628,27.64182216990017,27.780661464375246,25.580822999999995,27.349806641179324
39,41.241,27.64182216990017,32.363218895099656,22.879833999999992,25.228900729162095
39,41.856,27.64182216990017,31.066593255662962,23.154914999999995,24.046029038435087
39,42.182,27.64182216990017,30.253197259794206,22.188906000000003,24.13110596976034
39,42.47,27.64182216990017,28.857715773281846,27.687828999999997,30.11701086649349
39,42.754,27.64182216990017,23.16632759845667,17.688687999999996,22.955341781672047
39,42.936,27.64182216990017,25.812009903354873,28.759925999999982,29.786168727162973
39,43.104,27.64182216990017,32.48482199139193,24.841106999999987,28.075781618734776
39,43.332,27.64182216990017,28.22869909964766,24.951108999999988,26.598528351262207
39,43.563,27.64182216990017,26.84426135677953,24.572903,24.576619542730548
39,43.828,27.64182216990017,26.90869859254556,23.307820000000003,25.07931187354108
39,44.027,27.64182216990017,29.07598421400326,23.194267,24.790618576135188
39,44.298,27.64182216990017,31.35529002319022,23.606759999999998,26.16008668275968
39,34.044,27.64182216990017,28.397941481636526,20.686372999999993,22.90516116147393
39,34.49,27.64182216990017,28.12265220890857,21.611780999999993,21.61986532570969
39,35.107,27.64182216990017,28.829141835157586,21.791525999999994,23.83198454368641
39,35.896,27.64182216990017,25.834398234936334,20.03585899999998,22.44195747550417
39,36.399,27.64182216990017,27.13572495982046,21.553393999999994,23.310992779507835
39,36.93,27.64182216990017,28.289491956041143,22.614016999999993,23.843019598070722
39,37.551,27.64182216990017,28.91303064593513,20.016323999999997,22.591885235978747
39,38.165,27.64182216990017,28.273809157240898,23.224057999999996,25.765314347267303
39,38.788,27.64182216990017,29.312028786116898,22.27330099999999,23.554878017367237
39,39.408,27.64182216990017,27.968434153140667,23.388408999999992,24.421614147579945
39,40.013,27.64182216990017,32.15760920780038,22.47412,24.869027132033125
39,40.628,27.64182216990017,23.444091214928115,21.202882999999993,24.213767448387003
39,41.241,27.64182216990017,26.093740574387084,23.385884999999995,25.363158814864512
39,41.857,27.64182216990017,33.359581521737034,21.421173999999993,24.02911451224949
39,42.183,27.64182216990017,24.244423296101573,21.039479999999994,23.938827662767224
39,42.47,27.64182216990017,30.133379862154463,26.359149,26.542015637307223
39,42.754,27.64182216990017,22.50932738189237,18.287673999999996,21.141905146730668
39,42.936,27.64182216990017,24.8333734755975,24.060718999999995,25.831088494570167
39,43.104,27.64182216990017,28.8296101056502,22.060112,24.065248604280857
39,43.563,27.64182216990017,26.471013471312165,23.156329000000007,24.43180852551528
39,43.828,27.64182216990017,26.564635889144263,22.37671,23.599168893914648
39,44.027,27.64182216990017,26.448637531807723,21.841429999999995,22.85069917033033
39,44.298,27.64182216990017,31.05729762994636,22.752787999999992,23.883194896895862
39,34.044,27.64182216990017,28.929974703272887,20.567945000000005,23.435968555098466
39,34.49,27.64182216990017,29.364535482563703,21.838542999999987,24.7360373225311
39,35.107,27.64182216990017,28.214931067399593,22.09653799999999,24.58673122556199
39,35.896,27.64182216990017,30.037295277970543,20.969178000000003,22.525889805270495
39,36.399,27.64182216990017,27.369845483744683,23.54096,27.49152105239202
39,36.93,27.64182216990017,28.568398079662625,22.783173,26.166123865081456
39,37.551,27.64182216990017,26.405289682791114,25.48754800000001,29.262641666948483
39,38.165,27.64182216990017,28.602805165402334,24.312581999999985,25.734669981137717
39,38.788,27.64182216990017,30.411528838793494,22.03325499999999,23.316048098361524
39,39.408,27.64182216990017,29.770013892811118,23.36390099999999,26.078911131632225
39,40.013,27.64182216990017,30.069337917543,24.07870299999999,25.62081479766661
39,40.628,27.64182216990017,30.395214840110917,23.686445,26.622938987802215
39,41.242,27.64182216990017,33.456298203964224,23.226131,23.87767528443868
39,41.857,27.64182216990017,32.35113808935239,26.52657299999999,28.258820277657097
39,42.183,27.64182216990017,28.149311186265518,22.605894000000006,24.159668422980854
39,42.471,27.64182216990017,30.748368642379276,28.567347999999992,30.295749169953712
39,42.754,27.64182216990017,22.844567349515803,22.535606,24.63921378289365
39,42.936,27.64182216990017,27.484871320967304,26.79665099999998,25.613289908245783
39,43.104,27.64182216990017,30.881576988541777,22.950537999999998,26.58447873595088
39,43.333,27.64182216990017,28.23939507930375,24.037818999999992,25.853005939890835
39,43.563,27.64182216990017,31.559580999245814,25.641149999999996,26.769121026298016
39,43.828,27.64182216990017,30.864440506182028,24.720946999999995,27.278880100321388
39,44.027,27.64182216990017,29.09096261140394,23.457334999999986,26.838501437005714
39,44.298,27.64182216990017,30.328198902746117,23.662791000000006,24.608873613298854
39,34.044,27.64182216990017,32.07624814899271,21.490450999999997,23.543359086552837
39,34.49,27.64182216990017,29.205074468549206,23.024329999999985,26.356210620799015
39,35.107,27.64182216990017,28.207154915956405,21.76376099999999,24.208102665585397
39,35.896,27.64182216990017,25.059527716682606,24.71668,23.848264748147397
39,36.399,27.64182216990017,30.47768488893415,23.903829,26.650161725052488
39,36.93,27.64182216990017,27.67868086217566,23.118884999999995,25.767467539353277
39,37.551,27.64182216990017,29.04112052851183,24.767178999999995,28.445572224470276
39,38.165,27.64182216990017,29.3377771498557,24.400099,29.254458851334583
39,38.788,27.64182216990017,28.57012860060389,24.33609999999999,24.90859543793209
39,39.408,27.64182216990017,29.111797499144014,27.413356000000004,28.380528483745255
39,40.013,27.64182216990017,30.236691812419906,24.401732999999993,26.28497518377103
39,40.628,27.64182216990017,29.203129083753343,24.22309999999999,26.012854299781125
39,41.242,27.64182216990017,30.49773775767499,23.342041999999992,26.51239246763427
39,41.857,27.64182216990017,31.251804015011945,27.65360499999998,31.872042962328607
39,42.183,27.64182216990017,30.35114162106923,25.166651000000012,26.189318007710575
39,42.471,27.64182216990017,30.18388884423313,28.46870999999999,27.870649882516258
39,42.754,27.64182216990017,26.766662174543026,22.399784,25.414476956185908
39,42.936,27.64182216990017,33.957084355000546,24.32357700000001,25.091471450653085
39,43.104,27.64182216990017,29.67629130240693,26.19875499999999,29.163176704037983
39,43.333,27.64182216990017,28.537426381532487,26.118216000000007,26.508360625456117
39,43.563,27.64182216990017,28.60833091569082,28.47018399999999,27.518685162035535
39,43.828,27.64182216990017,31.666474476325302,26.455438000000008,28.271022049588428
39,44.027,27.64182216990017,28.97331198983418,23.580955999999997,25.54311863271356
39,44.298,27.64182216990017,32.87194250367907,23.724041000000007,26.896848662566114
40,26.17,28.88311002449595,44.46384927267984,38.173849999999995,38.92035764098969
40,26.323,28.88311002449595,40.820858843207446,37.033710000000006,31.615277904357434
40,26.477,28.88311002449595,40.432339124050195,36.63026000000001,38.147622505977814
40,26.785,28.88311002449595,44.5495147785758,37.75985999999998,36.473269075021
40,26.961,28.88311002449595,40.636200314109594,33.10326,35.981715842191484
40,27.114,28.88311002449595,37.84645431113213,32.50141000000003,31.97015804521001
40,27.246,28.88311002449595,42.604996654977775,38.067269999999986,34.916167720207376
40,27.424,28.88311002449595,41.31887985687615,33.91777000000001,33.445879493623
40,27.576,28.88311002449595,41.12720892588698,36.00503999999999,31.622478828713206
40,27.73,28.88311002449595,41.42135856283886,35.254009999999994,31.247799929627373
40,27.95,28.88311002449595,41.537452437186644,34.70914000000002,30.633487861453347
40,27.49,28.88311002449595,40.448630797394486,30.902290000000004,30.514139944719513
40,26.964,28.88311002449595,42.99912699929416,33.81982000000001,32.72960071971506
40,26.569,28.88311002449595,46.50486914854942,40.19006,31.920308342307035
40,26.105,28.88311002449595,41.48320333010453,39.02362000000002,32.68498528742851
40,25.578,28.88311002449595,44.181644144845805,38.958380000000005,32.31093565379083
40,24.87,28.88311002449595,42.180504591595515,37.98384000000004,32.41043539055871
40,24.657,28.88311002449595,41.300568421418234,31.92625000000001,30.447734266211963
40,24.198,28.88311002449595,41.626879635774095,31.699020000000004,27.671766576260254
40,23.864,28.88311002449595,41.15409941838881,35.24703,34.44768328195828
40,23.272,28.88311002449595,43.54009964637412,38.34912,35.363067377633385
40,22.811,28.88311002449595,43.09273674732282,40.86859,33.613460470395836
40,22.349,28.88311002449595,40.94628708476354,39.204959999999986,32.686633145362876
40,26.17,28.88311002449595,40.56318386528411,37.36729000000001,36.339099351410745
40,26.323,28.88311002449595,41.75577004405643,35.80938999999999,36.5056219666554
40,26.477,28.88311002449595,36.31942308480862,36.25186,33.63462929379279
40,26.785,28.88311002449595,41.67139436095965,38.783229999999996,35.378068718882815
40,26.961,28.88311002449595,40.460195132602465,34.05138999999999,31.911077110680292
40,27.114,28.88311002449595,39.505720636730445,31.769560000000016,30.795334903941967
40,27.246,28.88311002449595,42.826601821793446,33.58982,32.05139603930641
40,27.424,28.88311002449595,36.83675164580226,35.51916,31.060698842468927
40,27.576,28.88311002449595,46.60163854550639,38.09018999999999,32.349296994857106
40,27.73,28.88311002449595,40.33093644621526,31.25695000000001,29.638251570773306
40,27.95,28.88311002449595,39.56032400694954,34.28558000000001,26.813635415739384
40,27.49,28.88311002449595,43.540018860982144,36.805000000000035,32.81129369919691
40,26.964,28.88311002449595,41.46369797923161,32.11722000000002,28.4494898475647
40,26.569,28.88311002449595,46.43499329055255,37.85175000000001,31.29626110757242
40,26.105,28.88311002449595,42.75365068126246,37.66985000000002,31.947196821890433
40,25.578,28.88311002449595,38.650055541062834,31.767200000000003,28.689525820097884
40,24.87,28.88311002449595,42.856451175109456,37.06384,26.518755123141162
40,24.657,28.88311002449595,42.63297976007396,33.48490999999999,30.889426128676366
40,24.198,28.88311002449595,41.267213564879206,33.48415000000001,27.80007434155358
40,23.864,28.88311002449595,39.88755050422816,31.72200000000001,31.62657350677138
40,23.272,28.88311002449595,43.33603362842372,33.47859000000001,28.921145904378715
40,22.811,28.88311002449595,44.44056954024923,34.00907999999999,31.911157378106488
40,22.349,28.88311002449595,40.37175305768835,38.821540000000006,32.377209986150596
40,26.17,28.88311002449595,36.988462222358706,35.38255999999999,34.660597862645275
40,26.323,28.88311002449595,39.759885055409505,35.718889999999995,31.666135704230484
40,26.477,28.88311002449595,35.52832077476337,34.60146000000001,32.43034927040141
40,26.631,28.88311002449595,39.967268093706565,36.92085000000002,36.10723321948936
40,26.785,28.88311002449595,42.11793918644995,36.782699999999984,35.63939145307399
40,26.961,28.88311002449595,39.96610553658015,37.42347000000001,33.237764228696086
40,27.114,28.88311002449595,39.39454743449076,31.731880000000004,32.37901059922239
40,27.246,28.88311002449595,40.177648339316306,32.41435000000002,26.547152662524464
40,27.424,28.88311002449595,40.884050086984544,36.43148000000001,27.744010014551957
40,27.576,28.88311002449595,40.23879897730716,33.675300000000014,25.48088253345781
40,27.73,28.88311002449595,42.38607635334718,35.11238000000003,31.4686698682266
40,27.95,28.88311002449595,40.83125291445992,36.92516,31.89712503215493
40,27.49,28.88311002449595,38.66384465098082,31.38355000000001,30.768323905407893
40,26.964,28.88311002449595,41.23823556593967,35.94058000000001,30.36452731369439
40,26.569,28.88311002449595,43.71715065404168,40.86756,28.696702610658754
40,26.105,28.88311002449595,40.157655725906466,36.597990000000024,29.453597136006547
40,25.578,28.88311002449595,41.723169253757746,37.04771,32.00115985626216
40,24.87,28.88311002449595,41.38836192441097,32.32048,27.811056260887938
40,24.657,28.88311002449595,42.681633668545665,32.19485999999999,28.87499223157568
40,24.198,28.88311002449595,41.14707676999708,38.95214000000002,29.51164338826966
40,23.864,28.88311002449595,40.76943290764923,37.54415000000002,32.04431981686697
40,23.272,28.88311002449595,42.380767908839374,32.92594000000001,28.780496114098945
40,22.811,28.88311002449595,43.276152290616416,35.10840999999999,28.842557941524177
40,22.349,28.88311002449595,43.33040327128365,40.58942,34.52869893650666
40,26.17,28.88311002449595,37.836811958045274,37.63209000000002,35.753670159409246
40,26.323,28.88311002449595,41.12073747002819,37.84498999999999,36.84971592892216
40,26.477,28.88311002449595,40.8976718665357,37.36206000000001,39.405674411560184
40,26.631,28.88311002449595,40.84718934347438,35.304800000000014,34.146992661945916
40,26.785,28.88311002449595,38.25890777306671,32.21810999999998,28.911470936658795
40,26.961,28.88311002449595,38.75454540749837,33.92257000000001,34.0110059357297
40,27.114,28.88311002449595,37.71847192671268,32.05804,29.990045540123276
40,27.246,28.88311002449595,42.03802126783616,38.963809999999995,33.1647503152405
40,27.424,28.88311002449595,40.354339775628404,33.24813000000001,28.58026555876127
40,27.576,28.88311002449595,41.192842603774224,37.16735999999998,33.20302969988324
40,27.73,28.88311002449595,38.29547674616846,35.42858000000002,28.9446397540843
40,27.95,28.88311002449595,39.30425834887192,34.82578,28.954192151380198
40,27.489,28.88311002449595,41.474269305238394,32.33773999999998,30.32104795210147
40,26.963,28.88311002449595,41.1179352897581,36.52393000000002,27.609116246453777
40,26.569,28.88311002449595,44.75092096363354,37.95923000000001,27.887931441810732
40,26.104,28.88311002449595,39.94477340641494,35.26105000000001,30.294409430502032
40,25.578,28.88311002449595,39.84916787146898,35.454209999999996,27.79356158868943
40,24.87,28.88311002449595,40.60530742317337,37.59216200000002,31.71253235593593
40,24.657,28.88311002449595,41.65749254230712,32.50558999999999,30.535869652998056
40,24.198,28.88311002449595,42.12539324969799,36.509019999999985,29.643628258253393
40,23.863,28.88311002449595,43.09802254641898,37.43250000000003,33.49563173781555
40,23.272,28.88311002449595,41.67111978902168,33.805110000000006,31.697514753685603
40,22.81,28.88311002449595,43.83880149164689,33.238113,30.31205067100881
40,22.349,28.88311002449595,45.52420376784221,41.74933999999998,36.82998827610839
40,26.17,28.88311002449595,37.79258837544586,35.25411,34.77698222300768
40,26.323,28.88311002449595,37.88695039857223,36.06432000000001,33.938904375170004
40,26.477,28.88311002449595,36.0908786436872,32.62673999999999,31.12272348429053
40,26.631,28.88311002449595,39.5846114147,32.363199999999985,30.45283257813811
40,26.785,28.88311002449595,38.690235268863304,33.223532,33.01202972080191
40,26.961,28.88311002449595,41.661865560705166,34.66632999999999,31.687045760863533
40,27.114,28.88311002449595,40.25000163303221,35.685860000000005,30.726092982764406
40,27.246,28.88311002449595,42.762950081582076,37.36319999999999,29.46982608486689
40,27.424,28.88311002449595,39.31420962783065,30.757430000000003,26.8897946596056
40,27.576,28.88311002449595,39.971733074019134,36.28597000000003,30.75345643735593
40,27.73,28.88311002449595,40.894296690906984,32.68258000000001,29.61575480899755
40,27.95,28.88311002449595,41.26568893539185,32.42801,26.98936819166503
40,27.489,28.88311002449595,39.601315133622855,30.139110000000002,26.90471461943476
40,26.963,28.88311002449595,40.86925809977425,32.37161000000001,26.400142155585222
40,26.569,28.88311002449595,45.275598911524554,38.10746,29.697318407457708
40,26.104,28.88311002449595,41.15422664751456,31.977210000000017,25.729173083710187
40,25.578,28.88311002449595,40.757681860080396,33.84568000000001,26.569766709312468
40,24.87,28.88311002449595,45.084579555376386,33.39642000000001,29.231723273683368
40,24.657,28.88311002449595,44.351390427548814,35.01538999999998,30.170822862999554
40,24.198,28.88311002449595,43.73489869841305,39.98110000000001,31.28005899441735
40,23.863,28.88311002449595,41.02359997851,38.17294000000003,29.31603355465423
40,23.272,28.88311002449595,42.67538841977509,34.21707000000003,29.092545477021485
40,22.81,28.88311002449595,42.44055624782322,32.907250000000005,30.2751848657259
40,22.349,28.88311002449595,42.75238874910448,40.05909999999999,31.189033383131335
40,26.17,28.88311002449595,41.52547481172096,34.06768999999999,35.27286842474482
40,26.323,28.88311002449595,40.23385324579728,32.63947999999999,30.354202476806346
40,26.477,28.88311002449595,35.78496546915152,33.28801,32.70051516530881
40,26.631,28.88311002449595,42.275580180344484,35.99675,30.944181854875247
40,26.785,28.88311002449595,37.89080197916923,31.710579999999997,29.36046835765356
40,26.961,28.88311002449595,40.16623110400238,33.02466,28.91553876793424
40,27.114,28.88311002449595,38.882960837793085,30.110390000000002,27.536667420190195
40,27.246,28.88311002449595,41.332005515971595,31.501390000000004,28.09373992142421
40,27.424,28.88311002449595,40.17543381737731,32.83107000000002,27.49011443917417
40,27.576,28.88311002449595,38.58924120147347,35.14070000000002,28.867666896272226
40,27.73,28.88311002449595,41.149232959793856,35.08482000000003,25.836680647105197
40,27.95,28.88311002449595,39.15530745412343,33.42389000000001,26.421435981948292
40,27.489,28.88311002449595,40.892945908048446,30.583440000000014,25.34910123905019
40,26.963,28.88311002449595,42.11202379825485,35.331550000000014,25.78975484096465
40,26.569,28.88311002449595,41.604396034518764,33.00727000000002,27.16400765403497
40,26.104,28.88311002449595,41.04676450038457,31.86158000000002,26.00570241400394
40,25.578,28.88311002449595,40.90527157393926,32.13816,26.035329640988717
40,24.87,28.88311002449595,41.30240237413413,32.384620000000005,27.128766399267928
40,24.657,28.88311002449595,43.279604032696675,33.925410000000014,28.50604847149172
40,24.198,28.88311002449595,44.32097199940333,40.26786000000001,30.418271237835782
40,23.863,28.88311002449595,41.5628722391012,31.692950000000007,29.085179906744955
40,23.272,28.88311002449595,40.9082334251767,33.14682000000001,29.104602169280707
40,22.81,28.88311002449595,42.844677041984134,34.00298,30.696196947062163
40,22.349,28.88311002449595,39.292710256441566,33.59141999999999,28.285486772003892
41,37.211,28.84628394270637,26.332824734453812,25.713579999999993,24.76362081309067
41,37.635,28.84628394270637,26.403083122354627,24.212569999999992,22.56411600552428
41,38.23,28.84628394270637,25.73962354710042,25.03541999999999,22.103909959823834
41,38.835,28.84628394270637,23.785776598217687,23.821049999999985,21.89560973717317
41,39.417,28.84628394270637,25.336788494727966,26.195949999999986,24.191734453821482
41,40.012,28.84628394270637,24.722773313356274,24.611209999999996,23.961207250163987
41,40.61,28.84628394270637,24.30655123585479,26.709760000000003,25.194103943094504
41,41.204,28.84628394270637,24.92735357669073,26.70257999999999,25.759876834620954
41,41.806,28.84628394270637,26.191829563499095,26.787119999999994,26.053972572373855
41,42.401,28.84628394270637,24.29506561760598,26.822959999999995,26.915687636653953
41,42.984,28.84628394270637,25.40133348897873,25.30015,25.26252667448988
41,43.579,28.84628394270637,22.75680620989195,25.691719999999997,24.98965738801329
41,44.174,28.84628394270637,26.09037479054426,30.08233,27.98051263337549
41,44.771,28.84628394270637,24.86344812098166,26.188489999999987,25.182646595778014
41,45.364,28.84628394270637,25.53173950652397,27.62093000000001,27.407689662343937
41,45.957,28.84628394270637,27.12375719975873,28.595559999999995,28.697647005107555
41,42.515,28.84628394270637,24.498937815808866,26.946669999999987,24.921849994330763
41,45.727,28.84628394270637,27.75706273655253,27.083299999999994,26.166330031793407
41,45.438,28.84628394270637,27.613115114656505,26.763239999999996,27.405706560707433
41,45.146,28.84628394270637,27.71632942440444,26.734449999999992,27.348759576456143
41,44.853,28.84628394270637,27.25081804223969,28.391299999999998,27.973283446306215
41,44.562,28.84628394270637,27.954994005759747,26.910479999999993,28.20466653279283
41,44.265,28.84628394270637,24.819127432559824,27.036889999999993,25.96437115228178
41,43.98,28.84628394270637,25.95980299108357,25.788300000000003,26.26837720538837
41,43.687,28.84628394270637,26.954082283496874,28.0641,28.20211247973408
41,43.354,28.84628394270637,27.081401712200925,28.802999999999987,28.538871477468522
41,42.81,28.84628394270637,26.372779400323296,27.26508999999999,25.211351201405346
41,37.211,28.84628394270637,25.33376109857409,26.09521,24.323759590547816
41,37.635,28.84628394270637,24.813810375047623,24.85185999999999,21.830784609640855
41,38.23,28.84628394270637,23.857583739445573,24.10516999999999,21.928014696045473
41,38.835,28.84628394270637,23.76855039876297,24.549799999999976,22.23936128317374
41,39.417,28.84628394270637,22.07187701732915,24.45693999999998,22.228827342634723
41,40.012,28.84628394270637,23.07039303230078,23.714019999999987,22.651548702063547
41,40.61,28.84628394270637,23.704827219263247,24.867419999999985,22.578039916435007
41,41.204,28.84628394270637,24.51371938135899,25.424060000000004,24.537006507803863
41,41.806,28.84628394270637,25.024934750061675,25.001739999999987,23.72248871132104
41,42.401,28.84628394270637,23.98580846327691,25.941809999999986,24.936597470598628
41,42.985,28.84628394270637,26.386357955406446,26.857169999999996,27.321585452651213
41,43.579,28.84628394270637,24.6746578120827,26.902419999999992,26.527152849700624
41,44.174,28.84628394270637,24.906073631619805,26.375309999999985,25.35042632543705
41,44.771,28.84628394270637,26.43173655345648,27.62972,27.00689910638525
41,45.364,28.84628394270637,23.970862176532,28.0728,26.20545179479917
41,45.957,28.84628394270637,25.946702297311617,27.67508999999999,28.118820492384014
41,42.515,28.84628394270637,23.74276080166883,27.075069999999982,25.15558533952505
41,45.727,28.84628394270637,24.34484567184139,26.021089999999994,25.71262043777064
41,45.438,28.84628394270637,26.57155922255713,26.88170999999998,28.289672025769633
41,45.146,28.84628394270637,26.865676494407452,25.664839999999995,26.486458627556598
41,44.853,28.84628394270637,27.080096573801704,26.561439999999997,27.696298996512883
41,44.562,28.84628394270637,26.22878540467619,29.84471999999998,28.382574634078352
41,44.265,28.84628394270637,25.097475541236626,26.343039999999984,26.168527998472587
41,43.98,28.84628394270637,27.907013778639644,27.46567999999999,27.762062909899385
41,43.687,28.84628394270637,27.408073391328514,26.35780999999999,26.29270437675533
41,43.354,28.84628394270637,28.0749608052136,29.521439999999988,29.467106426605266
41,43.104,28.84628394270637,26.777347793120068,26.393159999999995,25.85058239792159
41,42.81,28.84628394270637,26.794471515457477,26.61126,25.00129025012202
41,37.211,28.84628394270637,25.092794723301395,25.40771999999999,25.359042515996617
41,37.635,28.84628394270637,24.583708318650217,24.15916999999999,21.41404444258768
41,38.23,28.84628394270637,26.08628491018684,24.809699999999992,24.661646202204395
41,38.835,28.84628394270637,21.990830198408876,24.625059999999984,22.687659122350055
41,39.417,28.84628394270637,22.342795149152867,24.357319999999994,22.58820308172378
41,40.012,28.84628394270637,25.288078962223825,26.159379999999988,24.927594635622917
41,40.61,28.84628394270637,22.062390903335114,24.02569,23.044250936559163
41,41.204,28.84628394270637,26.402328078990312,25.785809999999998,25.19194941365565
41,41.806,28.84628394270637,23.187023465788876,24.740899999999982,23.437908545714357
41,42.401,28.84628394270637,24.20968487840349,25.17896999999999,24.746882734052303
41,42.985,28.84628394270637,25.338377068109626,25.554799999999986,24.88513405098232
41,43.579,28.84628394270637,25.793246544543393,25.583389999999998,26.36772125697049
41,44.174,28.84628394270637,27.25026592419473,27.56577,28.25163182854206
41,44.771,28.84628394270637,26.219594361473966,27.052290000000013,27.00689910638525
41,45.364,28.84628394270637,21.88725359775205,27.10571999999999,25.339622880991637
41,45.957,28.84628394270637,28.946648886011474,29.583659999999995,30.8869289133049
41,42.515,28.84628394270637,23.34347420184996,26.337139999999994,25.53570845898787
41,45.727,28.84628394270637,28.94730024233379,29.084689999999995,30.404185319425682
41,45.438,28.84628394270637,25.69437884936258,27.525360000000006,27.55738020953824
41,45.146,28.84628394270637,27.55236746163224,27.379550000000012,26.889534065399413
41,44.853,28.84628394270637,28.75434785730178,31.324519999999996,30.283619567657258
41,44.562,28.84628394270637,26.256285228074216,26.63728999999998,26.133484311701842
41,44.265,28.84628394270637,29.761174402365004,29.593919999999994,28.42201036132541
41,43.687,28.84628394270637,28.283570928250946,29.771219999999982,29.25292840130607
41,43.354,28.84628394270637,26.327785881546472,26.595429999999993,28.373886880979295
41,43.104,28.84628394270637,26.733988866815466,27.095569999999988,25.747799109492536
41,42.81,28.84628394270637,25.95936447219852,26.72656,24.951580476517826
41,37.211,28.84628394270637,25.211505188461047,24.148849999999992,22.783155730437354
41,37.636,28.84628394270637,25.67150813564085,24.08518,21.783300723363155
41,38.23,28.84628394270637,23.95689473071642,24.27909999999999,21.92908374256473
41,38.835,28.84628394270637,24.47073574672576,24.47403999999998,22.299955506917506
41,39.418,28.84628394270637,23.317307636860836,23.992400000000004,22.368857949142615
41,40.012,28.84628394270637,27.016615668241812,24.86708999999999,22.904805856460325
41,40.61,28.84628394270637,24.795567814576437,25.099950000000003,24.76034936108285
41,41.204,28.84628394270637,22.519349375152153,25.21947999999999,23.37046873025394
41,41.806,28.84628394270637,23.995981634865153,25.91151,24.180313589078974
41,42.401,28.84628394270637,28.334238047392024,27.580450000000006,26.57113524465954
41,42.985,28.84628394270637,24.79750712405,25.735219999999995,24.820596592259633
41,43.579,28.84628394270637,23.516819563426036,28.768450000000016,27.62605348326336
41,44.174,28.84628394270637,25.140433736013758,26.12677,25.190994732706915
41,44.771,28.84628394270637,24.886111433548876,25.602440000000005,25.241329828790583
41,45.364,28.84628394270637,24.32340876882481,26.527249999999995,25.1589981237835
41,45.957,28.84628394270637,27.851207800816628,26.263599999999993,27.97601807117598
41,42.514,28.84628394270637,27.342489477231233,27.14514999999999,26.358032243134932
41,45.727,28.84628394270637,27.756395414631914,27.15661,27.717200812949105
41,45.438,28.84628394270637,25.707261964550487,27.40220999999999,28.491705729000564
41,45.146,28.84628394270637,25.50701629263932,26.632240000000003,27.9954277585451
41,44.853,28.84628394270637,27.224361350658267,27.14354999999999,27.609531834074218
41,44.562,28.84628394270637,25.79642781593798,26.158469999999983,25.98451146479058
41,44.265,28.84628394270637,26.75028832419144,27.075559999999996,26.742184465751553
41,43.98,28.84628394270637,27.01185135610813,30.050379999999986,28.87184320160637
41,43.687,28.84628394270637,27.03478562476154,26.915079999999993,26.278032271092947
41,43.354,28.84628394270637,27.56069080530987,27.616279999999982,28.396103339504197
41,43.104,28.84628394270637,25.029774268412968,26.43217999999999,25.632341110872307
41,42.81,28.84628394270637,25.547492619216456,27.513289999999987,25.4046738360751
41,37.211,28.84628394270637,25.8513496001945,26.82782999999999,26.453717575196336
41,37.636,28.84628394270637,27.920739098230815,26.56465999999999,25.402019235224607
41,38.23,28.84628394270637,25.54654720462983,26.039689999999997,25.56048644327732
41,38.835,28.84628394270637,25.295639807070582,26.471339999999977,26.93922505511662
41,39.418,28.84628394270637,25.040379500684207,26.519449999999985,24.589926775235448
41,40.012,28.84628394270637,26.243453101283123,27.618239999999997,27.44226079804214
41,40.61,28.84628394270637,25.574711921407562,25.491069999999993,25.153762085163397
41,41.204,28.84628394270637,25.06794846195382,27.288330000000002,27.271491262214028
41,41.806,28.84628394270637,23.734869663122442,29.307769999999984,27.239150667573966
41,42.401,28.84628394270637,24.380637091183413,29.475040999999997,29.568722332388433
41,42.985,28.84628394270637,26.732145725422736,32.07634999999999,29.640080317351238
41,43.579,28.84628394270637,26.81039662078296,28.763419999999996,28.592920992842974
41,44.174,28.84628394270637,27.103503105991923,28.891109999999994,29.829196351983626
41,44.771,28.84628394270637,27.12223291299035,29.321450000000006,29.451783439737365
41,45.364,28.84628394270637,30.06701307562255,30.329439999999988,31.106136173945558
41,45.957,28.84628394270637,29.138781024276085,29.665620000000008,29.745150069292304
41,42.514,28.84628394270637,25.71733775951597,27.837809999999994,28.466619553591393
41,45.727,28.84628394270637,28.364912953785808,29.87938,30.591006550244835
41,45.438,28.84628394270637,28.786313760660615,29.116861000000004,31.121350351605063
41,45.146,28.84628394270637,28.591545060804453,29.165680000000002,30.99223242466428
41,44.853,28.84628394270637,30.53351478056553,29.346829999999976,30.708142151619622
41,44.562,28.84628394270637,26.491156230039135,29.407229999999995,30.35487536222528
41,44.265,28.84628394270637,26.175472740292086,29.28240999999999,30.84377276082031
41,43.98,28.84628394270637,29.486454770616604,29.01755999999999,29.49150731052366
41,43.687,28.84628394270637,31.787241713432728,29.170289999999994,31.251654948786836
41,43.354,28.84628394270637,27.503391258574005,29.376439999999985,31.50191050405294
41,43.104,28.84628394270637,27.79603999493,28.968159999999983,29.80849587775293
41,42.81,28.84628394270637,30.645462372350156,32.24117999999999,30.334989060633987
41,37.211,28.84628394270637,25.03144844377959,26.66990999999998,26.85056004777429
41,37.636,28.84628394270637,25.48014777741038,26.794559999999986,25.755535916362188
41,38.231,28.84628394270637,25.6579485094111,27.531779999999998,27.096298843183966
41,38.835,28.84628394270637,25.41784348591254,26.887200000000007,26.628886280205247
41,39.418,28.84628394270637,24.625441017151633,25.568729999999988,25.152875868622868
41,40.013,28.84628394270637,26.34337286230203,27.48166999999999,27.29616059554292
41,40.61,28.84628394270637,26.217452639197163,27.42712999999999,27.784417611276435
41,41.204,28.84628394270637,28.586336534254535,28.021529999999988,27.818146213923878
41,41.806,28.84628394270637,23.940045097285797,29.940739999999987,28.57615495722826
41,42.401,28.84628394270637,24.97046043146101,29.622078000000005,29.61107086652607
41,42.985,28.84628394270637,29.730385461822152,29.557479999999988,29.774796183897074
41,43.579,28.84628394270637,25.56378316117586,29.404969999999985,29.55701227165758
41,44.174,28.84628394270637,26.97052012219731,29.359220000000008,29.582545777828994
41,44.771,28.84628394270637,29.21390597933989,28.934510000000003,29.41849081344946
41,45.364,28.84628394270637,27.599345996244214,29.300660000000004,29.432144227513508
41,45.957,28.84628394270637,30.084959864704228,29.158269999999998,30.006688258282278
41,42.514,28.84628394270637,25.668813269839273,28.09463999999998,28.548664023905218
41,45.727,28.84628394270637,28.459133212157784,29.564440000000005,30.771690686146467
41,45.146,28.84628394270637,26.575222008178606,29.734649999999988,30.63343475027569
41,44.853,28.84628394270637,28.421854292092462,29.380639999999993,30.783989540957116
41,44.562,28.84628394270637,26.485848725991726,28.219459999999994,30.192286507582498
41,44.265,28.84628394270637,28.017032899651706,29.338260000000002,30.512332479664433
41,43.98,28.84628394270637,29.658911583849523,29.091959999999983,31.055709787293388
41,43.687,28.84628394270637,30.79295833831379,29.026509999999988,30.566565923717437
41,43.354,28.84628394270637,27.074778664726065,28.994429999999983,31.170489128059472
41,43.104,28.84628394270637,30.851306611783688,32.0132,31.00229846280468
41,42.81,28.84628394270637,27.297151360879216,29.01715,27.70927074953403
42,28.633,28.88311002449595,28.6466083836226,29.0203,29.134961762859685
42,29.034,28.88311002449595,26.095789241237433,26.140093000000007,25.325489171216017
42,29.835,28.88311002449595,29.591543954324546,27.99147,21.86993019479999
42,30.437,28.88311002449595,26.36375305119535,25.441780000000005,21.459665067154482
42,31.044,28.88311002449595,25.791270750595558,25.02650000000001,18.36446844168472
42,31.636,28.88311002449595,28.598584018129237,26.559779999999986,22.74975192968278
42,32.249,28.88311002449595,25.718156080727525,28.23060000000001,22.404743823100663
42,32.84,28.88311002449595,26.24821130406018,24.049148999999996,21.455987797152257
42,33.452,28.88311002449595,28.004974845310763,24.698349999999976,23.936549216733873
42,34.055,28.88311002449595,24.6862017631074,26.168072,21.15722775986103
42,34.656,28.88311002449595,32.714384963686605,28.62457,26.179013080387005
42,35.862,28.88311002449595,27.466601807095813,22.692159999999998,21.92205630802895
42,36.464,28.88311002449595,29.329700492894986,21.952278999999997,22.667077773447627
42,36.962,28.88311002449595,27.84601867694027,21.832800000000002,24.017100243830107
42,36.452,28.88311002449595,28.209997927031036,23.247709999999987,22.777074683436087
42,36.029,28.88311002449595,28.91533950258224,25.3351,23.590977148193055
42,35.402,28.88311002449595,29.41941233190733,24.717868999999993,24.9772579187889
42,34.979,28.88311002449595,28.493820611954785,23.769079999999995,24.553331297199424
42,34.482,28.88311002449595,29.564898939012956,23.929599,24.739224706634225
42,33.908,28.88311002449595,29.19521864388219,22.346419999999988,24.286897541441153
42,33.485,28.88311002449595,31.80369761282845,28.49208,24.99816859590601
42,32.988,28.88311002449595,30.3957849730803,26.2211,24.813793649540198
42,32.496,28.88311002449595,28.825587862136913,22.906799999999997,25.358333976583804
42,32.007,28.88311002449595,28.81057248467953,29.03811999999999,24.082010496187745
42,31.513,28.88311002449595,30.067836107004194,23.213209999999993,25.338849948975998
42,28.633,28.88311002449595,23.71588687792285,20.846690000000013,24.544415848924316
42,29.034,28.88311002449595,28.083659307759657,26.21096900000001,26.1559782474175
42,29.835,28.88311002449595,25.515797137695525,27.402109999999997,20.601421963493312
42,30.437,28.88311002449595,26.746098222411835,27.721429999999994,21.86555710230102
42,31.044,28.88311002449595,27.661695511385894,27.243059999999996,22.832708228332525
42,31.636,28.88311002449595,24.96744100148685,23.874064999999995,22.300302775461404
42,32.249,28.88311002449595,25.79629533136462,26.66777,22.660926188891175
42,32.84,28.88311002449595,24.21849526603745,25.212722000000003,22.71297499657194
42,33.452,28.88311002449595,27.2833775906839,23.96563999999998,24.0428410594366
42,34.055,28.88311002449595,28.29487004198583,25.76779,22.737786221598736
42,34.656,28.88311002449595,29.005540466224776,23.905839999999998,24.02712162517518
42,35.862,28.88311002449595,24.701273638514216,23.245599000000002,23.559129849635625
42,36.464,28.88311002449595,26.588374896248503,25.527321999999995,23.36157178376231
42,36.962,28.88311002449595,29.935450152388647,23.76415,24.840788829550185
42,36.452,28.88311002449595,29.525723445698343,23.87463999999999,24.423790781629492
42,36.029,28.88311002449595,27.19404524206913,22.40883,24.3523079548116
42,35.402,28.88311002449595,27.647634835121107,24.977149999999998,25.705198684685307
42,34.979,28.88311002449595,28.27840444457719,26.001509999999993,25.74668871994835
42,34.482,28.88311002449595,27.038668435810642,24.72496900000001,25.080803245207736
42,33.908,28.88311002449595,27.11530466567549,23.452100000000005,25.90944219529114
42,33.485,28.88311002449595,26.80909998518415,24.480490000000003,24.666409957776537
42,32.988,28.88311002449595,29.652542492876556,30.44933999999999,25.167747059719037
42,32.495,28.88311002449595,26.474165261827288,24.298788999999996,25.814548938181467
42,32.007,28.88311002449595,27.2531911596766,27.833659999999988,26.254281997264457
42,31.513,28.88311002449595,30.24125761881495,25.63191999999999,26.29934585401447
42,28.633,28.88311002449595,23.83837998419595,26.045642,24.25404503178586
42,29.034,28.88311002449595,25.317777148913677,27.193704999999994,26.055057966206068
42,29.835,28.88311002449595,25.25299135572089,27.73983,21.33031294690396
42,30.437,28.88311002449595,24.896497685484924,26.813360999999997,21.575238506959476
42,31.044,28.88311002449595,26.04849919407393,25.257482999999993,21.16647044644314
42,31.636,28.88311002449595,25.384137762589702,24.736761999999988,22.721946077837806
42,32.249,28.88311002449595,24.607544634684118,23.961109,20.33706415436842
42,32.84,28.88311002449595,27.46260021867856,26.039357999999993,22.95377939528438
42,33.452,28.88311002449595,31.482729314056765,25.64549399999999,22.315107160109886
42,34.055,28.88311002449595,26.13669598770437,24.566052999999993,22.560324742684305
42,34.656,28.88311002449595,26.159065685872164,23.176489999999998,23.69180073963281
42,35.862,28.88311002449595,25.557538763971344,22.600162000000008,24.386784008397655
42,36.464,28.88311002449595,25.723847804559057,25.09033999999999,25.04248328514698
42,36.962,28.88311002449595,27.367405956689307,25.947188999999998,24.0572171354661
42,36.452,28.88311002449595,25.90895136098682,25.404745000000002,23.810060299969432
42,36.029,28.88311002449595,28.577947694696633,22.62976,25.336831639556816
42,35.402,28.88311002449595,26.551180746745388,25.696330000000003,25.271203864337867
42,34.979,28.88311002449595,31.58081306190201,24.696316000000003,24.670136895232996
42,34.482,28.88311002449595,27.39872651670604,24.711380000000016,25.94042405957655
42,33.908,28.88311002449595,27.658907337307078,24.829680000000003,25.381541651188183
42,33.485,28.88311002449595,27.584787425901148,22.670699000000003,24.868811758753424
42,32.988,28.88311002449595,28.897969505399036,23.95447,25.512327594230918
42,32.495,28.88311002449595,28.478322164684215,23.31101899999999,25.75824843799664
42,32.007,28.88311002449595,24.879916965761204,24.120924,25.267790130725636
42,31.513,28.88311002449595,27.373985232307316,23.837099,25.43584732950525
42,28.634,28.88311002449595,24.662258047827464,25.823130000000003,24.411577837363833
42,29.034,28.88311002449595,26.461338252794725,26.78044399999999,26.33602553427468
42,29.835,28.88311002449595,25.220062703315747,24.27723900000001,19.71309751855719
42,30.437,28.88311002449595,25.408234080457603,27.063947999999986,21.67832703803347
42,31.044,28.88311002449595,28.874272053998265,28.282330000000005,22.502767901886067
42,31.636,28.88311002449595,23.782644957480635,24.82417,21.528135697547626
42,32.249,28.88311002449595,25.343629017901353,26.88606,22.263837435117182
42,32.84,28.88311002449595,26.031678179227818,26.170601,22.40371013990272
42,33.453,28.88311002449595,25.716276819704813,24.102775999999995,22.605594079052906
42,34.055,28.88311002449595,27.822306070224627,25.120639999999995,23.004921932880702
42,34.656,28.88311002449595,27.096455643552098,25.26246,24.235779606030206
42,35.862,28.88311002449595,28.08572474705643,23.359499999999993,24.10634510419858
42,36.464,28.88311002449595,28.442602907798413,22.98031,23.86992852186889
42,36.962,28.88311002449595,25.819174088722548,24.42266,25.455098029272765
42,36.452,28.88311002449595,29.53372498572542,25.908610000000003,24.476714004521813
42,36.029,28.88311002449595,26.36248290206177,25.44483000000002,25.689064301970436
42,35.402,28.88311002449595,26.74048909932944,24.628780000000003,24.299324112688495
42,34.979,28.88311002449595,30.460815534674072,24.259765999999996,25.47775914946557
42,34.482,28.88311002449595,29.234287868957303,22.498909999999995,24.767257623552737
42,33.908,28.88311002449595,26.96439165766336,23.615909000000006,25.257462689893096
42,33.485,28.88311002449595,26.962592383665505,23.729490000000006,25.688438461636384
42,32.988,28.88311002449595,30.00363840275745,24.695197999999994,25.547163741412746
42,32.495,28.88311002449595,27.627220058364028,24.294352,24.95306425234673
42,32.007,28.88311002449595,28.62568792049355,24.759599,24.96610184213741
42,31.513,28.88311002449595,32.20565622705842,24.24831199999999,25.36430788784016
42,28.634,28.88311002449595,25.318513704152227,28.069270999999993,26.879882395519346
42,29.034,28.88311002449595,26.9062216606614,26.768319000000005,25.866522900594703
42,29.836,28.88311002449595,24.67634721796625,25.631641,20.988678433508497
42,30.438,28.88311002449595,25.65121615027277,23.709004999999998,22.08689328825241
42,31.044,28.88311002449595,26.546352676093807,25.146744,21.99159163235543
42,31.636,28.88311002449595,26.00625380632774,24.915354,20.35337741366343
42,32.249,28.88311002449595,24.912587854257076,25.49274699999999,22.138970651283156
42,32.84,28.88311002449595,26.405052141718826,24.156340999999983,22.543898994752794
42,33.453,28.88311002449595,26.845656483724788,22.186324999999993,24.229385464575476
42,34.055,28.88311002449595,28.19371430670031,26.429779999999997,21.335840730651814
42,34.656,28.88311002449595,27.78786651608589,24.45512999999999,23.623925981472368
42,35.862,28.88311002449595,27.199084310126857,25.022488000000003,23.96060664054167
42,36.464,28.88311002449595,25.509802812469076,21.316779999999994,24.87736999994089
42,36.962,28.88311002449595,27.654672273456626,25.338569999999986,23.177391693010655
42,36.452,28.88311002449595,28.59203470077019,24.14464000000001,24.976486690084965
42,36.029,28.88311002449595,27.9185571120776,23.376884000000008,26.629364242920257
42,35.402,28.88311002449595,26.972607321925334,21.983445000000003,26.39860632364001
42,34.979,28.88311002449595,30.344786384973023,24.087428999999982,25.456591241208134
42,34.482,28.88311002449595,28.719495145705217,22.420509999999993,25.395431101356447
42,33.908,28.88311002449595,27.962434531021273,23.334029,26.118836470080023
42,33.485,28.88311002449595,28.640842655143004,26.180377000000007,27.823876093375322
42,32.988,28.88311002449595,28.122841084463825,22.910122000000012,27.11095559711733
42,32.495,28.88311002449595,30.24092570550996,24.825620000000004,25.6664161219944
42,32.007,28.88311002449595,28.77205300916293,23.982728999999996,25.875633799866154
42,31.513,28.88311002449595,28.120732741347197,23.896125,25.875633799866154
42,28.634,28.88311002449595,25.639432453139737,25.206324999999996,26.47138265766644
42,29.034,28.88311002449595,28.878397827084907,28.082579999999993,25.708136597586993
42,29.836,28.88311002449595,24.645504897517988,22.829594000000007,22.228128344231404
42,30.438,28.88311002449595,25.007384620332846,22.405869999999997,23.228094599949294
42,31.044,28.88311002449595,28.301680965831824,25.203698999999993,22.15410001447181
42,31.636,28.88311002449595,25.567461640917827,20.680021000000007,25.22974358068054
42,32.249,28.88311002449595,26.546167377060065,23.47417899999999,22.964608324849255
42,32.84,28.88311002449595,23.61196074192272,25.383590999999992,22.086164434638302
42,33.453,28.88311002449595,26.677969164553886,22.517676999999985,24.11902472274886
42,34.055,28.88311002449595,26.32083187435757,24.58351099999999,24.290582222904234
42,34.657,28.88311002449595,26.14305170257815,23.649299999999993,24.813662618478027
42,35.863,28.88311002449595,27.637755498136187,22.545967999999995,24.437660726898372
42,36.464,28.88311002449595,25.904255946818367,23.179665,27.571854185678077
42,36.961,28.88311002449595,30.064714612705096,22.36391,26.426265333169844
42,36.452,28.88311002449595,28.85087931162845,22.421845000000005,26.148807416259263
42,36.029,28.88311002449595,27.469981793119356,23.146215,26.367689537043994
42,35.401,28.88311002449595,31.926902934954814,22.13072,23.515327012468493
42,34.979,28.88311002449595,31.054208337403274,24.630142999999993,24.972432900521223
42,34.482,28.88311002449595,27.99005214660549,23.104209000000004,27.594125951760088
42,33.908,28.88311002449595,29.03438876293275,24.518069999999994,26.11039066465615
42,33.485,28.88311002449595,32.13834551137828,22.761399999999995,26.424096243588146
42,32.988,28.88311002449595,29.40449597735555,23.452338,25.199862400758683
42,32.495,28.88311002449595,27.557238496698655,24.724795000000004,26.314672507486947
42,32.007,28.88311002449595,30.205375414788662,22.608417999999997,26.335619185486102
42,31.513,28.88311002449595,30.825429720067614,22.405368999999986,25.770895519765592
