target,model,idx,shape,y,pred
Y1,Ridge,0,0,15.55,29.027968575569282
Y1,Ridge,1,0,15.55,29.00804320243495
Y1,Ridge,2,0,15.55,28.988117829300624
Y1,Ridge,3,0,15.55,28.968192456166296
Y1,Ridge,48,0,24.58,30.880704065674635
Y1,Ridge,49,0,24.63,30.860778692540308
Y1,Ridge,50,0,24.63,30.84085331940598
Y1,Ridge,51,0,24.59,30.82092794627165
Y1,Ridge,96,0,24.29,31.08381726989285
Y1,Ridge,97,0,24.31,31.063891896758523
Y1,Ridge,98,0,24.13,31.043966523624192
Y1,Ridge,99,0,24.25,31.024041150489865
Y1,Ridge,144,0,24.28,31.286930474111067
Y1,Ridge,145,0,24.4,31.26700510097674
Y1,Ridge,146,0,24.11,31.24707972784241
Y1,Ridge,147,0,24.35,31.227154354708084
Y1,Ridge,192,0,24.38,31.490043678329283
Y1,Ridge,193,0,24.23,31.470118305194955
Y1,Ridge,194,0,24.04,31.450192932060627
Y1,Ridge,195,0,24.32,31.430267558926296
Y1,Ridge,240,0,24.35,31.6931568825475
Y1,Ridge,241,0,24.33,31.67323150941317
Y1,Ridge,242,0,24.03,31.653306136278843
Y1,Ridge,243,0,24.26,31.633380763144515
Y1,Ridge,288,0,28.15,33.35513749450534
Y1,Ridge,289,0,28.15,33.335212121371015
Y1,Ridge,290,0,28.37,33.31528674823669
Y1,Ridge,291,0,28.41,33.29536137510236
Y1,Ridge,336,0,28.67,33.558250698723555
Y1,Ridge,337,0,28.57,33.53832532558923
Y1,Ridge,338,0,28.18,33.5183999524549
Y1,Ridge,339,0,28.6,33.49847457932057
Y1,Ridge,384,0,28.67,33.761363902941774
Y1,Ridge,385,0,28.56,33.741438529807446
Y1,Ridge,386,0,28.17,33.72151315667312
Y1,Ridge,387,0,28.63,33.701587783538784
Y1,Ridge,432,0,28.7,33.96447710715999
Y1,Ridge,433,0,28.55,33.944551734025666
Y1,Ridge,434,0,28.15,33.92462636089133
Y1,Ridge,435,0,28.62,33.904700987757
Y1,Ridge,480,0,28.69,34.167590311378206
Y1,Ridge,481,0,28.58,34.14766493824388
Y1,Ridge,482,0,28.15,34.12773956510955
Y1,Ridge,483,0,28.61,34.10781419197522
Y1,Ridge,528,0,32.26,35.82957092333605
Y1,Ridge,529,0,32.26,35.80964555020172
Y1,Ridge,530,0,32.49,35.789720177067395
Y1,Ridge,531,0,32.53,35.76979480393307
Y1,Ridge,576,0,32.82,36.03268412755426
Y1,Ridge,577,0,32.71,36.012758754419934
Y1,Ridge,578,0,32.24,35.99283338128561
Y1,Ridge,579,0,32.72,35.97290800815128
Y1,Ridge,624,0,32.82,36.23579733177248
Y1,Ridge,625,0,32.69,36.215871958638154
Y1,Ridge,626,0,32.23,36.195946585503826
Y1,Ridge,627,0,32.75,36.17602121236949
Y1,Ridge,672,0,32.85,36.4389105359907
Y1,Ridge,673,0,32.67,36.41898516285637
Y1,Ridge,674,0,32.21,36.39905978972204
Y1,Ridge,675,0,32.74,36.37913441658771
Y1,Ridge,720,0,32.84,36.64202374020891
Y1,Ridge,721,0,32.72,36.622098367074585
Y1,Ridge,722,0,32.21,36.60217299394026
Y1,Ridge,723,0,32.73,36.58224762080593
Y1,Ridge,4,1,20.84,26.1779467214749
Y1,Ridge,5,1,21.46,26.164225328440075
Y1,Ridge,6,1,20.71,26.150503935405247
Y1,Ridge,7,1,19.68,26.13678254237042
Y1,Ridge,52,1,29.03,28.077350685527144
Y1,Ridge,53,1,29.87,28.063629292492315
Y1,Ridge,54,1,29.14,28.049907899457487
Y1,Ridge,55,1,28.09,28.036186506422663
Y1,Ridge,100,1,28.88,28.289415237969138
Y1,Ridge,101,1,29.68,28.27569384493431
Y1,Ridge,102,1,28.83,28.261972451899485
Y1,Ridge,103,1,27.9,28.24825105886466
Y1,Ridge,148,1,28.07,28.501479790411132
Y1,Ridge,149,1,29.01,28.487758397376304
Y1,Ridge,150,1,29.62,28.47403700434148
Y1,Ridge,151,1,29.05,28.460315611306655
Y1,Ridge,196,1,29.06,28.713544342853126
Y1,Ridge,197,1,28.05,28.699822949818298
Y1,Ridge,198,1,28.86,28.686101556783473
Y1,Ridge,199,1,29.79,28.67238016374865
Y1,Ridge,244,1,29.83,28.92560889529512
Y1,Ridge,245,1,29.08,28.911887502260296
Y1,Ridge,246,1,28.03,28.89816610922547
Y1,Ridge,247,1,29.02,28.884444716190643
Y1,Ridge,292,1,32.68,30.608359802942513
Y1,Ridge,293,1,33.48,30.594638409907688
Y1,Ridge,294,1,32.84,30.58091701687286
Y1,Ridge,295,1,32.0,30.567195623838035
Y1,Ridge,340,1,32.46,30.820424355384507
Y1,Ridge,341,1,33.27,30.806702962349682
Y1,Ridge,342,1,32.33,30.792981569314858
Y1,Ridge,343,1,31.66,30.77926017628003
Y1,Ridge,388,1,31.63,31.032488907826504
Y1,Ridge,389,1,32.4,31.018767514791676
Y1,Ridge,390,1,32.68,31.005046121756852
Y1,Ridge,391,1,32.29,30.991324728722024
Y1,Ridge,436,1,32.67,31.2445534602685
Y1,Ridge,437,1,31.69,31.23083206723367
Y1,Ridge,438,1,32.07,31.217110674198846
Y1,Ridge,439,1,33.28,31.20338928116402
Y1,Ridge,484,1,33.13,31.456618012710493
Y1,Ridge,485,1,32.31,31.442896619675665
Y1,Ridge,486,1,31.53,31.42917522664084
Y1,Ridge,487,1,32.46,31.415453833606016
Y1,Ridge,532,1,36.47,33.13936892035788
Y1,Ridge,533,1,37.24,33.12564752732306
Y1,Ridge,534,1,36.66,33.11192613428823
Y1,Ridge,535,1,35.96,33.09820474125341
Y1,Ridge,580,1,35.84,33.35143347279988
Y1,Ridge,581,1,36.57,33.337712079765055
Y1,Ridge,582,1,36.06,33.32399068673023
Y1,Ridge,583,1,35.69,33.3102692936954
Y1,Ridge,628,1,34.24,33.56349802524187
Y1,Ridge,629,1,34.95,33.54977663220705
Y1,Ridge,630,1,35.05,33.53605523917222
Y1,Ridge,631,1,34.29,33.5223338461374
Y1,Ridge,676,1,36.45,33.77556257768387
Y1,Ridge,677,1,35.73,33.76184118464904
Y1,Ridge,678,1,35.4,33.748119791614215
Y1,Ridge,679,1,36.57,33.734398398579394
Y1,Ridge,724,1,35.67,33.987627130125865
Y1,Ridge,725,1,35.01,33.97390573709104
Y1,Ridge,726,1,34.72,33.960184344056216
Y1,Ridge,727,1,35.24,33.94646295102139
Y1,Ridge,8,2,19.5,23.171235754834864
Y1,Ridge,9,2,19.95,23.156967098118447
Y1,Ridge,10,2,19.34,23.14269844140203
Y1,Ridge,11,2,18.31,23.12842978468561
Y1,Ridge,56,2,26.28,25.10311853134672
Y1,Ridge,57,2,26.91,25.0888498746303
Y1,Ridge,58,2,26.37,25.07458121791388
Y1,Ridge,59,2,25.27,25.060312561197463
Y1,Ridge,104,2,26.48,25.314126969675144
Y1,Ridge,105,2,27.02,25.299858312958726
Y1,Ridge,106,2,26.33,25.28558965624231
Y1,Ridge,107,2,25.36,25.27132099952589
Y1,Ridge,152,2,25.41,25.525135408003568
Y1,Ridge,153,2,26.47,25.51086675128715
Y1,Ridge,154,2,26.89,25.496598094570732
Y1,Ridge,155,2,26.46,25.482329437854315
Y1,Ridge,200,2,26.44,25.736143846331995
Y1,Ridge,201,2,25.37,25.721875189615577
Y1,Ridge,202,2,26.33,25.70760653289916
Y1,Ridge,203,2,27.03,25.693337876182742
Y1,Ridge,248,2,27.03,25.94715228466042
Y1,Ridge,249,2,26.45,25.932883627944
Y1,Ridge,250,2,25.36,25.918614971227584
Y1,Ridge,251,2,26.45,25.904346314511166
Y1,Ridge,296,2,29.54,27.684430038621862
Y1,Ridge,297,2,30.05,27.670161381905444
Y1,Ridge,298,2,29.6,27.655892725189023
Y1,Ridge,299,2,28.66,27.641624068472606
Y1,Ridge,344,2,29.34,27.895438476950286
Y1,Ridge,345,2,29.87,27.88116982023387
Y1,Ridge,346,2,29.27,27.86690116351745
Y1,Ridge,347,2,28.4,27.85263250680103
Y1,Ridge,392,2,28.4,28.10644691527871
Y1,Ridge,393,2,29.4,28.092178258562292
Y1,Ridge,394,2,29.43,28.077909601845874
Y1,Ridge,395,2,29.07,28.063640945129457
Y1,Ridge,440,2,29.47,28.317455353607137
Y1,Ridge,441,2,28.42,28.30318669689072
Y1,Ridge,442,2,29.08,28.288918040174302
Y1,Ridge,443,2,29.88,28.274649383457884
Y1,Ridge,488,2,29.71,28.52846379193556
Y1,Ridge,489,2,29.09,28.514195135219143
Y1,Ridge,490,2,28.31,28.499926478502726
Y1,Ridge,491,2,29.39,28.485657821786308
Y1,Ridge,536,2,31.89,30.265741545897
Y1,Ridge,537,2,32.39,30.251472889180583
Y1,Ridge,538,2,32.09,30.237204232464165
Y1,Ridge,539,2,31.29,30.222935575747748
Y1,Ridge,584,2,32.48,30.476749984225428
Y1,Ridge,585,2,32.74,30.46248132750901
Y1,Ridge,586,2,32.13,30.448212670792593
Y1,Ridge,587,2,31.64,30.433944014076175
Y1,Ridge,632,2,31.28,30.687758422553852
Y1,Ridge,633,2,32.12,30.673489765837434
Y1,Ridge,634,2,32.05,30.659221109121017
Y1,Ridge,635,2,31.84,30.6449524524046
Y1,Ridge,680,2,32.38,30.89876686088228
Y1,Ridge,681,2,31.66,30.884498204165862
Y1,Ridge,682,2,32.15,30.87022954744944
Y1,Ridge,683,2,32.75,30.855960890733023
Y1,Ridge,728,2,32.31,31.109775299210703
Y1,Ridge,729,2,31.81,31.095506642494286
Y1,Ridge,730,2,31.12,31.081237985777868
Y1,Ridge,731,2,32.06,31.06696932906145
Y1,Ridge,12,3,17.05,25.228176266486408
Y1,Ridge,13,3,17.41,25.21332552021775
Y1,Ridge,14,3,16.95,25.198474773949094
Y1,Ridge,15,3,15.98,25.183624027680438
Y1,Ridge,60,3,23.53,27.172251911612424
Y1,Ridge,61,3,24.03,27.157401165343767
Y1,Ridge,62,3,23.54,27.14255041907511
Y1,Ridge,63,3,22.58,27.127699672806454
Y1,Ridge,108,3,23.75,27.388214366233672
Y1,Ridge,109,3,24.23,27.373363619965016
Y1,Ridge,110,3,23.67,27.35851287369636
Y1,Ridge,111,3,22.79,27.343662127427702
Y1,Ridge,156,3,22.93,27.604176820854924
Y1,Ridge,157,3,23.84,27.589326074586268
Y1,Ridge,158,3,24.17,27.57447532831761
Y1,Ridge,159,3,23.87,27.559624582048954
Y1,Ridge,204,3,23.8,27.820139275476173
Y1,Ridge,205,3,22.8,27.805288529207516
Y1,Ridge,206,3,23.59,27.79043778293886
Y1,Ridge,207,3,24.24,27.775587036670203
Y1,Ridge,252,3,24.37,28.03610173009742
Y1,Ridge,253,3,23.89,28.021250983828764
Y1,Ridge,254,3,22.89,28.006400237560108
Y1,Ridge,255,3,23.86,27.99154949129145
Y1,Ridge,300,3,26.84,29.76442169736957
Y1,Ridge,301,3,27.27,29.749570951100914
Y1,Ridge,302,3,26.97,29.734720204832257
Y1,Ridge,303,3,26.19,29.7198694585636
Y1,Ridge,348,3,25.74,29.98038415199082
Y1,Ridge,349,3,25.98,29.965533405722162
Y1,Ridge,350,3,25.38,29.950682659453506
Y1,Ridge,351,3,24.94,29.93583191318485
Y1,Ridge,396,3,24.7,30.19634660661207
Y1,Ridge,397,3,25.48,30.181495860343414
Y1,Ridge,398,3,25.37,30.166645114074758
Y1,Ridge,399,3,25.17,30.151794367806097
Y1,Ridge,444,3,25.66,30.41230906123332
Y1,Ridge,445,3,24.96,30.397458314964663
Y1,Ridge,446,3,25.43,30.382607568696006
Y1,Ridge,447,3,26.0,30.36775682242735
Y1,Ridge,492,3,25.7,30.62827151585457
Y1,Ridge,493,3,25.17,30.613420769585915
Y1,Ridge,494,3,24.6,30.598570023317258
Y1,Ridge,495,3,25.49,30.5837192770486
Y1,Ridge,540,3,29.22,32.35659148312672
Y1,Ridge,541,3,29.91,32.341740736858064
Y1,Ridge,542,3,29.53,32.32688999058941
Y1,Ridge,543,3,28.65,32.31203924432075
Y1,Ridge,588,3,28.95,32.57255393774797
Y1,Ridge,589,3,29.49,32.55770319147931
Y1,Ridge,590,3,28.64,32.542852445210656
Y1,Ridge,591,3,28.01,32.528001698942
Y1,Ridge,636,3,28.67,32.78851639236922
Y1,Ridge,637,3,29.67,32.77366564610056
Y1,Ridge,638,3,29.47,32.758814899831904
Y1,Ridge,639,3,28.91,32.74396415356325
Y1,Ridge,684,3,28.93,33.004478846990466
Y1,Ridge,685,3,28.05,32.98962810072181
Y1,Ridge,686,3,28.64,32.97477735445315
Y1,Ridge,687,3,29.52,32.959926608184496
Y1,Ridge,732,3,30.0,33.220441301611714
Y1,Ridge,733,3,29.5,33.205590555343065
Y1,Ridge,734,3,29.06,33.1907398090744
Y1,Ridge,735,3,29.92,33.17588906280575
Y1,Ridge,16,4,28.52,24.032884770361857
Y1,Ridge,17,4,29.9,24.005904378204995
Y1,Ridge,18,4,29.63,23.978923986048134
Y1,Ridge,19,4,28.75,23.95194359389127
Y1,Ridge,64,4,35.56,26.17428993721098
Y1,Ridge,65,4,37.12,26.147309545054114
Y1,Ridge,66,4,36.9,26.120329152897252
Y1,Ridge,67,4,35.94,26.09334876074039
Y1,Ridge,112,4,35.65,26.37268551050861
Y1,Ridge,113,4,37.26,26.345705118351745
Y1,Ridge,114,4,36.97,26.318724726194883
Y1,Ridge,115,4,36.03,26.29174433403802
Y1,Ridge,160,4,35.78,26.571081083806238
Y1,Ridge,161,4,35.48,26.544100691649376
Y1,Ridge,162,4,36.97,26.517120299492515
Y1,Ridge,163,4,36.7,26.490139907335653
Y1,Ridge,208,4,36.86,26.76947665710387
Y1,Ridge,209,4,35.89,26.742496264947007
Y1,Ridge,210,4,35.45,26.715515872790142
Y1,Ridge,211,4,37.1,26.68853548063328
Y1,Ridge,256,4,37.03,26.9678722304015
Y1,Ridge,257,4,36.71,26.94089183824464
Y1,Ridge,258,4,36.77,26.913911446087774
Y1,Ridge,259,4,35.48,26.886931053930912
Y1,Ridge,304,4,38.67,29.08880432753821
Y1,Ridge,305,4,40.03,29.061823935381348
Y1,Ridge,306,4,39.86,29.034843543224483
Y1,Ridge,307,4,39.04,29.00786315106762
Y1,Ridge,352,4,38.57,29.28719990083584
Y1,Ridge,353,4,40.19,29.26021950867898
Y1,Ridge,354,4,39.97,29.233239116522114
Y1,Ridge,355,4,38.98,29.206258724365252
Y1,Ridge,400,4,39.04,29.485595474133472
Y1,Ridge,401,4,38.35,29.45861508197661
Y1,Ridge,402,4,39.81,29.431634689819745
Y1,Ridge,403,4,39.83,29.404654297662884
Y1,Ridge,448,4,40.0,29.683991047431103
Y1,Ridge,449,4,38.84,29.65701065527424
Y1,Ridge,450,4,38.33,29.630030263117376
Y1,Ridge,451,4,40.12,29.603049870960515
Y1,Ridge,496,4,39.89,29.88238662072873
Y1,Ridge,497,4,39.83,29.85540622857187
Y1,Ridge,498,4,39.01,29.828425836415008
Y1,Ridge,499,4,38.65,29.801445444258142
Y1,Ridge,544,4,41.4,32.00331871786544
Y1,Ridge,545,4,42.62,31.97633832570858
Y1,Ridge,546,4,42.5,31.949357933551717
Y1,Ridge,547,4,41.67,31.92237754139485
Y1,Ridge,592,4,41.64,32.20171429116307
Y1,Ridge,593,4,43.1,32.17473389900621
Y1,Ridge,594,4,42.74,32.14775350684935
Y1,Ridge,595,4,41.92,32.12077311469248
Y1,Ridge,640,4,41.26,32.4001098644607
Y1,Ridge,641,4,41.3,32.373129472303845
Y1,Ridge,642,4,42.49,32.34614908014698
Y1,Ridge,643,4,42.08,32.319168687990114
Y1,Ridge,688,4,42.77,32.598505437758334
Y1,Ridge,689,4,41.73,32.571525045601476
Y1,Ridge,690,4,41.32,32.54454465344461
Y1,Ridge,691,4,42.96,32.517564261287745
Y1,Ridge,736,4,42.11,32.796901011055965
Y1,Ridge,737,4,41.96,32.76992061889911
Y1,Ridge,738,4,41.09,32.74294022674224
Y1,Ridge,739,4,40.79,32.71595983458538
Y1,Ridge,20,5,24.77,31.969088834022926
Y1,Ridge,21,5,23.93,31.945615444667183
Y1,Ridge,22,5,24.77,31.92214205531144
Y1,Ridge,23,5,23.93,31.8986686659557
Y1,Ridge,68,5,32.96,34.053787599358586
Y1,Ridge,69,5,32.12,34.03031421000284
Y1,Ridge,70,5,32.94,34.0068408206471
Y1,Ridge,71,5,32.21,33.983367431291356
Y1,Ridge,116,5,33.16,34.25109386421762
Y1,Ridge,117,5,32.4,34.22762047486188
Y1,Ridge,118,5,33.12,34.204147085506136
Y1,Ridge,119,5,32.41,34.18067369615039
Y1,Ridge,164,5,32.52,34.44840012907666
Y1,Ridge,165,5,33.28,34.42492673972092
Y1,Ridge,166,5,32.33,34.40145335036517
Y1,Ridge,167,5,33.24,34.37797996100944
Y1,Ridge,212,5,33.08,34.6457063939357
Y1,Ridge,213,5,32.38,34.62223300457996
Y1,Ridge,214,5,33.09,34.59875961522422
Y1,Ridge,215,5,32.31,34.575286225868474
Y1,Ridge,260,5,32.31,34.84301265879474
Y1,Ridge,261,5,33.21,34.819539269439
Y1,Ridge,262,5,32.46,34.796065880083255
Y1,Ridge,263,5,33.27,34.77259249072751
Y1,Ridge,308,5,36.96,36.88487635007351
Y1,Ridge,309,5,36.13,36.86140296071777
Y1,Ridge,310,5,36.91,36.837929571362025
Y1,Ridge,311,5,36.43,36.81445618200628
Y1,Ridge,356,5,36.95,37.08218261493255
Y1,Ridge,357,5,36.28,37.058709225576806
Y1,Ridge,358,5,36.86,37.03523583622106
Y1,Ridge,359,5,36.45,37.011762446865326
Y1,Ridge,404,5,35.99,37.279488879791586
Y1,Ridge,405,5,36.59,37.25601549043585
Y1,Ridge,406,5,35.64,37.23254210108011
Y1,Ridge,407,5,36.52,37.20906871172436
Y1,Ridge,452,5,36.95,37.47679514465063
Y1,Ridge,453,5,36.45,37.45332175529489
Y1,Ridge,454,5,36.81,37.429848365939144
Y1,Ridge,455,5,36.26,37.4063749765834
Y1,Ridge,500,5,35.69,37.67410140950967
Y1,Ridge,501,5,36.64,37.650628020153924
Y1,Ridge,502,5,36.06,37.62715463079819
Y1,Ridge,503,5,36.7,37.603681241442445
Y1,Ridge,548,5,40.78,39.71596510078844
Y1,Ridge,549,5,39.97,39.692491711432695
Y1,Ridge,550,5,40.71,39.66901832207695
Y1,Ridge,551,5,40.43,39.645544932721215
Y1,Ridge,596,5,40.78,39.913271365647475
Y1,Ridge,597,5,40.15,39.88979797629174
Y1,Ridge,598,5,40.57,39.866324586935995
Y1,Ridge,599,5,40.42,39.84285119758025
Y1,Ridge,644,5,39.32,40.11057763050652
Y1,Ridge,645,5,39.84,40.087104241150776
Y1,Ridge,646,5,38.89,40.06363085179503
Y1,Ridge,647,5,39.68,40.04015746243929
Y1,Ridge,692,5,40.68,40.307883895365556
Y1,Ridge,693,5,40.4,40.28441050600981
Y1,Ridge,694,5,40.6,40.26093711665408
Y1,Ridge,695,5,40.11,40.23746372729833
Y1,Ridge,740,5,38.82,40.50519016022459
Y1,Ridge,741,5,39.72,40.48171677086886
Y1,Ridge,742,5,39.31,40.458243381513114
Y1,Ridge,743,5,39.86,40.43476999215737
Y1,Ridge,24,6,6.07,4.5194987492607055
Y1,Ridge,25,6,6.05,4.495778861305524
Y1,Ridge,26,6,6.01,4.472058973350343
Y1,Ridge,27,6,6.04,4.448339085395158
Y1,Ridge,72,6,10.36,6.7381167661353984
Y1,Ridge,73,6,10.43,6.714396878180217
Y1,Ridge,74,6,10.36,6.690676990225036
Y1,Ridge,75,6,10.39,6.666957102269855
Y1,Ridge,120,6,10.42,6.951596839107879
Y1,Ridge,121,6,10.46,6.927876951152697
Y1,Ridge,122,6,10.32,6.904157063197516
Y1,Ridge,123,6,10.45,6.880437175242335
Y1,Ridge,168,6,10.39,7.165076912080359
Y1,Ridge,169,6,10.34,7.141357024125178
Y1,Ridge,170,6,10.35,7.117637136169996
Y1,Ridge,171,6,10.38,7.093917248214815
Y1,Ridge,216,6,10.08,7.378556985052841
Y1,Ridge,217,6,10.15,7.354837097097658
Y1,Ridge,218,6,10.07,7.3311172091424766
Y1,Ridge,219,6,10.14,7.307397321187294
Y1,Ridge,264,6,10.47,7.592037058025321
Y1,Ridge,265,6,10.37,7.56831717007014
Y1,Ridge,266,6,10.34,7.544597282114957
Y1,Ridge,267,6,10.39,7.5208773941597755
Y1,Ridge,312,6,12.43,9.745823681988714
Y1,Ridge,313,6,12.5,9.722103794033533
Y1,Ridge,314,6,12.41,9.698383906078352
Y1,Ridge,315,6,12.45,9.674664018123169
Y1,Ridge,360,6,12.35,9.959303754961194
Y1,Ridge,361,6,12.45,9.935583867006013
Y1,Ridge,362,6,12.16,9.911863979050832
Y1,Ridge,363,6,12.3,9.888144091095649
Y1,Ridge,408,6,11.8,10.172783827933676
Y1,Ridge,409,6,12.03,10.149063939978493
Y1,Ridge,410,6,11.98,10.125344052023312
Y1,Ridge,411,6,11.69,10.101624164068129
Y1,Ridge,456,6,12.32,10.386263900906156
Y1,Ridge,457,6,12.3,10.362544012950973
Y1,Ridge,458,6,12.18,10.338824124995792
Y1,Ridge,459,6,12.43,10.31510423704061
Y1,Ridge,504,6,12.12,10.599743973878637
Y1,Ridge,505,6,11.67,10.576024085923455
Y1,Ridge,506,6,11.64,10.552304197968272
Y1,Ridge,507,6,12.02,10.528584310013091
Y1,Ridge,552,6,14.52,12.753530597842033
Y1,Ridge,553,6,14.61,12.72981070988685
Y1,Ridge,554,6,14.5,12.706090821931667
Y1,Ridge,555,6,14.55,12.682370933976486
Y1,Ridge,600,6,14.54,12.967010670814513
Y1,Ridge,601,6,14.45,12.94329078285933
Y1,Ridge,602,6,14.18,12.919570894904147
Y1,Ridge,603,6,14.5,12.895851006948966
Y1,Ridge,648,6,13.97,13.180490743786994
Y1,Ridge,649,6,14.22,13.15677085583181
Y1,Ridge,650,6,14.1,13.13305096787663
Y1,Ridge,651,6,13.78,13.109331079921446
Y1,Ridge,696,6,14.37,13.393970816759474
Y1,Ridge,697,6,14.48,13.37025092880429
Y1,Ridge,698,6,14.32,13.34653104084911
Y1,Ridge,699,6,14.44,13.322811152893927
Y1,Ridge,744,6,14.41,13.607450889731954
Y1,Ridge,745,6,14.19,13.583731001776773
Y1,Ridge,746,6,14.17,13.56001111382159
Y1,Ridge,747,6,14.39,13.536291225866409
Y1,Ridge,28,7,6.37,6.466337932917998
Y1,Ridge,29,7,6.4,6.437374347483821
Y1,Ridge,30,7,6.37,6.408410762049648
Y1,Ridge,31,7,6.4,6.379447176615475
Y1,Ridge,76,7,10.71,8.705501404195854
Y1,Ridge,77,7,10.8,8.676537818761679
Y1,Ridge,78,7,10.7,8.647574233327505
Y1,Ridge,79,7,10.75,8.618610647893332
Y1,Ridge,124,7,10.64,8.91970877013399
Y1,Ridge,125,7,10.72,8.890745184699815
Y1,Ridge,126,7,10.55,8.861781599265642
Y1,Ridge,127,7,10.68,8.832818013831469
Y1,Ridge,172,7,10.77,9.133916136072127
Y1,Ridge,173,7,10.68,9.104952550637952
Y1,Ridge,174,7,10.68,9.075988965203779
Y1,Ridge,175,7,10.7,9.047025379769606
Y1,Ridge,220,7,10.66,9.348123502010264
Y1,Ridge,221,7,10.68,9.319159916576089
Y1,Ridge,222,7,10.53,9.290196331141916
Y1,Ridge,223,7,10.72,9.261232745707742
Y1,Ridge,268,7,10.78,9.5623308679484
Y1,Ridge,269,7,10.7,9.533367282514227
Y1,Ridge,270,7,10.67,9.504403697080052
Y1,Ridge,271,7,13.69,9.475440111645879
Y1,Ridge,316,7,12.57,11.742935562205432
Y1,Ridge,317,7,12.65,11.713971976771257
Y1,Ridge,318,7,12.57,11.685008391337083
Y1,Ridge,319,7,12.63,11.65604480590291
Y1,Ridge,364,7,12.33,11.957142928143568
Y1,Ridge,365,7,12.29,11.928179342709393
Y1,Ridge,366,7,12.2,11.89921575727522
Y1,Ridge,367,7,12.49,11.870252171841047
Y1,Ridge,412,7,12.41,12.171350294081705
Y1,Ridge,413,7,12.28,12.14238670864753
Y1,Ridge,414,7,12.1,12.113423123213357
Y1,Ridge,415,7,12.19,12.084459537779184
Y1,Ridge,460,7,12.36,12.385557660019842
Y1,Ridge,461,7,12.49,12.356594074585667
Y1,Ridge,462,7,12.17,12.327630489151494
Y1,Ridge,463,7,12.28,12.29866690371732
Y1,Ridge,508,7,12.27,12.599765025957979
Y1,Ridge,509,7,12.19,12.570801440523805
Y1,Ridge,510,7,12.25,12.54183785508963
Y1,Ridge,511,7,12.27,12.512874269655457
Y1,Ridge,556,7,14.51,14.780369720215008
Y1,Ridge,557,7,14.6,14.751406134780835
Y1,Ridge,558,7,14.5,14.72244254934666
Y1,Ridge,559,7,14.58,14.693478963912487
Y1,Ridge,604,7,14.7,14.994577086153145
Y1,Ridge,605,7,14.66,14.965613500718971
Y1,Ridge,606,7,14.4,14.936649915284796
Y1,Ridge,607,7,14.71,14.907686329850623
Y1,Ridge,652,7,14.07,15.208784452091281
Y1,Ridge,653,7,14.03,15.179820866657108
Y1,Ridge,654,7,13.94,15.150857281222933
Y1,Ridge,655,7,13.86,15.12189369578876
Y1,Ridge,700,7,14.6,15.422991818029418
Y1,Ridge,701,7,14.7,15.394028232595245
Y1,Ridge,702,7,14.47,15.36506464716107
Y1,Ridge,703,7,14.66,15.336101061726897
Y1,Ridge,748,7,12.43,15.637199183967555
Y1,Ridge,749,7,12.63,15.608235598533382
Y1,Ridge,750,7,12.76,15.579272013099208
Y1,Ridge,751,7,12.42,15.550308427665033
Y1,Ridge,32,8,6.85,7.631156478912953
Y1,Ridge,33,8,6.79,7.608030428492784
Y1,Ridge,34,8,6.77,7.584904378072615
Y1,Ridge,35,8,6.81,7.561778327652448
Y1,Ridge,80,8,11.11,9.86770326572712
Y1,Ridge,81,8,11.13,9.844577215306952
Y1,Ridge,82,8,11.09,9.821451164886785
Y1,Ridge,83,8,11.16,9.798325114466616
Y1,Ridge,128,8,11.45,10.07862770373751
Y1,Ridge,129,8,11.46,10.055501653317343
Y1,Ridge,130,8,11.32,10.032375602897174
Y1,Ridge,131,8,11.49,10.009249552477005
Y1,Ridge,176,8,11.22,10.2895521417479
Y1,Ridge,177,8,11.16,10.26642609132773
Y1,Ridge,178,8,11.1,10.243300040907563
Y1,Ridge,179,8,11.14,10.220173990487394
Y1,Ridge,224,8,11.18,10.500476579758288
Y1,Ridge,225,8,11.22,10.477350529338121
Y1,Ridge,226,8,11.07,10.454224478917952
Y1,Ridge,227,8,11.2,10.431098428497783
Y1,Ridge,272,8,11.21,10.711401017768678
Y1,Ridge,273,8,11.14,10.688274967348509
Y1,Ridge,274,8,11.11,10.665148916928342
Y1,Ridge,275,8,11.16,10.642022866508173
Y1,Ridge,320,8,12.78,12.906136788932788
Y1,Ridge,321,8,12.93,12.88301073851262
Y1,Ridge,322,8,12.73,12.859884688092453
Y1,Ridge,323,8,12.72,12.836758637672283
Y1,Ridge,368,8,12.85,13.117061226943179
Y1,Ridge,369,8,12.87,13.09393517652301
Y1,Ridge,370,8,12.73,13.07080912610284
Y1,Ridge,371,8,12.95,13.047683075682674
Y1,Ridge,416,8,12.34,13.327985664953566
Y1,Ridge,417,8,12.46,13.304859614533399
Y1,Ridge,418,8,12.31,13.281733564113232
Y1,Ridge,419,8,12.12,13.258607513693063
Y1,Ridge,464,8,12.91,13.538910102963957
Y1,Ridge,465,8,12.95,13.515784052543788
Y1,Ridge,466,8,12.67,13.492658002123619
Y1,Ridge,467,8,12.86,13.469531951703452
Y1,Ridge,512,8,12.47,13.749834540974344
Y1,Ridge,513,8,12.12,13.726708490554177
Y1,Ridge,514,8,12.18,13.70358244013401
Y1,Ridge,515,8,12.47,13.680456389713841
Y1,Ridge,560,8,14.51,15.944570312138456
Y1,Ridge,561,8,14.7,15.921444261718289
Y1,Ridge,562,8,14.42,15.898318211298122
Y1,Ridge,563,8,14.42,15.875192160877951
Y1,Ridge,608,8,14.75,16.155494750148847
Y1,Ridge,609,8,14.71,16.13236869972868
Y1,Ridge,610,8,14.33,16.10924264930851
Y1,Ridge,611,8,14.62,16.086116598888342
Y1,Ridge,656,8,14.32,16.366419188159234
Y1,Ridge,657,8,14.56,16.343293137739067
Y1,Ridge,658,8,14.33,16.3201670873189
Y1,Ridge,659,8,14.08,16.297041036898733
Y1,Ridge,704,8,14.54,16.577343626169625
Y1,Ridge,705,8,14.62,16.554217575749455
Y1,Ridge,706,8,14.53,16.531091525329288
Y1,Ridge,707,8,14.71,16.50796547490912
Y1,Ridge,752,8,14.12,16.788268064180013
Y1,Ridge,753,8,14.28,16.765142013759846
Y1,Ridge,754,8,14.37,16.74201596333968
Y1,Ridge,755,8,14.21,16.718889912919508
Y1,Ridge,36,9,7.18,9.110667530496478
Y1,Ridge,37,9,7.1,9.087227754586113
Y1,Ridge,38,9,7.1,9.063787978675748
Y1,Ridge,39,9,7.1,9.040348202765385
Y1,Ridge,84,9,11.68,11.337635253181393
Y1,Ridge,85,9,11.69,11.314195477271028
Y1,Ridge,86,9,11.7,11.290755701360665
Y1,Ridge,87,9,11.69,11.2673159254503
Y1,Ridge,132,9,11.45,11.550003446238978
Y1,Ridge,133,9,11.42,11.526563670328613
Y1,Ridge,134,9,11.33,11.50312389441825
Y1,Ridge,135,9,11.43,11.479684118507885
Y1,Ridge,180,9,11.59,11.762371639296564
Y1,Ridge,181,9,11.6,11.738931863386199
Y1,Ridge,182,9,11.53,11.715492087475836
Y1,Ridge,183,9,11.61,11.692052311565472
Y1,Ridge,228,9,11.44,11.97473983235415
Y1,Ridge,229,9,11.42,11.951300056443786
Y1,Ridge,230,9,11.33,11.927860280533421
Y1,Ridge,231,9,11.43,11.904420504623058
Y1,Ridge,276,9,11.38,12.187108025411735
Y1,Ridge,277,9,11.34,12.163668249501372
Y1,Ridge,278,9,11.22,12.140228473591007
Y1,Ridge,279,9,11.34,12.116788697680644
Y1,Ridge,324,9,13.17,14.359534547622385
Y1,Ridge,325,9,13.18,14.33609477171202
Y1,Ridge,326,9,13.17,14.312654995801658
Y1,Ridge,327,9,13.18,14.289215219891293
Y1,Ridge,372,9,13.05,14.57190274067997
Y1,Ridge,373,9,12.93,14.548462964769605
Y1,Ridge,374,9,12.77,14.525023188859244
Y1,Ridge,375,9,13.0,14.501583412948879
Y1,Ridge,420,9,12.97,14.784270933737556
Y1,Ridge,421,9,13.01,14.760831157827193
Y1,Ridge,422,9,12.74,14.73739138191683
Y1,Ridge,423,9,12.84,14.713951606006464
Y1,Ridge,468,9,12.95,14.996639126795143
Y1,Ridge,469,9,13.0,14.973199350884778
Y1,Ridge,470,9,12.86,14.949759574974415
Y1,Ridge,471,9,12.92,14.92631979906405
Y1,Ridge,516,9,12.93,15.209007319852729
Y1,Ridge,517,9,12.82,15.185567543942364
Y1,Ridge,518,9,12.78,15.162127768032
Y1,Ridge,519,9,13.02,15.138687992121636
Y1,Ridge,564,9,15.23,17.38143384206338
Y1,Ridge,565,9,15.23,17.35799406615301
Y1,Ridge,566,9,15.23,17.33455429024265
Y1,Ridge,567,9,15.23,17.311114514332285
Y1,Ridge,612,9,15.34,17.593802035120966
Y1,Ridge,613,9,15.29,17.570362259210597
Y1,Ridge,614,9,15.09,17.546922483300236
Y1,Ridge,615,9,15.3,17.52348270738987
Y1,Ridge,660,9,15.16,17.80617022817855
Y1,Ridge,661,9,15.18,17.782730452268186
Y1,Ridge,662,9,14.72,17.75929067635782
Y1,Ridge,663,9,14.9,17.73585090044746
Y1,Ridge,708,9,15.34,18.018538421236137
Y1,Ridge,709,9,15.29,17.995098645325772
Y1,Ridge,710,9,15.09,17.971658869415407
Y1,Ridge,711,9,15.3,17.948219093505045
Y1,Ridge,756,9,14.96,18.230906614293723
Y1,Ridge,757,9,14.92,18.207466838383358
Y1,Ridge,758,9,14.92,18.184027062472992
Y1,Ridge,759,9,15.16,18.16058728656263
Y1,Ridge,40,10,10.85,9.319177471744066
Y1,Ridge,41,10,10.54,9.296001001155831
Y1,Ridge,42,10,10.77,9.272824530567597
Y1,Ridge,43,10,10.56,9.24964805997936
Y1,Ridge,88,10,15.41,11.551191751479088
Y1,Ridge,89,10,15.2,11.528015280890852
Y1,Ridge,90,10,15.42,11.50483881030262
Y1,Ridge,91,10,15.21,11.481662339714383
Y1,Ridge,136,10,15.41,11.768436254396448
Y1,Ridge,137,10,15.18,11.745259783808214
Y1,Ridge,138,10,15.34,11.72208331321998
Y1,Ridge,139,10,15.19,11.698906842631743
Y1,Ridge,184,10,15.16,11.985680757313808
Y1,Ridge,185,10,15.36,11.962504286725576
Y1,Ridge,186,10,15.12,11.93932781613734
Y1,Ridge,187,10,15.36,11.916151345549103
Y1,Ridge,232,10,15.4,12.20292526023117
Y1,Ridge,233,10,15.19,12.179748789642936
Y1,Ridge,234,10,15.32,12.1565723190547
Y1,Ridge,235,10,15.16,12.133395848466463
Y1,Ridge,280,10,15.16,12.420169763148532
Y1,Ridge,281,10,15.37,12.396993292560296
Y1,Ridge,282,10,15.12,12.37381682197206
Y1,Ridge,283,10,15.36,12.350640351383825
Y1,Ridge,328,10,17.5,14.573346416705581
Y1,Ridge,329,10,17.35,14.550169946117345
Y1,Ridge,330,10,17.52,14.52699347552911
Y1,Ridge,331,10,17.37,14.503817004940874
Y1,Ridge,376,10,17.14,14.790590919622941
Y1,Ridge,377,10,16.84,14.767414449034707
Y1,Ridge,378,10,17.02,14.74423797844647
Y1,Ridge,379,10,17.11,14.721061507858236
Y1,Ridge,424,10,16.83,15.007835422540301
Y1,Ridge,425,10,16.93,14.984658951952067
Y1,Ridge,426,10,16.66,14.96148248136383
Y1,Ridge,427,10,16.86,14.938306010775596
Y1,Ridge,472,10,16.99,15.225079925457663
Y1,Ridge,473,10,16.69,15.201903454869427
Y1,Ridge,474,10,16.56,15.178726984281193
Y1,Ridge,475,10,16.62,15.155550513692956
Y1,Ridge,520,10,16.73,15.442324428375024
Y1,Ridge,521,10,16.86,15.41914795778679
Y1,Ridge,522,10,16.76,15.395971487198553
Y1,Ridge,523,10,16.92,15.372795016610318
Y1,Ridge,568,10,19.52,17.595501081932074
Y1,Ridge,569,10,19.36,17.572324611343838
Y1,Ridge,570,10,19.48,17.549148140755605
Y1,Ridge,571,10,19.42,17.525971670167365
Y1,Ridge,616,10,19.2,17.812745584849434
Y1,Ridge,617,10,18.88,17.789569114261198
Y1,Ridge,618,10,18.9,17.766392643672965
Y1,Ridge,619,10,19.12,17.74321617308473
Y1,Ridge,664,10,18.48,18.029990087766794
Y1,Ridge,665,10,18.71,18.006813617178558
Y1,Ridge,666,10,18.48,17.983637146590326
Y1,Ridge,667,10,18.46,17.96046067600209
Y1,Ridge,712,10,19.06,18.247234590684155
Y1,Ridge,713,10,19.13,18.22405812009592
Y1,Ridge,714,10,19.0,18.200881649507686
Y1,Ridge,715,10,18.84,18.17770517891945
Y1,Ridge,760,10,17.69,18.46447909360152
Y1,Ridge,761,10,18.19,18.441302623013282
Y1,Ridge,762,10,18.16,18.418126152425046
Y1,Ridge,763,10,17.88,18.39494968183681
Y1,Ridge,44,11,8.6,12.075286296927459
Y1,Ridge,45,11,8.49,12.042826913173958
Y1,Ridge,46,11,8.45,12.010367529420456
Y1,Ridge,47,11,8.5,11.977908145666955
Y1,Ridge,92,11,12.96,14.300603726418634
Y1,Ridge,93,11,12.97,14.268144342665133
Y1,Ridge,94,11,12.93,14.23568495891163
Y1,Ridge,95,11,13.02,14.203225575158129
Y1,Ridge,140,11,12.88,14.517518342806898
Y1,Ridge,141,11,13.0,14.485058959053397
Y1,Ridge,142,11,12.97,14.452599575299896
Y1,Ridge,143,11,13.04,14.420140191546395
Y1,Ridge,188,11,12.68,14.734432959195162
Y1,Ridge,189,11,12.63,14.70197357544166
Y1,Ridge,190,11,12.71,14.669514191688158
Y1,Ridge,191,11,12.73,14.637054807934657
Y1,Ridge,236,11,12.85,14.951347575583426
Y1,Ridge,237,11,13.04,14.918888191829925
Y1,Ridge,238,11,13.0,14.886428808076424
Y1,Ridge,239,11,13.0,14.853969424322921
Y1,Ridge,284,11,12.59,15.168262191971689
Y1,Ridge,285,11,12.74,15.135802808218187
Y1,Ridge,286,11,12.8,15.103343424464686
Y1,Ridge,287,11,12.62,15.070884040711185
Y1,Ridge,332,11,15.09,17.313207946073
Y1,Ridge,333,11,15.12,17.2807485623195
Y1,Ridge,334,11,15.08,17.248289178565997
Y1,Ridge,335,11,15.16,17.215829794812496
Y1,Ridge,380,11,14.34,17.530122562461266
Y1,Ridge,381,11,14.66,17.49766317870776
Y1,Ridge,382,11,14.6,17.465203794954263
Y1,Ridge,383,11,14.6,17.43274441120076
Y1,Ridge,428,11,13.91,17.747037178849528
Y1,Ridge,429,11,14.34,17.714577795096027
Y1,Ridge,430,11,13.95,17.682118411342525
Y1,Ridge,431,11,13.99,17.649659027589024
Y1,Ridge,476,11,14.33,17.96395179523779
Y1,Ridge,477,11,14.61,17.931492411484292
Y1,Ridge,478,11,14.61,17.899033027730788
Y1,Ridge,479,11,14.65,17.866573643977286
Y1,Ridge,524,11,13.68,18.180866411626056
Y1,Ridge,525,11,13.99,18.148407027872555
Y1,Ridge,526,11,14.16,18.115947644119053
Y1,Ridge,527,11,13.86,18.08348826036555
Y1,Ridge,572,11,15.09,20.325812165727367
Y1,Ridge,573,11,17.17,20.293352781973866
Y1,Ridge,574,11,17.14,20.26089339822036
Y1,Ridge,575,11,17.14,20.228434014466863
Y1,Ridge,620,11,16.76,20.54272678211563
Y1,Ridge,621,11,17.23,20.510267398362128
Y1,Ridge,622,11,17.26,20.477808014608627
Y1,Ridge,623,11,17.15,20.445348630855126
Y1,Ridge,668,11,16.47,20.759641398503895
Y1,Ridge,669,11,16.35,20.72718201475039
Y1,Ridge,670,11,16.55,20.694722630996893
Y1,Ridge,671,11,16.74,20.662263247243388
Y1,Ridge,716,11,16.44,20.976556014892157
Y1,Ridge,717,11,16.9,20.944096631138656
Y1,Ridge,718,11,16.94,20.911637247385155
Y1,Ridge,719,11,16.77,20.879177863631654
Y1,Ridge,764,11,16.54,21.19347063128042
Y1,Ridge,765,11,16.44,21.161011247526922
Y1,Ridge,766,11,16.48,21.128551863773417
Y1,Ridge,767,11,16.64,21.096092480019916
Y1,kNN,0,0,15.55,25.054444444444446
Y1,kNN,1,0,15.55,24.44666666666667
Y1,kNN,2,0,15.55,23.936666666666667
Y1,kNN,3,0,15.55,24.14111111111111
Y1,kNN,48,0,24.58,28.107777777777777
Y1,kNN,49,0,24.63,28.82
Y1,kNN,50,0,24.63,28.52
Y1,kNN,51,0,24.59,27.45111111111111
Y1,kNN,96,0,24.29,29.86
Y1,kNN,97,0,24.31,29.125555555555554
Y1,kNN,98,0,24.13,29.02111111111111
Y1,kNN,99,0,24.25,29.564444444444447
Y1,kNN,144,0,24.28,29.24888888888889
Y1,kNN,145,0,24.4,28.895555555555557
Y1,kNN,146,0,24.11,28.976666666666663
Y1,kNN,147,0,24.35,29.272222222222222
Y1,kNN,192,0,24.38,29.753333333333337
Y1,kNN,193,0,24.23,28.845555555555556
Y1,kNN,194,0,24.04,28.945555555555554
Y1,kNN,195,0,24.32,29.778888888888886
Y1,kNN,240,0,24.35,29.914444444444445
Y1,kNN,241,0,24.33,29.546666666666667
Y1,kNN,242,0,24.03,29.561111111111114
Y1,kNN,243,0,24.26,29.830000000000002
Y1,kNN,288,0,28.15,32.63777777777778
Y1,kNN,289,0,28.15,32.95222222222222
Y1,kNN,290,0,28.37,32.67333333333333
Y1,kNN,291,0,28.41,32.084444444444436
Y1,kNN,336,0,28.67,32.59
Y1,kNN,337,0,28.57,32.641111111111115
Y1,kNN,338,0,28.18,32.55
Y1,kNN,339,0,28.6,32.29666666666666
Y1,kNN,384,0,28.67,32.123333333333335
Y1,kNN,385,0,28.56,32.355555555555554
Y1,kNN,386,0,28.17,32.40777777777778
Y1,kNN,387,0,28.63,32.18333333333334
Y1,kNN,432,0,28.7,32.422222222222224
Y1,kNN,433,0,28.55,32.23444444444445
Y1,kNN,434,0,28.15,32.30111111111111
Y1,kNN,435,0,28.62,32.48111111111111
Y1,kNN,480,0,28.69,32.49333333333333
Y1,kNN,481,0,28.58,32.21
Y1,kNN,482,0,28.15,32.08555555555556
Y1,kNN,483,0,28.61,32.47222222222223
Y1,kNN,528,0,32.26,34.541111111111114
Y1,kNN,529,0,32.26,35.61555555555555
Y1,kNN,530,0,32.49,35.37777777777777
Y1,kNN,531,0,32.53,34.050000000000004
Y1,kNN,576,0,32.82,35.09444444444445
Y1,kNN,577,0,32.71,35.897777777777776
Y1,kNN,578,0,32.24,35.830000000000005
Y1,kNN,579,0,32.72,34.91444444444445
Y1,kNN,624,0,32.82,35.28333333333334
Y1,kNN,625,0,32.69,35.58777777777778
Y1,kNN,626,0,32.23,35.59
Y1,kNN,627,0,32.75,35.172222222222224
Y1,kNN,672,0,32.85,34.854444444444454
Y1,kNN,673,0,32.67,35.24666666666667
Y1,kNN,674,0,32.21,35.217777777777776
Y1,kNN,675,0,32.74,34.74444444444444
Y1,kNN,720,0,32.84,34.168888888888894
Y1,kNN,721,0,32.72,34.65888888888889
Y1,kNN,722,0,32.21,34.59111111111111
Y1,kNN,723,0,32.73,33.949999999999996
Y1,kNN,4,1,20.84,22.658
Y1,kNN,5,1,21.46,20.998
Y1,kNN,6,1,20.71,20.729333333333333
Y1,kNN,7,1,19.68,22.16
Y1,kNN,52,1,29.03,23.82466666666667
Y1,kNN,53,1,29.87,25.21933333333333
Y1,kNN,54,1,29.14,24.894
Y1,kNN,55,1,28.09,23.192
Y1,kNN,100,1,28.88,25.320666666666668
Y1,kNN,101,1,29.68,25.57333333333333
Y1,kNN,102,1,28.83,25.422
Y1,kNN,103,1,27.9,25.020666666666667
Y1,kNN,148,1,28.07,25.150666666666663
Y1,kNN,149,1,29.01,25.369999999999997
Y1,kNN,150,1,29.62,25.398000000000003
Y1,kNN,151,1,29.05,25.304666666666666
Y1,kNN,196,1,29.06,25.18533333333334
Y1,kNN,197,1,28.05,25.282666666666668
Y1,kNN,198,1,28.86,25.30933333333333
Y1,kNN,199,1,29.79,25.39533333333333
Y1,kNN,244,1,29.83,26.322000000000003
Y1,kNN,245,1,29.08,25.130666666666663
Y1,kNN,246,1,28.03,25.079333333333334
Y1,kNN,247,1,29.02,26.237999999999996
Y1,kNN,292,1,32.68,28.98933333333333
Y1,kNN,293,1,33.48,28.607999999999997
Y1,kNN,294,1,32.84,28.321333333333328
Y1,kNN,295,1,32.0,28.63066666666667
Y1,kNN,340,1,32.46,28.287333333333336
Y1,kNN,341,1,33.27,28.594
Y1,kNN,342,1,32.33,28.412666666666667
Y1,kNN,343,1,31.66,27.91666666666667
Y1,kNN,388,1,31.63,27.947333333333336
Y1,kNN,389,1,32.4,28.318666666666665
Y1,kNN,390,1,32.68,28.23333333333333
Y1,kNN,391,1,32.29,28.05066666666666
Y1,kNN,436,1,32.67,28.025999999999996
Y1,kNN,437,1,31.69,28.173999999999996
Y1,kNN,438,1,32.07,28.129333333333328
Y1,kNN,439,1,33.28,28.192666666666664
Y1,kNN,484,1,33.13,28.785333333333327
Y1,kNN,485,1,32.31,27.87
Y1,kNN,486,1,31.53,27.748
Y1,kNN,487,1,32.46,28.652666666666665
Y1,kNN,532,1,36.47,31.731333333333332
Y1,kNN,533,1,37.24,31.44266666666667
Y1,kNN,534,1,36.66,31.208666666666666
Y1,kNN,535,1,35.96,31.352666666666668
Y1,kNN,580,1,35.84,31.278666666666663
Y1,kNN,581,1,36.57,31.726666666666667
Y1,kNN,582,1,36.06,31.526
Y1,kNN,583,1,35.69,30.926000000000002
Y1,kNN,628,1,34.24,31.230666666666668
Y1,kNN,629,1,34.95,31.618
Y1,kNN,630,1,35.05,31.500666666666667
Y1,kNN,631,1,34.29,31.198666666666664
Y1,kNN,676,1,36.45,31.190666666666672
Y1,kNN,677,1,35.73,31.478666666666665
Y1,kNN,678,1,35.4,31.425333333333334
Y1,kNN,679,1,36.57,31.284666666666666
Y1,kNN,724,1,35.67,31.708000000000002
Y1,kNN,725,1,35.01,31.17133333333333
Y1,kNN,726,1,34.72,31.123333333333335
Y1,kNN,727,1,35.24,31.65333333333333
Y1,kNN,8,2,19.5,24.062
Y1,kNN,9,2,19.95,23.168666666666663
Y1,kNN,10,2,19.34,22.891333333333332
Y1,kNN,11,2,18.31,23.518666666666668
Y1,kNN,56,2,26.28,26.309333333333335
Y1,kNN,57,2,26.91,26.170666666666662
Y1,kNN,58,2,26.37,25.865333333333332
Y1,kNN,59,2,25.27,25.676
Y1,kNN,104,2,26.48,27.379999999999995
Y1,kNN,105,2,27.02,25.72933333333334
Y1,kNN,106,2,26.33,25.551333333333332
Y1,kNN,107,2,25.36,27.05866666666667
Y1,kNN,152,2,25.41,27.080666666666662
Y1,kNN,153,2,26.47,25.51266666666667
Y1,kNN,154,2,26.89,25.596000000000004
Y1,kNN,155,2,26.46,27.369333333333334
Y1,kNN,200,2,26.44,27.328
Y1,kNN,201,2,25.37,25.42
Y1,kNN,202,2,26.33,25.528666666666666
Y1,kNN,203,2,27.03,27.558
Y1,kNN,248,2,27.03,28.017333333333337
Y1,kNN,249,2,26.45,27.229333333333333
Y1,kNN,250,2,25.36,27.133333333333333
Y1,kNN,251,2,26.45,27.982000000000003
Y1,kNN,296,2,29.54,29.53933333333334
Y1,kNN,297,2,30.05,29.947333333333336
Y1,kNN,298,2,29.6,29.68266666666667
Y1,kNN,299,2,28.66,28.972666666666665
Y1,kNN,344,2,29.34,29.546666666666667
Y1,kNN,345,2,29.87,28.126666666666665
Y1,kNN,346,2,29.27,27.94666666666667
Y1,kNN,347,2,28.4,29.173333333333336
Y1,kNN,392,2,28.4,29.151999999999997
Y1,kNN,393,2,29.4,27.613999999999997
Y1,kNN,394,2,29.43,27.643333333333334
Y1,kNN,395,2,29.07,29.280666666666665
Y1,kNN,440,2,29.47,29.215333333333334
Y1,kNN,441,2,28.42,27.40066666666667
Y1,kNN,442,2,29.08,27.50066666666667
Y1,kNN,443,2,29.88,29.35
Y1,kNN,488,2,29.71,29.303333333333335
Y1,kNN,489,2,29.09,29.209333333333333
Y1,kNN,490,2,28.31,29.06333333333333
Y1,kNN,491,2,29.39,29.130666666666666
Y1,kNN,536,2,31.89,32.99333333333333
Y1,kNN,537,2,32.39,33.19666666666667
Y1,kNN,538,2,32.09,32.98133333333333
Y1,kNN,539,2,31.29,32.608000000000004
Y1,kNN,584,2,32.48,32.73733333333334
Y1,kNN,585,2,32.74,31.346000000000007
Y1,kNN,586,2,32.13,31.179333333333332
Y1,kNN,587,2,31.64,32.36266666666668
Y1,kNN,632,2,31.28,32.342000000000006
Y1,kNN,633,2,32.12,30.83533333333333
Y1,kNN,634,2,32.05,30.768000000000004
Y1,kNN,635,2,31.84,32.385999999999996
Y1,kNN,680,2,32.38,32.531333333333336
Y1,kNN,681,2,31.66,30.966
Y1,kNN,682,2,32.15,31.04266666666667
Y1,kNN,683,2,32.75,32.602
Y1,kNN,728,2,32.31,32.77466666666667
Y1,kNN,729,2,31.81,32.44
Y1,kNN,730,2,31.12,32.30533333333334
Y1,kNN,731,2,32.06,32.66466666666666
Y1,kNN,12,3,17.05,25.67111111111111
Y1,kNN,13,3,17.41,25.814444444444447
Y1,kNN,14,3,16.95,25.540000000000003
Y1,kNN,15,3,15.98,25.08
Y1,kNN,60,3,23.53,29.450000000000003
Y1,kNN,61,3,24.03,31.476666666666663
Y1,kNN,62,3,23.54,31.216666666666665
Y1,kNN,63,3,22.58,29.00222222222222
Y1,kNN,108,3,23.75,30.924444444444443
Y1,kNN,109,3,24.23,32.50666666666666
Y1,kNN,110,3,23.67,32.50555555555556
Y1,kNN,111,3,22.79,30.77333333333333
Y1,kNN,156,3,22.93,30.737777777777776
Y1,kNN,157,3,23.84,32.138888888888886
Y1,kNN,158,3,24.17,32.30444444444444
Y1,kNN,159,3,23.87,31.287777777777777
Y1,kNN,204,3,23.8,30.985555555555557
Y1,kNN,205,3,22.8,31.858888888888885
Y1,kNN,206,3,23.59,32.18
Y1,kNN,207,3,24.24,31.19888888888889
Y1,kNN,252,3,24.37,31.699999999999996
Y1,kNN,253,3,23.89,31.07666666666667
Y1,kNN,254,3,22.89,30.78111111111111
Y1,kNN,255,3,23.86,31.383333333333333
Y1,kNN,300,3,26.84,34.614444444444445
Y1,kNN,301,3,27.27,34.58777777777778
Y1,kNN,302,3,26.97,34.36888888888889
Y1,kNN,303,3,26.19,34.24111111111111
Y1,kNN,348,3,25.74,34.00888888888889
Y1,kNN,349,3,25.98,35.522222222222226
Y1,kNN,350,3,25.38,35.49333333333334
Y1,kNN,351,3,24.94,33.87555555555556
Y1,kNN,396,3,24.7,33.8
Y1,kNN,397,3,25.48,35.14666666666667
Y1,kNN,398,3,25.37,35.19444444444444
Y1,kNN,399,3,25.17,34.20111111111111
Y1,kNN,444,3,25.66,34.04888888888889
Y1,kNN,445,3,24.96,34.88333333333333
Y1,kNN,446,3,25.43,35.0
Y1,kNN,447,3,26.0,34.18111111111111
Y1,kNN,492,3,25.7,34.736666666666665
Y1,kNN,493,3,25.17,33.93444444444444
Y1,kNN,494,3,24.6,33.69111111111111
Y1,kNN,495,3,25.49,34.38111111111111
Y1,kNN,540,3,29.22,37.53666666666667
Y1,kNN,541,3,29.91,37.330000000000005
Y1,kNN,542,3,29.53,37.12111111111111
Y1,kNN,543,3,28.65,37.27777777777778
Y1,kNN,588,3,28.95,36.84777777777778
Y1,kNN,589,3,29.49,38.35777777777778
Y1,kNN,590,3,28.64,38.342222222222226
Y1,kNN,591,3,28.01,36.77777777777778
Y1,kNN,636,3,28.67,36.60777777777778
Y1,kNN,637,3,29.67,37.92777777777778
Y1,kNN,638,3,29.47,37.92333333333333
Y1,kNN,639,3,28.91,36.891111111111115
Y1,kNN,684,3,28.93,36.88333333333334
Y1,kNN,685,3,28.05,37.82222222222222
Y1,kNN,686,3,28.64,37.812222222222225
Y1,kNN,687,3,29.52,36.946666666666665
Y1,kNN,732,3,30.0,37.465555555555554
Y1,kNN,733,3,29.5,36.53333333333333
Y1,kNN,734,3,29.06,36.33555555555556
Y1,kNN,735,3,29.92,37.1
Y1,kNN,16,4,28.52,21.371111111111112
Y1,kNN,17,4,29.9,20.90555555555555
Y1,kNN,18,4,29.63,20.467777777777776
Y1,kNN,19,4,28.75,20.493333333333332
Y1,kNN,64,4,35.56,23.82
Y1,kNN,65,4,37.12,23.815555555555555
Y1,kNN,66,4,36.9,23.45888888888889
Y1,kNN,67,4,35.94,23.203333333333333
Y1,kNN,112,4,35.65,24.25888888888889
Y1,kNN,113,4,37.26,23.743333333333336
Y1,kNN,114,4,36.97,23.63555555555556
Y1,kNN,115,4,36.03,23.906666666666666
Y1,kNN,160,4,35.78,23.981111111111108
Y1,kNN,161,4,35.48,23.642222222222227
Y1,kNN,162,4,36.97,23.68888888888889
Y1,kNN,163,4,36.7,24.202222222222222
Y1,kNN,208,4,36.86,24.164444444444445
Y1,kNN,209,4,35.89,23.58666666666667
Y1,kNN,210,4,35.45,23.683333333333334
Y1,kNN,211,4,37.1,24.27111111111111
Y1,kNN,256,4,37.03,25.112222222222222
Y1,kNN,257,4,36.71,24.08888888888889
Y1,kNN,258,4,36.77,23.933333333333337
Y1,kNN,259,4,35.48,25.045555555555556
Y1,kNN,304,4,38.67,26.285555555555554
Y1,kNN,305,4,40.03,26.90777777777778
Y1,kNN,306,4,39.86,26.6
Y1,kNN,307,4,39.04,25.703333333333333
Y1,kNN,352,4,38.57,26.45
Y1,kNN,353,4,40.19,25.969999999999995
Y1,kNN,354,4,39.97,25.86111111111111
Y1,kNN,355,4,38.98,25.913333333333334
Y1,kNN,400,4,39.04,25.83555555555556
Y1,kNN,401,4,38.35,25.41111111111111
Y1,kNN,402,4,39.81,25.412222222222223
Y1,kNN,403,4,39.83,26.015555555555554
Y1,kNN,448,4,40.0,25.985555555555557
Y1,kNN,449,4,38.84,25.23
Y1,kNN,450,4,38.33,25.296666666666667
Y1,kNN,451,4,40.12,26.188888888888886
Y1,kNN,496,4,39.89,26.00777777777778
Y1,kNN,497,4,39.83,26.000000000000004
Y1,kNN,498,4,39.01,25.767777777777777
Y1,kNN,499,4,38.65,26.011111111111113
Y1,kNN,544,4,41.4,29.68666666666666
Y1,kNN,545,4,42.62,29.452222222222222
Y1,kNN,546,4,42.5,29.195555555555554
Y1,kNN,547,4,41.67,29.124444444444446
Y1,kNN,592,4,41.64,29.22888888888889
Y1,kNN,593,4,43.1,29.283333333333335
Y1,kNN,594,4,42.74,29.142222222222227
Y1,kNN,595,4,41.92,28.81222222222222
Y1,kNN,640,4,41.26,28.86
Y1,kNN,641,4,41.3,28.945555555555554
Y1,kNN,642,4,42.49,28.93333333333333
Y1,kNN,643,4,42.08,28.761111111111106
Y1,kNN,688,4,42.77,29.09
Y1,kNN,689,4,41.73,29.11
Y1,kNN,690,4,41.32,29.193333333333335
Y1,kNN,691,4,42.96,29.14222222222222
Y1,kNN,736,4,42.11,29.387777777777778
Y1,kNN,737,4,41.96,28.981111111111115
Y1,kNN,738,4,41.09,28.875555555555554
Y1,kNN,739,4,40.79,29.426666666666662
Y1,kNN,20,5,24.77,34.35666666666666
Y1,kNN,21,5,23.93,34.16777777777778
Y1,kNN,22,5,24.77,34.27777777777778
Y1,kNN,23,5,23.93,34.47555555555555
Y1,kNN,68,5,32.96,35.22555555555555
Y1,kNN,69,5,32.12,36.096666666666664
Y1,kNN,70,5,32.94,36.29777777777778
Y1,kNN,71,5,32.21,35.437777777777775
Y1,kNN,116,5,33.16,36.77222222222222
Y1,kNN,117,5,32.4,36.41
Y1,kNN,118,5,33.12,36.596666666666664
Y1,kNN,119,5,32.41,37.26888888888888
Y1,kNN,164,5,32.52,36.50555555555556
Y1,kNN,165,5,33.28,36.25666666666666
Y1,kNN,166,5,32.33,36.42777777777778
Y1,kNN,167,5,33.24,36.71888888888889
Y1,kNN,212,5,33.08,37.03222222222222
Y1,kNN,213,5,32.38,36.326666666666675
Y1,kNN,214,5,33.09,36.28333333333333
Y1,kNN,215,5,32.31,37.03
Y1,kNN,260,5,32.31,37.49666666666667
Y1,kNN,261,5,33.21,36.98444444444445
Y1,kNN,262,5,32.46,36.85666666666666
Y1,kNN,263,5,33.27,37.361111111111114
Y1,kNN,308,5,36.96,38.97222222222222
Y1,kNN,309,5,36.13,39.486666666666665
Y1,kNN,310,5,36.91,39.69777777777777
Y1,kNN,311,5,36.43,39.24888888888889
Y1,kNN,356,5,36.95,39.126666666666665
Y1,kNN,357,5,36.28,39.38777777777778
Y1,kNN,358,5,36.86,39.562222222222225
Y1,kNN,359,5,36.45,39.50666666666667
Y1,kNN,404,5,35.99,38.96666666666667
Y1,kNN,405,5,36.59,39.23333333333333
Y1,kNN,406,5,35.64,39.38
Y1,kNN,407,5,36.52,39.42888888888889
Y1,kNN,452,5,36.95,39.349999999999994
Y1,kNN,453,5,36.45,39.233333333333334
Y1,kNN,454,5,36.81,39.196666666666665
Y1,kNN,455,5,36.26,39.42111111111111
Y1,kNN,500,5,35.69,39.596666666666664
Y1,kNN,501,5,36.64,39.21333333333334
Y1,kNN,502,5,36.06,39.16111111111111
Y1,kNN,503,5,36.7,39.141111111111115
Y1,kNN,548,5,40.78,40.95444444444444
Y1,kNN,549,5,39.97,41.724444444444444
Y1,kNN,550,5,40.71,41.87444444444444
Y1,kNN,551,5,40.43,41.25333333333334
Y1,kNN,596,5,40.78,41.25888888888889
Y1,kNN,597,5,40.15,42.11666666666666
Y1,kNN,598,5,40.57,42.26888888888889
Y1,kNN,599,5,40.42,41.68555555555556
Y1,kNN,644,5,39.32,41.59444444444445
Y1,kNN,645,5,39.84,42.038888888888884
Y1,kNN,646,5,38.89,42.18222222222223
Y1,kNN,647,5,39.68,41.75555555555556
Y1,kNN,692,5,40.68,41.406666666666666
Y1,kNN,693,5,40.4,41.781111111111116
Y1,kNN,694,5,40.6,41.74666666666667
Y1,kNN,695,5,40.11,41.26888888888888
Y1,kNN,740,5,38.82,41.205555555555556
Y1,kNN,741,5,39.72,41.21666666666667
Y1,kNN,742,5,39.31,41.07555555555555
Y1,kNN,743,5,39.86,40.94555555555556
Y1,kNN,24,6,6.07,8.932222222222222
Y1,kNN,25,6,6.05,8.403333333333332
Y1,kNN,26,6,6.01,8.392222222222223
Y1,kNN,27,6,6.04,8.91
Y1,kNN,72,6,10.36,10.668888888888889
Y1,kNN,73,6,10.43,10.47777777777778
Y1,kNN,74,6,10.36,10.47
Y1,kNN,75,6,10.39,10.673333333333332
Y1,kNN,120,6,10.42,10.973333333333334
Y1,kNN,121,6,10.46,10.694444444444445
Y1,kNN,122,6,10.32,10.695555555555556
Y1,kNN,123,6,10.45,10.973333333333333
Y1,kNN,168,6,10.39,10.95111111111111
Y1,kNN,169,6,10.34,10.656666666666666
Y1,kNN,170,6,10.35,10.66
Y1,kNN,171,6,10.38,10.882222222222222
Y1,kNN,216,6,10.08,10.93888888888889
Y1,kNN,217,6,10.15,10.683333333333332
Y1,kNN,218,6,10.07,11.005555555555555
Y1,kNN,219,6,10.14,11.238888888888889
Y1,kNN,264,6,10.47,11.178888888888887
Y1,kNN,265,6,10.37,10.892222222222223
Y1,kNN,266,6,10.34,11.225555555555555
Y1,kNN,267,6,10.39,11.46888888888889
Y1,kNN,312,6,12.43,12.321111111111112
Y1,kNN,313,6,12.5,12.54888888888889
Y1,kNN,314,6,12.41,12.52888888888889
Y1,kNN,315,6,12.45,12.312222222222223
Y1,kNN,360,6,12.35,12.524444444444445
Y1,kNN,361,6,12.45,12.377777777777778
Y1,kNN,362,6,12.16,12.377777777777776
Y1,kNN,363,6,12.3,12.502222222222223
Y1,kNN,408,6,11.8,12.371111111111112
Y1,kNN,409,6,12.03,12.292222222222222
Y1,kNN,410,6,11.98,12.276666666666667
Y1,kNN,411,6,11.69,12.234444444444444
Y1,kNN,456,6,12.32,12.463333333333331
Y1,kNN,457,6,12.3,12.279999999999998
Y1,kNN,458,6,12.18,12.246666666666666
Y1,kNN,459,6,12.43,12.38888888888889
Y1,kNN,504,6,12.12,12.006666666666668
Y1,kNN,505,6,11.67,12.131111111111112
Y1,kNN,506,6,11.64,12.140000000000002
Y1,kNN,507,6,12.02,12.273333333333333
Y1,kNN,552,6,14.52,14.077777777777776
Y1,kNN,553,6,14.61,14.305555555555555
Y1,kNN,554,6,14.5,14.264444444444443
Y1,kNN,555,6,14.55,14.023333333333333
Y1,kNN,600,6,14.54,14.25
Y1,kNN,601,6,14.45,14.378888888888888
Y1,kNN,602,6,14.18,14.364444444444445
Y1,kNN,603,6,14.5,14.195555555555554
Y1,kNN,648,6,13.97,14.222222222222221
Y1,kNN,649,6,14.22,14.396666666666667
Y1,kNN,650,6,14.1,14.381111111111112
Y1,kNN,651,6,13.78,13.85888888888889
Y1,kNN,696,6,14.37,13.784444444444444
Y1,kNN,697,6,14.48,13.736666666666666
Y1,kNN,698,6,14.32,13.71888888888889
Y1,kNN,699,6,14.44,13.756666666666668
Y1,kNN,744,6,14.41,13.524444444444445
Y1,kNN,745,6,14.19,13.565555555555555
Y1,kNN,746,6,14.17,13.577777777777776
Y1,kNN,747,6,14.39,13.515555555555558
Y1,kNN,28,7,6.37,8.44111111111111
Y1,kNN,29,7,6.4,7.466666666666667
Y1,kNN,30,7,6.37,7.446666666666666
Y1,kNN,31,7,6.4,8.414444444444444
Y1,kNN,76,7,10.71,9.92
Y1,kNN,77,7,10.8,10.354444444444447
Y1,kNN,78,7,10.7,10.33
Y1,kNN,79,7,10.75,9.90111111111111
Y1,kNN,124,7,10.64,10.88888888888889
Y1,kNN,125,7,10.72,10.896666666666667
Y1,kNN,126,7,10.55,10.883333333333335
Y1,kNN,127,7,10.68,10.860000000000001
Y1,kNN,172,7,10.77,10.855555555555554
Y1,kNN,173,7,10.68,10.828888888888889
Y1,kNN,174,7,10.68,10.763333333333334
Y1,kNN,175,7,10.7,10.841111111111111
Y1,kNN,220,7,10.66,10.784444444444444
Y1,kNN,221,7,10.68,10.744444444444444
Y1,kNN,222,7,10.53,10.734444444444446
Y1,kNN,223,7,10.72,10.740000000000002
Y1,kNN,268,7,10.78,10.92111111111111
Y1,kNN,269,7,10.7,10.79888888888889
Y1,kNN,270,7,10.67,10.761111111111113
Y1,kNN,271,7,13.69,10.883333333333333
Y1,kNN,316,7,12.57,12.474444444444444
Y1,kNN,317,7,12.65,12.66111111111111
Y1,kNN,318,7,12.57,12.62
Y1,kNN,319,7,12.63,12.401111111111112
Y1,kNN,364,7,12.33,12.533333333333331
Y1,kNN,365,7,12.29,12.553333333333333
Y1,kNN,366,7,12.2,12.51
Y1,kNN,367,7,12.49,12.427777777777779
Y1,kNN,412,7,12.41,12.436666666666667
Y1,kNN,413,7,12.28,12.410000000000002
Y1,kNN,414,7,12.1,12.293333333333333
Y1,kNN,415,7,12.19,12.374444444444443
Y1,kNN,460,7,12.36,12.370000000000001
Y1,kNN,461,7,12.49,12.365555555555554
Y1,kNN,462,7,12.17,12.341111111111111
Y1,kNN,463,7,12.28,12.291111111111112
Y1,kNN,508,7,12.27,12.229999999999999
Y1,kNN,509,7,12.19,12.235555555555555
Y1,kNN,510,7,12.25,12.20111111111111
Y1,kNN,511,7,12.27,12.178888888888888
Y1,kNN,556,7,14.51,14.396666666666667
Y1,kNN,557,7,14.6,14.574444444444445
Y1,kNN,558,7,14.5,14.491111111111113
Y1,kNN,559,7,14.58,14.24888888888889
Y1,kNN,604,7,14.7,14.496666666666666
Y1,kNN,605,7,14.66,14.50111111111111
Y1,kNN,606,7,14.4,14.404444444444444
Y1,kNN,607,7,14.71,14.32
Y1,kNN,652,7,14.07,14.44222222222222
Y1,kNN,653,7,14.03,14.42111111111111
Y1,kNN,654,7,13.94,14.294444444444444
Y1,kNN,655,7,13.86,14.321111111111113
Y1,kNN,700,7,14.6,14.345555555555555
Y1,kNN,701,7,14.7,14.415555555555557
Y1,kNN,702,7,14.47,14.403333333333332
Y1,kNN,703,7,14.66,14.314444444444446
Y1,kNN,748,7,12.43,14.164444444444444
Y1,kNN,749,7,12.63,14.353333333333332
Y1,kNN,750,7,12.76,14.352222222222224
Y1,kNN,751,7,12.42,14.178888888888888
Y1,kNN,32,8,6.85,9.529333333333334
Y1,kNN,33,8,6.79,9.016
Y1,kNN,34,8,6.77,9.009333333333332
Y1,kNN,35,8,6.81,9.500666666666667
Y1,kNN,80,8,11.11,10.996
Y1,kNN,81,8,11.13,10.636
Y1,kNN,82,8,11.09,10.633333333333333
Y1,kNN,83,8,11.16,10.962666666666667
Y1,kNN,128,8,11.45,11.460666666666665
Y1,kNN,129,8,11.46,11.029333333333335
Y1,kNN,130,8,11.32,11.024
Y1,kNN,131,8,11.49,11.431999999999999
Y1,kNN,176,8,11.22,11.401999999999997
Y1,kNN,177,8,11.16,10.986666666666666
Y1,kNN,178,8,11.1,10.984
Y1,kNN,179,8,11.14,11.363333333333333
Y1,kNN,224,8,11.18,11.392
Y1,kNN,225,8,11.22,10.966666666666667
Y1,kNN,226,8,11.07,11.154666666666666
Y1,kNN,227,8,11.2,11.535333333333332
Y1,kNN,272,8,11.21,11.596666666666668
Y1,kNN,273,8,11.14,11.338666666666667
Y1,kNN,274,8,11.11,11.518666666666666
Y1,kNN,275,8,11.16,11.770666666666667
Y1,kNN,320,8,12.78,13.109333333333332
Y1,kNN,321,8,12.93,13.042000000000002
Y1,kNN,322,8,12.73,13.051999999999998
Y1,kNN,323,8,12.72,13.084666666666665
Y1,kNN,368,8,12.85,13.021333333333333
Y1,kNN,369,8,12.87,12.633999999999997
Y1,kNN,370,8,12.73,12.612666666666666
Y1,kNN,371,8,12.95,12.958666666666666
Y1,kNN,416,8,12.34,12.916
Y1,kNN,417,8,12.46,12.536666666666667
Y1,kNN,418,8,12.31,12.509333333333334
Y1,kNN,419,8,12.12,12.798666666666668
Y1,kNN,464,8,12.91,12.928666666666665
Y1,kNN,465,8,12.95,12.529333333333334
Y1,kNN,466,8,12.67,12.489333333333333
Y1,kNN,467,8,12.86,12.828
Y1,kNN,512,8,12.47,12.788
Y1,kNN,513,8,12.12,12.750666666666666
Y1,kNN,514,8,12.18,12.74933333333333
Y1,kNN,515,8,12.47,12.952666666666666
Y1,kNN,560,8,14.51,14.726666666666667
Y1,kNN,561,8,14.7,15.026666666666669
Y1,kNN,562,8,14.42,15.024666666666667
Y1,kNN,563,8,14.42,14.671333333333338
Y1,kNN,608,8,14.75,14.937999999999999
Y1,kNN,609,8,14.71,14.717999999999998
Y1,kNN,610,8,14.33,14.676
Y1,kNN,611,8,14.62,14.838
Y1,kNN,656,8,14.32,14.881333333333332
Y1,kNN,657,8,14.56,14.686666666666666
Y1,kNN,658,8,14.33,14.646666666666667
Y1,kNN,659,8,14.08,14.724666666666668
Y1,kNN,704,8,14.54,14.606666666666667
Y1,kNN,705,8,14.62,14.291333333333332
Y1,kNN,706,8,14.53,14.247333333333334
Y1,kNN,707,8,14.71,14.517333333333333
Y1,kNN,752,8,14.12,14.250666666666667
Y1,kNN,753,8,14.28,14.445333333333334
Y1,kNN,754,8,14.37,14.46
Y1,kNN,755,8,14.21,14.225333333333333
Y1,kNN,36,9,7.18,10.454666666666666
Y1,kNN,37,9,7.1,10.351333333333333
Y1,kNN,38,9,7.1,10.317333333333334
Y1,kNN,39,9,7.1,10.431333333333335
Y1,kNN,84,9,11.68,12.725333333333335
Y1,kNN,85,9,11.69,12.654666666666666
Y1,kNN,86,9,11.7,12.644000000000002
Y1,kNN,87,9,11.69,12.699333333333332
Y1,kNN,132,9,11.45,13.327333333333332
Y1,kNN,133,9,11.42,13.807999999999998
Y1,kNN,134,9,11.33,13.787333333333333
Y1,kNN,135,9,11.43,13.318
Y1,kNN,180,9,11.59,13.311333333333335
Y1,kNN,181,9,11.6,13.751333333333331
Y1,kNN,182,9,11.53,13.714666666666666
Y1,kNN,183,9,11.61,13.273333333333332
Y1,kNN,228,9,11.44,13.284666666666665
Y1,kNN,229,9,11.42,13.734
Y1,kNN,230,9,11.33,13.737333333333334
Y1,kNN,231,9,11.43,13.237333333333334
Y1,kNN,276,9,11.38,13.562666666666667
Y1,kNN,277,9,11.34,13.252666666666668
Y1,kNN,278,9,11.22,13.243333333333332
Y1,kNN,279,9,11.34,13.74533333333333
Y1,kNN,324,9,13.17,14.853999999999997
Y1,kNN,325,9,13.18,15.329333333333333
Y1,kNN,326,9,13.17,15.341333333333333
Y1,kNN,327,9,13.18,14.849999999999998
Y1,kNN,372,9,13.05,15.184666666666665
Y1,kNN,373,9,12.93,15.485999999999997
Y1,kNN,374,9,12.77,15.456666666666669
Y1,kNN,375,9,13.0,15.134000000000002
Y1,kNN,420,9,12.97,15.023333333333332
Y1,kNN,421,9,13.01,15.262
Y1,kNN,422,9,12.74,15.168666666666665
Y1,kNN,423,9,12.84,14.952
Y1,kNN,468,9,12.95,15.00466666666667
Y1,kNN,469,9,13.0,15.248666666666663
Y1,kNN,470,9,12.86,15.229333333333336
Y1,kNN,471,9,12.92,14.909333333333333
Y1,kNN,516,9,12.93,14.412
Y1,kNN,517,9,12.82,14.895999999999999
Y1,kNN,518,9,12.78,14.873333333333333
Y1,kNN,519,9,13.02,14.428666666666667
Y1,kNN,564,9,15.23,16.526
Y1,kNN,565,9,15.23,16.791999999999998
Y1,kNN,566,9,15.23,16.768000000000004
Y1,kNN,567,9,15.23,16.616000000000003
Y1,kNN,612,9,15.34,16.686666666666667
Y1,kNN,613,9,15.29,17.41933333333333
Y1,kNN,614,9,15.09,17.365333333333332
Y1,kNN,615,9,15.3,16.602
Y1,kNN,660,9,15.16,16.555333333333333
Y1,kNN,661,9,15.18,17.24866666666667
Y1,kNN,662,9,14.72,17.193333333333335
Y1,kNN,663,9,14.9,16.457333333333334
Y1,kNN,708,9,15.34,16.381999999999998
Y1,kNN,709,9,15.29,17.088666666666665
Y1,kNN,710,9,15.09,17.09
Y1,kNN,711,9,15.3,16.34
Y1,kNN,756,9,14.96,16.114
Y1,kNN,757,9,14.92,16.241333333333333
Y1,kNN,758,9,14.92,16.261333333333333
Y1,kNN,759,9,15.16,16.133333333333333
Y1,kNN,40,10,10.85,9.724444444444444
Y1,kNN,41,10,10.54,8.707777777777778
Y1,kNN,42,10,10.77,8.682222222222222
Y1,kNN,43,10,10.56,9.700000000000001
Y1,kNN,88,10,15.41,11.203333333333333
Y1,kNN,89,10,15.2,11.87111111111111
Y1,kNN,90,10,15.42,11.861111111111112
Y1,kNN,91,10,15.21,11.193333333333333
Y1,kNN,136,10,15.41,12.292222222222222
Y1,kNN,137,10,15.18,12.29
Y1,kNN,138,10,15.34,12.293333333333331
Y1,kNN,139,10,15.19,12.305555555555555
Y1,kNN,184,10,15.16,12.235555555555557
Y1,kNN,185,10,15.36,12.232222222222223
Y1,kNN,186,10,15.12,12.204444444444443
Y1,kNN,187,10,15.36,12.27222222222222
Y1,kNN,232,10,15.4,12.036666666666669
Y1,kNN,233,10,15.19,12.22888888888889
Y1,kNN,234,10,15.32,12.22888888888889
Y1,kNN,235,10,15.16,12.206666666666667
Y1,kNN,280,10,15.16,12.275555555555554
Y1,kNN,281,10,15.37,12.17
Y1,kNN,282,10,15.12,12.158888888888889
Y1,kNN,283,10,15.36,12.195555555555556
Y1,kNN,328,10,17.5,13.833333333333334
Y1,kNN,329,10,17.35,14.11111111111111
Y1,kNN,330,10,17.52,14.10222222222222
Y1,kNN,331,10,17.37,13.842222222222222
Y1,kNN,376,10,17.14,13.915555555555557
Y1,kNN,377,10,16.84,13.74
Y1,kNN,378,10,17.02,13.655555555555557
Y1,kNN,379,10,17.11,13.913333333333334
Y1,kNN,424,10,16.83,13.536666666666669
Y1,kNN,425,10,16.93,13.708888888888888
Y1,kNN,426,10,16.66,13.633333333333333
Y1,kNN,427,10,16.86,13.698888888888888
Y1,kNN,472,10,16.99,13.466666666666665
Y1,kNN,473,10,16.69,13.740000000000002
Y1,kNN,474,10,16.56,13.697777777777777
Y1,kNN,475,10,16.62,13.656666666666666
Y1,kNN,520,10,16.73,13.29888888888889
Y1,kNN,521,10,16.86,13.62
Y1,kNN,522,10,16.76,13.634444444444444
Y1,kNN,523,10,16.92,13.497777777777777
Y1,kNN,568,10,19.52,15.612222222222222
Y1,kNN,569,10,19.36,16.096666666666668
Y1,kNN,570,10,19.48,16.302222222222223
Y1,kNN,571,10,19.42,15.85777777777778
Y1,kNN,616,10,19.2,15.755555555555553
Y1,kNN,617,10,18.88,16.015555555555558
Y1,kNN,618,10,18.9,15.978888888888886
Y1,kNN,619,10,19.12,16.216666666666665
Y1,kNN,664,10,18.48,15.814444444444442
Y1,kNN,665,10,18.71,16.046666666666667
Y1,kNN,666,10,18.48,15.96
Y1,kNN,667,10,18.46,16.04111111111111
Y1,kNN,712,10,19.06,15.948888888888888
Y1,kNN,713,10,19.13,15.97777777777778
Y1,kNN,714,10,19.0,15.963333333333335
Y1,kNN,715,10,18.84,15.828888888888887
Y1,kNN,760,10,17.69,15.612222222222222
Y1,kNN,761,10,18.19,15.93222222222222
Y1,kNN,762,10,18.16,15.943333333333335
Y1,kNN,763,10,17.88,15.684444444444447
Y1,kNN,44,11,8.6,12.061111111111112
Y1,kNN,45,11,8.49,11.063333333333333
Y1,kNN,46,11,8.45,11.0
Y1,kNN,47,11,8.5,12.042222222222222
Y1,kNN,92,11,12.96,14.836666666666664
Y1,kNN,93,11,12.97,14.615555555555554
Y1,kNN,94,11,12.93,14.614444444444445
Y1,kNN,95,11,13.02,14.805555555555555
Y1,kNN,140,11,12.88,15.07888888888889
Y1,kNN,141,11,13.0,15.288888888888888
Y1,kNN,142,11,12.97,15.264444444444443
Y1,kNN,143,11,13.04,15.037777777777778
Y1,kNN,188,11,12.68,15.05888888888889
Y1,kNN,189,11,12.63,15.275555555555554
Y1,kNN,190,11,12.71,15.246666666666666
Y1,kNN,191,11,12.73,15.035555555555554
Y1,kNN,236,11,12.85,15.053333333333333
Y1,kNN,237,11,13.04,15.244444444444444
Y1,kNN,238,11,13.0,15.262222222222224
Y1,kNN,239,11,13.0,14.964444444444446
Y1,kNN,284,11,12.59,14.757777777777777
Y1,kNN,285,11,12.74,15.013333333333334
Y1,kNN,286,11,12.8,14.957777777777778
Y1,kNN,287,11,12.62,14.736666666666666
Y1,kNN,332,11,15.09,16.574444444444442
Y1,kNN,333,11,15.12,16.790000000000003
Y1,kNN,334,11,15.08,16.808888888888887
Y1,kNN,335,11,15.16,16.54222222222222
Y1,kNN,380,11,14.34,16.694444444444443
Y1,kNN,381,11,14.66,17.087777777777774
Y1,kNN,382,11,14.6,17.07333333333333
Y1,kNN,383,11,14.6,16.650000000000002
Y1,kNN,428,11,13.91,16.447777777777777
Y1,kNN,429,11,14.34,16.851111111111113
Y1,kNN,430,11,13.95,16.810000000000002
Y1,kNN,431,11,13.99,16.387777777777778
Y1,kNN,476,11,14.33,16.493333333333332
Y1,kNN,477,11,14.61,16.778888888888886
Y1,kNN,478,11,14.61,16.762222222222224
Y1,kNN,479,11,14.65,16.366666666666664
Y1,kNN,524,11,13.68,16.142222222222223
Y1,kNN,525,11,13.99,16.33
Y1,kNN,526,11,14.16,16.274444444444445
Y1,kNN,527,11,13.86,16.12666666666667
Y1,kNN,572,11,15.09,17.85
Y1,kNN,573,11,17.17,18.514444444444443
Y1,kNN,574,11,17.14,18.487777777777776
Y1,kNN,575,11,17.14,17.82111111111111
Y1,kNN,620,11,16.76,18.41
Y1,kNN,621,11,17.23,19.00111111111111
Y1,kNN,622,11,17.26,18.978888888888893
Y1,kNN,623,11,17.15,18.345555555555556
Y1,kNN,668,11,16.47,18.126666666666665
Y1,kNN,669,11,16.35,18.87111111111111
Y1,kNN,670,11,16.55,18.83555555555556
Y1,kNN,671,11,16.74,18.220000000000002
Y1,kNN,716,11,16.44,18.087777777777777
Y1,kNN,717,11,16.9,18.544444444444444
Y1,kNN,718,11,16.94,18.538888888888888
Y1,kNN,719,11,16.77,17.984444444444446
Y1,kNN,764,11,16.54,17.396666666666665
Y1,kNN,765,11,16.44,17.968888888888888
Y1,kNN,766,11,16.48,17.92888888888889
Y1,kNN,767,11,16.64,17.371111111111112
Y1,SVR (RBF),0,0,15.55,25.99861796908651
Y1,SVR (RBF),1,0,15.55,26.05762786595459
Y1,SVR (RBF),2,0,15.55,25.923644694531298
Y1,SVR (RBF),3,0,15.55,25.609330287842244
Y1,SVR (RBF),48,0,24.58,28.45584450275282
Y1,SVR (RBF),49,0,24.63,28.595830532476292
Y1,SVR (RBF),50,0,24.63,28.466383512269797
Y1,SVR (RBF),51,0,24.59,28.0797805705813
Y1,SVR (RBF),96,0,24.29,28.76246380978732
Y1,SVR (RBF),97,0,24.31,28.917040286967172
Y1,SVR (RBF),98,0,24.13,28.793437292417302
Y1,SVR (RBF),99,0,24.25,28.403404221490902
Y1,SVR (RBF),144,0,24.28,28.90615347901376
Y1,SVR (RBF),145,0,24.4,29.071923510319433
Y1,SVR (RBF),146,0,24.11,28.956104197987248
Y1,SVR (RBF),147,0,24.35,28.569733023096006
Y1,SVR (RBF),192,0,24.38,28.880663697707604
Y1,SVR (RBF),193,0,24.23,29.053700154518282
Y1,SVR (RBF),194,0,24.04,28.947216902077045
Y1,SVR (RBF),195,0,24.32,28.571390763043247
Y1,SVR (RBF),240,0,24.35,28.689298087215978
Y1,SVR (RBF),241,0,24.33,28.86539235830653
Y1,SVR (RBF),242,0,24.03,28.7693512190283
Y1,SVR (RBF),243,0,24.26,28.41038323204728
Y1,SVR (RBF),288,0,28.15,31.3123341036014
Y1,SVR (RBF),289,0,28.15,31.54873778697786
Y1,SVR (RBF),290,0,28.37,31.426755204368153
Y1,SVR (RBF),291,0,28.41,30.957989763108856
Y1,SVR (RBF),336,0,28.67,31.624975384853368
Y1,SVR (RBF),337,0,28.57,31.87605938476114
Y1,SVR (RBF),338,0,28.18,31.759843306307097
Y1,SVR (RBF),339,0,28.6,31.287410342127263
Y1,SVR (RBF),384,0,28.67,31.730240980106384
Y1,SVR (RBF),385,0,28.56,31.9910947627585
Y1,SVR (RBF),386,0,28.17,31.882455621858078
Y1,SVR (RBF),387,0,28.63,31.414714037288018
Y1,SVR (RBF),432,0,28.7,31.62372596227533
Y1,SVR (RBF),433,0,28.55,31.8889771350928
Y1,SVR (RBF),434,0,28.15,31.789348028819518
Y1,SVR (RBF),435,0,28.62,31.334398426306514
Y1,SVR (RBF),480,0,28.69,31.31248647039462
Y1,SVR (RBF),481,0,28.58,31.576614819909004
Y1,SVR (RBF),482,0,28.15,31.486998374249104
Y1,SVR (RBF),483,0,28.61,31.052267920523796
Y1,SVR (RBF),528,0,32.26,33.552135134729426
Y1,SVR (RBF),529,0,32.26,33.871064590613
Y1,SVR (RBF),530,0,32.49,33.76256223471686
Y1,SVR (RBF),531,0,32.53,33.23698567327531
Y1,SVR (RBF),576,0,32.82,33.85917206143334
Y1,SVR (RBF),577,0,32.71,34.19227277361689
Y1,SVR (RBF),578,0,32.24,34.089181771966565
Y1,SVR (RBF),579,0,32.72,33.55976900981891
Y1,SVR (RBF),624,0,32.82,33.92564016312456
Y1,SVR (RBF),625,0,32.69,34.26676138397031
Y1,SVR (RBF),626,0,32.23,34.170673409706744
Y1,SVR (RBF),627,0,32.75,33.64660625393239
Y1,SVR (RBF),672,0,32.85,33.74896642332722
Y1,SVR (RBF),673,0,32.67,34.091579217376186
Y1,SVR (RBF),674,0,32.21,34.00373683370445
Y1,SVR (RBF),675,0,32.74,33.49390897730032
Y1,SVR (RBF),720,0,32.84,33.339354255853294
Y1,SVR (RBF),721,0,32.72,33.67691456059213
Y1,SVR (RBF),722,0,32.21,33.59816666297823
Y1,SVR (RBF),723,0,32.73,33.110735887374915
Y1,SVR (RBF),4,1,20.84,24.13567648996118
Y1,SVR (RBF),5,1,21.46,24.34857929025462
Y1,SVR (RBF),6,1,20.71,24.365516302426087
Y1,SVR (RBF),7,1,19.68,24.18530598914436
Y1,SVR (RBF),52,1,29.03,27.053566941599545
Y1,SVR (RBF),53,1,29.87,27.354977560703773
Y1,SVR (RBF),54,1,29.14,27.36864415352835
Y1,SVR (RBF),55,1,28.09,27.093726971500207
Y1,SVR (RBF),100,1,28.88,27.501310783728346
Y1,SVR (RBF),101,1,29.68,27.813329204708232
Y1,SVR (RBF),102,1,28.83,27.82360259540713
Y1,SVR (RBF),103,1,27.9,27.531618257040627
Y1,SVR (RBF),148,1,28.07,27.76618777589151
Y1,SVR (RBF),149,1,29.01,28.082665124661332
Y1,SVR (RBF),150,1,29.62,28.08936887161176
Y1,SVR (RBF),151,1,29.05,27.786122815059507
Y1,SVR (RBF),196,1,29.06,27.8361211274391
Y1,SVR (RBF),197,1,28.05,28.150720551577198
Y1,SVR (RBF),198,1,28.86,28.153855522383203
Y1,SVR (RBF),199,1,29.79,27.845679077236014
Y1,SVR (RBF),244,1,29.83,27.710462118087147
Y1,SVR (RBF),245,1,29.08,28.017022049873916
Y1,SVR (RBF),246,1,28.03,28.01676100394711
Y1,SVR (RBF),247,1,29.02,27.710138140740312
Y1,SVR (RBF),292,1,32.68,30.412846297867986
Y1,SVR (RBF),293,1,33.48,30.818066169861
Y1,SVR (RBF),294,1,32.84,30.83072217220046
Y1,SVR (RBF),295,1,32.0,30.45008262729329
Y1,SVR (RBF),340,1,32.46,30.875864369564987
Y1,SVR (RBF),341,1,33.27,31.29207054261695
Y1,SVR (RBF),342,1,32.33,31.3012444974542
Y1,SVR (RBF),343,1,31.66,30.90298996824582
Y1,SVR (RBF),388,1,31.63,31.10367405970407
Y1,SVR (RBF),389,1,32.4,31.523100562159307
Y1,SVR (RBF),390,1,32.68,31.528632149358394
Y1,SVR (RBF),391,1,32.29,31.120215679957056
Y1,SVR (RBF),436,1,32.67,31.08597042305878
Y1,SVR (RBF),437,1,31.69,31.50072255059697
Y1,SVR (RBF),438,1,32.07,31.502632269968174
Y1,SVR (RBF),439,1,33.28,31.091980251718326
Y1,SVR (RBF),484,1,33.13,30.82615301439964
Y1,SVR (RBF),485,1,32.31,31.22864061492025
Y1,SVR (RBF),486,1,31.53,31.227123387685726
Y1,SVR (RBF),487,1,32.46,30.822190426954297
Y1,SVR (RBF),532,1,36.47,33.11865680318478
Y1,SVR (RBF),533,1,37.24,33.60611895027566
Y1,SVR (RBF),534,1,36.66,33.617367360851134
Y1,SVR (RBF),535,1,35.96,33.151793910297684
Y1,SVR (RBF),580,1,35.84,33.579345067508626
Y1,SVR (RBF),581,1,36.57,34.07779364990894
Y1,SVR (RBF),582,1,36.06,34.08564283866133
Y1,SVR (RBF),583,1,35.69,33.602611764212604
Y1,SVR (RBF),628,1,34.24,33.764858239543344
Y1,SVR (RBF),629,1,34.95,34.26531341092777
Y1,SVR (RBF),630,1,35.05,34.26962346646616
Y1,SVR (RBF),631,1,34.29,33.77784071763152
Y1,SVR (RBF),676,1,36.45,33.666884508668176
Y1,SVR (RBF),677,1,35.73,34.16029451929103
Y1,SVR (RBF),678,1,35.4,34.161101128580256
Y1,SVR (RBF),679,1,36.57,33.6696792316701
Y1,SVR (RBF),724,1,35.67,33.292406855622836
Y1,SVR (RBF),725,1,35.01,33.770129843043115
Y1,SVR (RBF),726,1,34.72,33.76763738417188
Y1,SVR (RBF),727,1,35.24,33.28560082820154
Y1,SVR (RBF),8,2,19.5,21.63671929418492
Y1,SVR (RBF),9,2,19.95,21.72278233902423
Y1,SVR (RBF),10,2,19.34,21.707567517098816
Y1,SVR (RBF),11,2,18.31,21.592946056189568
Y1,SVR (RBF),56,2,26.28,24.17831915693771
Y1,SVR (RBF),57,2,26.91,24.338633633742567
Y1,SVR (RBF),58,2,26.37,24.317660006848136
Y1,SVR (RBF),59,2,25.27,24.117851771873536
Y1,SVR (RBF),104,2,26.48,24.521765110182336
Y1,SVR (RBF),105,2,27.02,24.68950753060395
Y1,SVR (RBF),106,2,26.33,24.66519934860083
Y1,SVR (RBF),107,2,25.36,24.45161715996014
Y1,SVR (RBF),152,2,25.41,24.73417656785546
Y1,SVR (RBF),153,2,26.47,24.90534426181255
Y1,SVR (RBF),154,2,26.89,24.87808503651928
Y1,SVR (RBF),155,2,26.46,24.655454794139594
Y1,SVR (RBF),200,2,26.44,24.80597303517751
Y1,SVR (RBF),201,2,25.37,24.976423671667252
Y1,SVR (RBF),202,2,26.33,24.946743915539447
Y1,SVR (RBF),203,2,27.03,24.720211279756384
Y1,SVR (RBF),248,2,27.03,24.736591481281337
Y1,SVR (RBF),249,2,26.45,24.90230794694761
Y1,SVR (RBF),250,2,25.36,24.870855177705266
Y1,SVR (RBF),251,2,26.45,24.645663889601828
Y1,SVR (RBF),296,2,29.54,27.28817355814205
Y1,SVR (RBF),297,2,30.05,27.54254980583248
Y1,SVR (RBF),298,2,29.6,27.518814190650374
Y1,SVR (RBF),299,2,28.66,27.219698749581042
Y1,SVR (RBF),344,2,29.34,27.63402633439523
Y1,SVR (RBF),345,2,29.87,27.8957333341668
Y1,SVR (RBF),346,2,29.27,27.86850383058108
Y1,SVR (RBF),347,2,28.4,27.5554079209031
Y1,SVR (RBF),392,2,28.4,27.800630375052407
Y1,SVR (RBF),393,2,29.4,28.06421073287581
Y1,SVR (RBF),394,2,29.43,28.03391709453502
Y1,SVR (RBF),395,2,29.07,27.713109163901894
Y1,SVR (RBF),440,2,29.47,27.78059599462976
Y1,SVR (RBF),441,2,28.42,28.04052698118535
Y1,SVR (RBF),442,2,29.08,28.007751470450252
Y1,SVR (RBF),443,2,29.88,27.685855915778504
Y1,SVR (RBF),488,2,29.71,27.577600295551633
Y1,SVR (RBF),489,2,29.09,27.828619845957363
Y1,SVR (RBF),490,2,28.31,27.794064609279324
Y1,SVR (RBF),491,2,29.39,27.47767397875133
Y1,SVR (RBF),536,2,31.89,29.905274337202997
Y1,SVR (RBF),537,2,32.39,30.238886035615575
Y1,SVR (RBF),538,2,32.09,30.213808624928575
Y1,SVR (RBF),539,2,31.29,29.83289539962985
Y1,SVR (RBF),584,2,32.48,30.241365681094962
Y1,SVR (RBF),585,2,32.74,30.582006038107416
Y1,SVR (RBF),586,2,32.13,30.553451932574987
Y1,SVR (RBF),587,2,31.64,30.158892637894485
Y1,SVR (RBF),632,2,31.28,30.359963923127268
Y1,SVR (RBF),633,2,32.12,30.701021024836358
Y1,SVR (RBF),634,2,32.05,30.669441071533566
Y1,SVR (RBF),635,2,31.84,30.268698948696816
Y1,SVR (RBF),680,2,32.38,30.255947226098066
Y1,SVR (RBF),681,2,31.66,30.59081241208351
Y1,SVR (RBF),682,2,32.15,30.556807944950343
Y1,SVR (RBF),683,2,32.75,30.15762976086178
Y1,SVR (RBF),728,2,32.31,29.936737744142082
Y1,SVR (RBF),729,2,31.81,30.259176023718695
Y1,SVR (RBF),730,2,31.12,30.223465402640443
Y1,SVR (RBF),731,2,32.06,29.833447637315892
Y1,SVR (RBF),12,3,17.05,24.418554748778696
Y1,SVR (RBF),13,3,17.41,24.53635804674396
Y1,SVR (RBF),14,3,16.95,24.45416059443471
Y1,SVR (RBF),15,3,15.98,24.179984713982027
Y1,SVR (RBF),60,3,23.53,27.20515593926485
Y1,SVR (RBF),61,3,24.03,27.413802819569263
Y1,SVR (RBF),62,3,23.54,27.338268226025377
Y1,SVR (RBF),63,3,22.58,26.986012680277597
Y1,SVR (RBF),108,3,23.75,27.565833742439196
Y1,SVR (RBF),109,3,24.23,27.790163140039688
Y1,SVR (RBF),110,3,23.67,27.720437444949443
Y1,SVR (RBF),111,3,22.79,27.363605705915752
Y1,SVR (RBF),156,3,22.93,27.74283673385968
Y1,SVR (RBF),157,3,23.84,27.978341704765334
Y1,SVR (RBF),158,3,24.17,27.91545250074963
Y1,SVR (RBF),159,3,23.87,27.56050427854757
Y1,SVR (RBF),204,3,23.8,27.728873966927935
Y1,SVR (RBF),205,3,22.8,27.970534399683014
Y1,SVR (RBF),206,3,23.59,27.915166304803343
Y1,SVR (RBF),207,3,24.24,27.568419364699594
Y1,SVR (RBF),252,3,24.37,27.527164512847634
Y1,SVR (RBF),253,3,23.89,27.76974629635049
Y1,SVR (RBF),254,3,22.89,27.722224389945453
Y1,SVR (RBF),255,3,23.86,27.38952418072902
Y1,SVR (RBF),300,3,26.84,30.42489066970154
Y1,SVR (RBF),301,3,27.27,30.73931872187291
Y1,SVR (RBF),302,3,26.97,30.670670720090577
Y1,SVR (RBF),303,3,26.19,30.225787903264678
Y1,SVR (RBF),348,3,25.74,30.78583789188364
Y1,SVR (RBF),349,3,25.98,31.115756116801556
Y1,SVR (RBF),350,3,25.38,31.05276609954471
Y1,SVR (RBF),351,3,24.94,30.603212088063856
Y1,SVR (RBF),396,3,24.7,30.913718305893042
Y1,SVR (RBF),397,3,25.48,31.25298457166966
Y1,SVR (RBF),398,3,25.37,31.19656078663828
Y1,SVR (RBF),399,3,25.17,30.750202544109545
Y1,SVR (RBF),444,3,25.66,30.8036072128709
Y1,SVR (RBF),445,3,24.96,31.145654190259926
Y1,SVR (RBF),446,3,25.43,31.09637486781555
Y1,SVR (RBF),447,3,26.0,30.660874147441362
Y1,SVR (RBF),492,3,25.7,30.463153838566996
Y1,SVR (RBF),493,3,25.17,30.80135651590586
Y1,SVR (RBF),494,3,24.6,30.759458526582307
Y1,SVR (RBF),495,3,25.49,30.34188312682172
Y1,SVR (RBF),540,3,29.22,32.95758555061656
Y1,SVR (RBF),541,3,29.91,33.360297159606255
Y1,SVR (RBF),542,3,29.53,33.30174434377092
Y1,SVR (RBF),543,3,28.65,32.78782856007838
Y1,SVR (RBF),588,3,28.95,33.30702668914617
Y1,SVR (RBF),589,3,29.49,33.72446687600427
Y1,SVR (RBF),590,3,28.64,33.67114937260362
Y1,SVR (RBF),591,3,28.01,33.15251699157967
Y1,SVR (RBF),636,3,28.67,33.38627240823706
Y1,SVR (RBF),637,3,29.67,33.810993519390784
Y1,SVR (RBF),638,3,29.47,33.76365825818851
Y1,SVR (RBF),639,3,28.91,33.24917413626998
Y1,SVR (RBF),684,3,28.93,33.19268284573015
Y1,SVR (RBF),685,3,28.05,33.61691038426302
Y1,SVR (RBF),686,3,28.64,33.57600301064936
Y1,SVR (RBF),687,3,29.52,33.07428328007332
Y1,SVR (RBF),732,3,30.0,32.7376281645607
Y1,SVR (RBF),733,3,29.5,33.15367818991117
Y1,SVR (RBF),734,3,29.06,33.11933740449211
Y1,SVR (RBF),735,3,29.92,32.638321677228234
Y1,SVR (RBF),16,4,28.52,23.46599872194863
Y1,SVR (RBF),17,4,29.9,23.594615432154725
Y1,SVR (RBF),18,4,29.63,23.583203652404038
Y1,SVR (RBF),19,4,28.75,23.433138567583047
Y1,SVR (RBF),64,4,35.56,26.225405512978753
Y1,SVR (RBF),65,4,37.12,26.440298580779213
Y1,SVR (RBF),66,4,36.9,26.428839781084434
Y1,SVR (RBF),67,4,35.94,26.192438954363404
Y1,SVR (RBF),112,4,35.65,26.730055636332658
Y1,SVR (RBF),113,4,37.26,26.95816739051027
Y1,SVR (RBF),114,4,36.97,26.94448369875038
Y1,SVR (RBF),115,4,36.03,26.690631039916056
Y1,SVR (RBF),160,4,35.78,27.062677399593447
Y1,SVR (RBF),161,4,35.48,27.298557107624568
Y1,SVR (RBF),162,4,36.97,27.282843429198294
Y1,SVR (RBF),163,4,36.7,27.017355879465914
Y1,SVR (RBF),208,4,36.86,27.208005187353955
Y1,SVR (RBF),209,4,35.89,27.445854228705294
Y1,SVR (RBF),210,4,35.45,27.428405769168286
Y1,SVR (RBF),211,4,37.1,27.157639230191464
Y1,SVR (RBF),256,4,37.03,27.162896979030513
Y1,SVR (RBF),257,4,36.71,27.39694281882586
Y1,SVR (RBF),258,4,36.77,27.378138795697595
Y1,SVR (RBF),259,4,35.48,27.108583362439898
Y1,SVR (RBF),304,4,38.67,29.258615392243897
Y1,SVR (RBF),305,4,40.03,29.571857427041078
Y1,SVR (RBF),306,4,39.86,29.564493425654586
Y1,SVR (RBF),307,4,39.04,29.237563295487266
Y1,SVR (RBF),352,4,38.57,29.745781820766766
Y1,SVR (RBF),353,4,40.19,30.07157948485649
Y1,SVR (RBF),354,4,39.97,30.06190207527483
Y1,SVR (RBF),355,4,38.98,29.718014487665464
Y1,SVR (RBF),400,4,39.04,30.014416404442414
Y1,SVR (RBF),401,4,38.35,30.345804918855343
Y1,SVR (RBF),402,4,39.81,30.33393979805044
Y1,SVR (RBF),403,4,39.83,29.98029357985868
Y1,SVR (RBF),448,4,40.0,30.052305382810175
Y1,SVR (RBF),449,4,38.84,30.382076075461214
Y1,SVR (RBF),450,4,38.33,30.36825690817935
Y1,SVR (RBF),451,4,40.12,30.012500476997687
Y1,SVR (RBF),496,4,39.89,29.861249961328866
Y1,SVR (RBF),497,4,39.83,30.18238583101339
Y1,SVR (RBF),498,4,39.01,30.166940895396344
Y1,SVR (RBF),499,4,38.65,29.81671150544667
Y1,SVR (RBF),544,4,41.4,31.689346313212546
Y1,SVR (RBF),545,4,42.62,32.08178454974268
Y1,SVR (RBF),546,4,42.5,32.078952946374706
Y1,SVR (RBF),547,4,41.67,31.681463615863585
Y1,SVR (RBF),592,4,41.64,32.14085648513672
Y1,SVR (RBF),593,4,43.1,32.54475017976688
Y1,SVR (RBF),594,4,42.74,32.539630891852404
Y1,SVR (RBF),595,4,41.92,32.12633297622704
Y1,SVR (RBF),640,4,41.26,32.33981845994822
Y1,SVR (RBF),641,4,41.3,32.74708441706018
Y1,SVR (RBF),642,4,42.49,32.73972653717566
Y1,SVR (RBF),643,4,42.08,32.31879128862839
Y1,SVR (RBF),688,4,42.77,32.27731158408753
Y1,SVR (RBF),689,4,41.73,32.67972755603691
Y1,SVR (RBF),690,4,41.32,32.67029053922
Y1,SVR (RBF),691,4,42.96,32.250238538614745
Y1,SVR (RBF),736,4,42.11,31.959583997323232
Y1,SVR (RBF),737,4,41.96,32.349262963356004
Y1,SVR (RBF),738,4,41.09,32.33800691822698
Y1,SVR (RBF),739,4,40.79,31.92721555323766
Y1,SVR (RBF),20,5,24.77,26.834880662049024
Y1,SVR (RBF),21,5,23.93,27.18345267918188
Y1,SVR (RBF),22,5,24.77,27.224900635453167
Y1,SVR (RBF),23,5,23.93,26.9557141036913
Y1,SVR (RBF),68,5,32.96,29.39593979953405
Y1,SVR (RBF),69,5,32.12,29.827891443675767
Y1,SVR (RBF),70,5,32.94,29.87320221327914
Y1,SVR (RBF),71,5,32.21,29.528035255689964
Y1,SVR (RBF),116,5,33.16,29.85189471853511
Y1,SVR (RBF),117,5,32.4,30.294617931548714
Y1,SVR (RBF),118,5,33.12,30.336827750407654
Y1,SVR (RBF),119,5,32.41,29.974985474836632
Y1,SVR (RBF),164,5,32.52,30.07748129887317
Y1,SVR (RBF),165,5,33.28,30.522806340472222
Y1,SVR (RBF),166,5,32.33,30.56109000606355
Y1,SVR (RBF),167,5,33.24,30.18916245225923
Y1,SVR (RBF),212,5,33.08,30.062470423796544
Y1,SVR (RBF),213,5,32.38,30.50212096515372
Y1,SVR (RBF),214,5,33.09,30.53584113393788
Y1,SVR (RBF),215,5,32.31,30.160883000702448
Y1,SVR (RBF),260,5,32.31,29.80983793989204
Y1,SVR (RBF),261,5,33.21,30.235881165096124
Y1,SVR (RBF),262,5,32.46,30.264620019094586
Y1,SVR (RBF),263,5,33.27,29.893761245981075
Y1,SVR (RBF),308,5,36.96,31.92825880022608
Y1,SVR (RBF),309,5,36.13,32.44621371166391
Y1,SVR (RBF),310,5,36.91,32.499286595987556
Y1,SVR (RBF),311,5,36.43,32.08293141538215
Y1,SVR (RBF),356,5,36.95,32.38700282653415
Y1,SVR (RBF),357,5,36.28,32.915756282608285
Y1,SVR (RBF),358,5,36.86,32.96568801908359
Y1,SVR (RBF),359,5,36.45,32.532554080988255
Y1,SVR (RBF),404,5,35.99,32.57616501557765
Y1,SVR (RBF),405,5,36.59,33.10620814814004
Y1,SVR (RBF),406,5,35.64,33.15204532189274
Y1,SVR (RBF),407,5,36.52,32.70981708579191
Y1,SVR (RBF),452,5,36.95,32.48725984289345
Y1,SVR (RBF),453,5,36.45,33.009040166929765
Y1,SVR (RBF),454,5,36.81,33.05002544487772
Y1,SVR (RBF),455,5,36.26,32.60680473936827
Y1,SVR (RBF),500,5,35.69,32.12667351091015
Y1,SVR (RBF),501,5,36.64,32.63110208678942
Y1,SVR (RBF),502,5,36.06,32.66671156641528
Y1,SVR (RBF),503,5,36.7,32.23058195592459
Y1,SVR (RBF),548,5,40.78,33.690519478362916
Y1,SVR (RBF),549,5,39.97,34.26760661570212
Y1,SVR (RBF),550,5,40.71,34.325993399996975
Y1,SVR (RBF),551,5,40.43,33.86063345834234
Y1,SVR (RBF),596,5,40.78,34.13416394352305
Y1,SVR (RBF),597,5,40.15,34.72169061095745
Y1,SVR (RBF),598,5,40.57,34.77705005162994
Y1,SVR (RBF),599,5,40.42,34.29548710344332
Y1,SVR (RBF),644,5,39.32,34.282943695661075
Y1,SVR (RBF),645,5,39.84,34.87054773240259
Y1,SVR (RBF),646,5,38.89,34.92184241633052
Y1,SVR (RBF),647,5,39.68,34.432454123789384
Y1,SVR (RBF),692,5,40.68,34.130278631699866
Y1,SVR (RBF),693,5,40.4,34.707611573095654
Y1,SVR (RBF),694,5,40.6,34.75399889964707
Y1,SVR (RBF),695,5,40.11,34.26552056977269
Y1,SVR (RBF),740,5,38.82,33.68538671353109
Y1,SVR (RBF),741,5,39.72,34.242652915267975
Y1,SVR (RBF),742,5,39.31,34.283526410481684
Y1,SVR (RBF),743,5,39.86,33.80459095706985
Y1,SVR (RBF),24,6,6.07,9.546071256237736
Y1,SVR (RBF),25,6,6.05,9.287393926063704
Y1,SVR (RBF),26,6,6.01,9.288266359516586
Y1,SVR (RBF),27,6,6.04,9.548995366793253
Y1,SVR (RBF),72,6,10.36,10.371674948062331
Y1,SVR (RBF),73,6,10.43,10.13811440832269
Y1,SVR (RBF),74,6,10.36,10.138641007203448
Y1,SVR (RBF),75,6,10.39,10.373635205588062
Y1,SVR (RBF),120,6,10.42,10.312406031443011
Y1,SVR (RBF),121,6,10.46,10.074857810076756
Y1,SVR (RBF),122,6,10.32,10.073617056896259
Y1,SVR (RBF),123,6,10.45,10.309245491534504
Y1,SVR (RBF),168,6,10.39,10.335717089950519
Y1,SVR (RBF),169,6,10.34,10.096553061064387
Y1,SVR (RBF),170,6,10.35,10.09350867419474
Y1,SVR (RBF),171,6,10.38,10.327323567198114
Y1,SVR (RBF),216,6,10.08,10.441193540181736
Y1,SVR (RBF),217,6,10.15,10.202884968334295
Y1,SVR (RBF),218,6,10.07,10.198086801521102
Y1,SVR (RBF),219,6,10.14,10.427704757422148
Y1,SVR (RBF),264,6,10.47,10.62657600060288
Y1,SVR (RBF),265,6,10.37,10.391640491488243
Y1,SVR (RBF),266,6,10.34,10.385222153347822
Y1,SVR (RBF),267,6,10.39,10.60837300742215
Y1,SVR (RBF),312,6,12.43,12.166303175086881
Y1,SVR (RBF),313,6,12.5,11.989898059897914
Y1,SVR (RBF),314,6,12.41,11.992219096537692
Y1,SVR (RBF),315,6,12.45,12.173492262256687
Y1,SVR (RBF),360,6,12.35,12.067734537063485
Y1,SVR (RBF),361,6,12.45,11.885905736761778
Y1,SVR (RBF),362,6,12.16,11.886266143611941
Y1,SVR (RBF),363,6,12.3,12.069241065169312
Y1,SVR (RBF),408,6,11.8,12.024522238315566
Y1,SVR (RBF),409,6,12.03,11.83876730915173
Y1,SVR (RBF),410,6,11.98,11.837095549200424
Y1,SVR (RBF),411,6,11.69,12.020131331401947
Y1,SVR (RBF),456,6,12.32,12.039437515314912
Y1,SVR (RBF),457,6,12.3,11.851464150413129
Y1,SVR (RBF),458,6,12.18,11.84778587139867
Y1,SVR (RBF),459,6,12.43,12.029216331457393
Y1,SVR (RBF),504,6,12.12,12.114409833058275
Y1,SVR (RBF),505,6,11.67,11.926114860042773
Y1,SVR (RBF),506,6,11.64,11.920551780165688
Y1,SVR (RBF),507,6,12.02,12.098704673178869
Y1,SVR (RBF),552,6,14.52,14.164379744922481
Y1,SVR (RBF),553,6,14.61,14.050865911913025
Y1,SVR (RBF),554,6,14.5,14.054801990224512
Y1,SVR (RBF),555,6,14.55,14.176254616808412
Y1,SVR (RBF),600,6,14.54,14.035852462359792
Y1,SVR (RBF),601,6,14.45,13.915887185119008
Y1,SVR (RBF),602,6,14.18,13.917767111157563
Y1,SVR (RBF),603,6,14.5,14.04176636587151
Y1,SVR (RBF),648,6,13.97,13.934049258791697
Y1,SVR (RBF),649,6,14.22,13.80822419734978
Y1,SVR (RBF),650,6,14.1,13.807945979312647
Y1,SVR (RBF),651,6,13.78,13.933698920180515
Y1,SVR (RBF),696,6,14.37,13.864513446554373
Y1,SVR (RBF),697,6,14.48,13.733722040633898
Y1,SVR (RBF),698,6,14.32,13.731287017997612
Y1,SVR (RBF),699,6,14.44,13.857895522503462
Y1,SVR (RBF),744,6,14.41,13.83295495562869
Y1,SVR (RBF),745,6,14.19,13.698403323052496
Y1,SVR (RBF),746,6,14.17,13.693916309156311
Y1,SVR (RBF),747,6,14.39,13.820366788255134
Y1,SVR (RBF),28,7,6.37,9.715280395193831
Y1,SVR (RBF),29,7,6.4,9.459867907274047
Y1,SVR (RBF),30,7,6.37,9.454277814208293
Y1,SVR (RBF),31,7,6.4,9.699346396808334
Y1,SVR (RBF),76,7,10.71,10.660553874857648
Y1,SVR (RBF),77,7,10.8,10.437551053996035
Y1,SVR (RBF),78,7,10.7,10.434740989224164
Y1,SVR (RBF),79,7,10.75,10.652742451880274
Y1,SVR (RBF),124,7,10.64,10.586996806679151
Y1,SVR (RBF),125,7,10.72,10.361978370004145
Y1,SVR (RBF),126,7,10.55,10.359694560920108
Y1,SVR (RBF),127,7,10.68,10.580731280612232
Y1,SVR (RBF),172,7,10.77,10.59129308396465
Y1,SVR (RBF),173,7,10.68,10.366317557283482
Y1,SVR (RBF),174,7,10.68,10.364492198424344
Y1,SVR (RBF),175,7,10.7,10.586370723195941
Y1,SVR (RBF),220,7,10.66,10.674037416390313
Y1,SVR (RBF),221,7,10.68,10.451179623885114
Y1,SVR (RBF),222,7,10.53,10.449716074954752
Y1,SVR (RBF),223,7,10.72,10.670171163457901
Y1,SVR (RBF),268,7,10.78,10.834213024400006
Y1,SVR (RBF),269,7,10.7,10.615538290830173
Y1,SVR (RBF),270,7,10.67,10.614322019412228
Y1,SVR (RBF),271,7,13.69,10.831063597793666
Y1,SVR (RBF),316,7,12.57,12.668994620670315
Y1,SVR (RBF),317,7,12.65,12.5117475607159
Y1,SVR (RBF),318,7,12.57,12.512719592109725
Y1,SVR (RBF),319,7,12.63,12.67219581489885
Y1,SVR (RBF),364,7,12.33,12.569978470397826
Y1,SVR (RBF),365,7,12.29,12.409954204295605
Y1,SVR (RBF),366,7,12.2,12.41151639442203
Y1,SVR (RBF),367,7,12.49,12.574911622052243
Y1,SVR (RBF),412,7,12.41,12.518662150614965
Y1,SVR (RBF),413,7,12.28,12.356927032646293
Y1,SVR (RBF),414,7,12.1,12.358949410801428
Y1,SVR (RBF),415,7,12.19,12.524943520149465
Y1,SVR (RBF),460,7,12.36,12.518303677036096
Y1,SVR (RBF),461,7,12.49,12.356024244552057
Y1,SVR (RBF),462,7,12.17,12.358347817688708
Y1,SVR (RBF),463,7,12.28,12.525464654016861
Y1,SVR (RBF),508,7,12.27,12.571699427256796
Y1,SVR (RBF),509,7,12.19,12.410154936673461
Y1,SVR (RBF),510,7,12.25,12.41260564669828
Y1,SVR (RBF),511,7,12.27,12.579227409554939
Y1,SVR (RBF),556,7,14.51,14.861511691130982
Y1,SVR (RBF),557,7,14.6,14.774827474230987
Y1,SVR (RBF),558,7,14.5,14.77945746098278
Y1,SVR (RBF),559,7,14.58,14.875346315254374
Y1,SVR (RBF),604,7,14.7,14.74671995602536
Y1,SVR (RBF),605,7,14.66,14.656784356538108
Y1,SVR (RBF),606,7,14.4,14.66203973363071
Y1,SVR (RBF),607,7,14.71,14.762388456876646
Y1,SVR (RBF),652,7,14.07,14.648430071076357
Y1,SVR (RBF),653,7,14.03,14.555306358242127
Y1,SVR (RBF),654,7,13.94,14.561002634614137
Y1,SVR (RBF),655,7,13.86,14.665390213362187
Y1,SVR (RBF),700,7,14.6,14.572111127847936
Y1,SVR (RBF),701,7,14.7,14.476032524287708
Y1,SVR (RBF),702,7,14.47,14.48195734737558
Y1,SVR (RBF),703,7,14.66,14.589739204300152
Y1,SVR (RBF),748,7,12.43,14.523908778984598
Y1,SVR (RBF),749,7,12.63,14.425327602790203
Y1,SVR (RBF),750,7,12.76,14.431256988795244
Y1,SVR (RBF),751,7,12.42,14.541547096187484
Y1,SVR (RBF),32,8,6.85,10.156586013237057
Y1,SVR (RBF),33,8,6.79,9.928439564991443
Y1,SVR (RBF),34,8,6.77,9.933451312820226
Y1,SVR (RBF),35,8,6.81,10.171538555473752
Y1,SVR (RBF),80,8,11.11,11.207095441397989
Y1,SVR (RBF),81,8,11.13,11.012068771077463
Y1,SVR (RBF),82,8,11.09,11.017773715582507
Y1,SVR (RBF),83,8,11.16,11.224110128145725
Y1,SVR (RBF),128,8,11.45,11.152510792250489
Y1,SVR (RBF),129,8,11.46,10.955966253853987
Y1,SVR (RBF),130,8,11.32,10.962367244606845
Y1,SVR (RBF),131,8,11.49,11.171568267747242
Y1,SVR (RBF),176,8,11.22,11.164953190067761
Y1,SVR (RBF),177,8,11.16,10.96864904072514
Y1,SVR (RBF),178,8,11.1,10.975610052487609
Y1,SVR (RBF),179,8,11.14,11.185651283107143
Y1,SVR (RBF),224,8,11.18,11.244705550248987
Y1,SVR (RBF),225,8,11.22,11.050410564109303
Y1,SVR (RBF),226,8,11.07,11.057763040902994
Y1,SVR (RBF),227,8,11.2,11.26654691487061
Y1,SVR (RBF),272,8,11.21,11.390837482297592
Y1,SVR (RBF),273,8,11.14,11.20031214225815
Y1,SVR (RBF),274,8,11.11,11.207865950841096
Y1,SVR (RBF),275,8,11.16,11.413261788262643
Y1,SVR (RBF),320,8,12.78,13.299187589899917
Y1,SVR (RBF),321,8,12.93,13.168012662108858
Y1,SVR (RBF),322,8,12.73,13.172918640032162
Y1,SVR (RBF),323,8,12.72,13.313897494890421
Y1,SVR (RBF),368,8,12.85,13.216410905770203
Y1,SVR (RBF),369,8,12.87,13.082583791839939
Y1,SVR (RBF),370,8,12.73,13.087958089980052
Y1,SVR (RBF),371,8,12.95,13.23250189818756
Y1,SVR (RBF),416,8,12.34,13.168977019203917
Y1,SVR (RBF),417,8,12.46,13.033285887577891
Y1,SVR (RBF),418,8,12.31,13.039001151684513
Y1,SVR (RBF),419,8,12.12,13.186071844268955
Y1,SVR (RBF),464,8,12.91,13.160035217014123
Y1,SVR (RBF),465,8,12.95,13.023379468939623
Y1,SVR (RBF),466,8,12.67,13.02928627370867
Y1,SVR (RBF),467,8,12.86,13.177691851178487
Y1,SVR (RBF),512,8,12.47,13.192739748921126
Y1,SVR (RBF),513,8,12.12,13.056147843535438
Y1,SVR (RBF),514,8,12.18,13.062084773168342
Y1,SVR (RBF),515,8,12.47,13.210481066656904
Y1,SVR (RBF),560,8,14.51,15.528228175085086
Y1,SVR (RBF),561,8,14.7,15.464198508230421
Y1,SVR (RBF),562,8,14.42,15.467826157829048
Y1,SVR (RBF),563,8,14.42,15.539217976512242
Y1,SVR (RBF),608,8,14.75,15.426338536011125
Y1,SVR (RBF),609,8,14.71,15.358804928191727
Y1,SVR (RBF),610,8,14.33,15.362646152994957
Y1,SVR (RBF),611,8,14.62,15.437968226216787
Y1,SVR (RBF),656,8,14.32,15.327702315328281
Y1,SVR (RBF),657,8,14.56,15.25648948499613
Y1,SVR (RBF),658,8,14.33,15.260435841570764
Y1,SVR (RBF),659,8,14.08,15.339649665703817
Y1,SVR (RBF),704,8,14.54,15.237877410966727
Y1,SVR (RBF),705,8,14.62,15.16300712134334
Y1,SVR (RBF),706,8,14.53,15.166939642058333
Y1,SVR (RBF),707,8,14.71,15.249789019892017
Y1,SVR (RBF),752,8,14.12,15.16360950602136
Y1,SVR (RBF),753,8,14.28,15.085352861251373
Y1,SVR (RBF),754,8,14.37,15.089150571136244
Y1,SVR (RBF),755,8,14.21,15.175125916218784
Y1,SVR (RBF),36,9,7.18,10.671037388507827
Y1,SVR (RBF),37,9,7.1,10.463603273737615
Y1,SVR (RBF),38,9,7.1,10.474752392685676
Y1,SVR (RBF),39,9,7.1,10.703696660949287
Y1,SVR (RBF),84,9,11.68,11.779921240764008
Y1,SVR (RBF),85,9,11.69,11.607775660940217
Y1,SVR (RBF),86,9,11.7,11.620138296758455
Y1,SVR (RBF),87,9,11.69,11.816141740745891
Y1,SVR (RBF),132,9,11.45,11.768696791532793
Y1,SVR (RBF),133,9,11.42,11.596065461677783
Y1,SVR (RBF),134,9,11.33,11.608805037249049
Y1,SVR (RBF),135,9,11.43,11.806031085618997
Y1,SVR (RBF),180,9,11.59,11.812446038641522
Y1,SVR (RBF),181,9,11.6,11.64065037457858
Y1,SVR (RBF),182,9,11.53,11.65351852637895
Y1,SVR (RBF),183,9,11.61,11.850167859708012
Y1,SVR (RBF),228,9,11.44,11.909970177045054
Y1,SVR (RBF),229,9,11.42,11.740314868512211
Y1,SVR (RBF),230,9,11.33,11.753052086130268
Y1,SVR (RBF),231,9,11.43,11.94732019180207
Y1,SVR (RBF),276,9,11.38,12.059625719232965
Y1,SVR (RBF),277,9,11.34,11.893405665486995
Y1,SVR (RBF),278,9,11.22,11.905756401714932
Y1,SVR (RBF),279,9,11.34,12.095855684454765
Y1,SVR (RBF),324,9,13.17,13.850503726947547
Y1,SVR (RBF),325,9,13.18,13.74258174623892
Y1,SVR (RBF),326,9,13.17,13.755251322750127
Y1,SVR (RBF),327,9,13.18,13.887624964682129
Y1,SVR (RBF),372,9,13.05,13.809605424213354
Y1,SVR (RBF),373,9,12.93,13.70002200975297
Y1,SVR (RBF),374,9,12.77,13.712849765997793
Y1,SVR (RBF),375,9,13.0,13.847204732998165
Y1,SVR (RBF),420,9,12.97,13.792430506276126
Y1,SVR (RBF),421,9,13.01,13.681528950569067
Y1,SVR (RBF),422,9,12.74,13.694252483954292
Y1,SVR (RBF),423,9,12.84,13.829740669043446
Y1,SVR (RBF),468,9,12.95,13.80070061054376
Y1,SVR (RBF),469,9,13.0,13.688910673442034
Y1,SVR (RBF),470,9,12.86,13.701267537302453
Y1,SVR (RBF),471,9,12.92,13.836953616446701
Y1,SVR (RBF),516,9,12.93,13.836882499594534
Y1,SVR (RBF),517,9,12.82,13.724764293933852
Y1,SVR (RBF),518,9,12.78,13.736507508740907
Y1,SVR (RBF),519,9,13.02,13.871354873149416
Y1,SVR (RBF),564,9,15.23,16.025054814249938
Y1,SVR (RBF),565,9,15.23,15.983677280855943
Y1,SVR (RBF),566,9,15.23,15.996075596829852
Y1,SVR (RBF),567,9,15.23,16.06138202733309
Y1,SVR (RBF),612,9,15.34,15.9613113688258
Y1,SVR (RBF),613,9,15.29,15.91732805384493
Y1,SVR (RBF),614,9,15.09,15.929657423780007
Y1,SVR (RBF),615,9,15.3,15.997455729574435
Y1,SVR (RBF),660,9,15.16,15.890266118949036
Y1,SVR (RBF),661,9,15.18,15.843067911732703
Y1,SVR (RBF),662,9,14.72,15.855064165768566
Y1,SVR (RBF),663,9,14.9,15.925455345783979
Y1,SVR (RBF),708,9,15.34,15.816180009599726
Y1,SVR (RBF),709,9,15.29,15.765334032412731
Y1,SVR (RBF),710,9,15.09,15.776744122475769
Y1,SVR (RBF),711,9,15.3,15.849673515058463
Y1,SVR (RBF),756,9,14.96,15.745173876267506
Y1,SVR (RBF),757,9,14.92,15.69050099390114
Y1,SVR (RBF),758,9,14.92,15.70109816468766
Y1,SVR (RBF),759,9,15.16,15.776307102557976
Y1,SVR (RBF),40,10,10.85,11.33677883236843
Y1,SVR (RBF),41,10,10.54,11.14437549046305
Y1,SVR (RBF),42,10,10.77,11.14971478791065
Y1,SVR (RBF),43,10,10.56,11.352692736361545
Y1,SVR (RBF),88,10,15.41,12.239434526146152
Y1,SVR (RBF),89,10,15.2,12.08342616626383
Y1,SVR (RBF),90,10,15.42,12.096528391832177
Y1,SVR (RBF),91,10,15.21,12.277964569456543
Y1,SVR (RBF),136,10,15.41,12.16823115339097
Y1,SVR (RBF),137,10,15.18,12.012680890028268
Y1,SVR (RBF),138,10,15.34,12.028598082377716
Y1,SVR (RBF),139,10,15.19,12.214962679702055
Y1,SVR (RBF),184,10,15.16,12.150771714901637
Y1,SVR (RBF),185,10,15.36,11.996760992754322
Y1,SVR (RBF),186,10,15.12,12.015335594432422
Y1,SVR (RBF),187,10,15.36,12.205239805549107
Y1,SVR (RBF),232,10,15.4,12.188547086094768
Y1,SVR (RBF),233,10,15.19,12.037099483163864
Y1,SVR (RBF),234,10,15.32,12.058041755266668
Y1,SVR (RBF),235,10,15.16,12.249902020115249
Y1,SVR (RBF),280,10,15.16,12.282628861853844
Y1,SVR (RBF),281,10,15.37,12.134730300758566
Y1,SVR (RBF),282,10,15.12,12.15763186122458
Y1,SVR (RBF),283,10,15.36,12.349675822490292
Y1,SVR (RBF),328,10,17.5,14.100602255266107
Y1,SVR (RBF),329,10,17.35,14.00937732302177
Y1,SVR (RBF),330,10,17.52,14.03011228341774
Y1,SVR (RBF),331,10,17.37,14.161343122162439
Y1,SVR (RBF),376,10,17.14,14.009983572087304
Y1,SVR (RBF),377,10,16.84,13.91866718889702
Y1,SVR (RBF),378,10,17.02,13.942307247049543
Y1,SVR (RBF),379,10,17.11,14.079188386723981
Y1,SVR (RBF),424,10,16.83,13.945253171978436
Y1,SVR (RBF),425,10,16.93,13.853948161341354
Y1,SVR (RBF),426,10,16.66,13.880211391112343
Y1,SVR (RBF),427,10,16.86,14.022095112490597
Y1,SVR (RBF),472,10,16.99,13.910159029606698
Y1,SVR (RBF),473,10,16.69,13.818983229695968
Y1,SVR (RBF),474,10,16.56,13.847457065122493
Y1,SVR (RBF),475,10,16.62,13.993430949053938
Y1,SVR (RBF),520,10,16.73,13.90910081176802
Y1,SVR (RBF),521,10,16.86,13.818245790023237
Y1,SVR (RBF),522,10,16.76,13.848406416009237
Y1,SVR (RBF),523,10,16.92,13.997271975085614
Y1,SVR (RBF),568,10,19.52,16.109241810719336
Y1,SVR (RBF),569,10,19.36,16.085117845955207
Y1,SVR (RBF),570,10,19.48,16.112421255272153
Y1,SVR (RBF),571,10,19.42,16.189077019330917
Y1,SVR (RBF),616,10,19.2,16.009247941147226
Y1,SVR (RBF),617,10,18.88,15.98466580249935
Y1,SVR (RBF),618,10,18.9,16.014825671226124
Y1,SVR (RBF),619,10,19.12,16.097405249852507
Y1,SVR (RBF),664,10,18.48,15.906946500679185
Y1,SVR (RBF),665,10,18.71,15.881055064550738
Y1,SVR (RBF),666,10,18.48,15.913679900371964
Y1,SVR (RBF),667,10,18.46,16.002280569085343
Y1,SVR (RBF),712,10,19.06,15.807846720254126
Y1,SVR (RBF),713,10,19.13,15.779872071647649
Y1,SVR (RBF),714,10,19.0,15.81444746477017
Y1,SVR (RBF),715,10,18.84,15.908854354165577
Y1,SVR (RBF),760,10,17.69,15.71913245515637
Y1,SVR (RBF),761,10,18.19,15.688471694292009
Y1,SVR (RBF),762,10,18.16,15.724384567596164
Y1,SVR (RBF),763,10,17.88,15.824023469573143
Y1,SVR (RBF),44,11,8.6,13.565748598114293
Y1,SVR (RBF),45,11,8.49,13.386714492238577
Y1,SVR (RBF),46,11,8.45,13.40444650350161
Y1,SVR (RBF),47,11,8.5,13.617551361398204
Y1,SVR (RBF),92,11,12.96,14.69953767206518
Y1,SVR (RBF),93,11,12.97,14.558095861959861
Y1,SVR (RBF),94,11,12.93,14.578359861592897
Y1,SVR (RBF),95,11,13.02,14.758740558233125
Y1,SVR (RBF),140,11,12.88,14.761800811126022
Y1,SVR (RBF),141,11,13.0,14.623711321897165
Y1,SVR (RBF),142,11,12.97,14.64565747714363
Y1,SVR (RBF),143,11,13.04,14.825912828796328
Y1,SVR (RBF),188,11,12.68,14.868007146035811
Y1,SVR (RBF),189,11,12.63,14.734239290905716
Y1,SVR (RBF),190,11,12.71,14.757530069325085
Y1,SVR (RBF),191,11,12.73,14.936042571519842
Y1,SVR (RBF),236,11,12.85,15.013795551066206
Y1,SVR (RBF),237,11,13.04,14.885131591431252
Y1,SVR (RBF),238,11,13.0,14.909362299994974
Y1,SVR (RBF),239,11,13.0,15.084572722588259
Y1,SVR (RBF),284,11,12.59,15.194941564511268
Y1,SVR (RBF),285,11,12.74,15.072004537004412
Y1,SVR (RBF),286,11,12.8,15.096724283509724
Y1,SVR (RBF),287,11,12.62,15.267144063802876
Y1,SVR (RBF),332,11,15.09,16.650990510930008
Y1,SVR (RBF),333,11,15.12,16.569848499811112
Y1,SVR (RBF),334,11,15.08,16.589885131149856
Y1,SVR (RBF),335,11,15.16,16.709548189661945
Y1,SVR (RBF),380,11,14.34,16.69116355364025
Y1,SVR (RBF),381,11,14.66,16.61248622295956
Y1,SVR (RBF),382,11,14.6,16.634018480555337
Y1,SVR (RBF),383,11,14.6,16.754088493484556
Y1,SVR (RBF),428,11,13.91,16.745648967978784
Y1,SVR (RBF),429,11,14.34,16.669487901650555
Y1,SVR (RBF),430,11,13.95,16.692179348010054
Y1,SVR (RBF),431,11,13.99,16.811958371101994
Y1,SVR (RBF),476,11,14.33,16.812560389208436
Y1,SVR (RBF),477,11,14.61,16.738866548221605
Y1,SVR (RBF),478,11,14.61,16.762322506693366
Y1,SVR (RBF),479,11,14.65,16.881101448806092
Y1,SVR (RBF),524,11,13.68,16.89130460005934
Y1,SVR (RBF),525,11,13.99,16.81999145160609
Y1,SVR (RBF),526,11,14.16,16.843779468085142
Y1,SVR (RBF),527,11,13.86,16.960814241969477
Y1,SVR (RBF),572,11,15.09,18.669003920820234
Y1,SVR (RBF),573,11,17.17,18.64888165705525
Y1,SVR (RBF),574,11,17.14,18.667474632547417
Y1,SVR (RBF),575,11,17.14,18.723365439448106
Y1,SVR (RBF),620,11,16.76,18.689587874008872
Y1,SVR (RBF),621,11,17.23,18.671057825801505
Y1,SVR (RBF),622,11,17.26,18.690883073819062
Y1,SVR (RBF),623,11,17.15,18.747550509965897
Y1,SVR (RBF),668,11,16.47,18.695564498828503
Y1,SVR (RBF),669,11,16.35,18.677806042074355
Y1,SVR (RBF),670,11,16.55,18.698548687614885
Y1,SVR (RBF),671,11,16.74,18.756208112702446
Y1,SVR (RBF),716,11,16.44,18.68733344556812
Y1,SVR (RBF),717,11,16.9,18.669507897444362
Y1,SVR (RBF),718,11,16.94,18.690806580711232
Y1,SVR (RBF),719,11,16.77,18.74960208768202
Y1,SVR (RBF),764,11,16.54,18.667638788991177
Y1,SVR (RBF),765,11,16.44,18.64898324380266
Y1,SVR (RBF),766,11,16.48,18.670448882621148
Y1,SVR (RBF),767,11,16.64,18.730395501189136
Y1,Random forest,0,0,15.55,20.984999999999996
Y1,Random forest,1,0,15.55,21.11960000000001
Y1,Random forest,2,0,15.55,20.74810000000002
Y1,Random forest,3,0,15.55,20.08470000000001
Y1,Random forest,48,0,24.58,28.919500000000024
Y1,Random forest,49,0,24.63,29.445799999999952
Y1,Random forest,50,0,24.63,28.978099999999987
Y1,Random forest,51,0,24.59,28.117400000000007
Y1,Random forest,96,0,24.29,28.730100000000025
Y1,Random forest,97,0,24.31,29.190999999999985
Y1,Random forest,98,0,24.13,28.72549999999996
Y1,Random forest,99,0,24.25,27.96650000000003
Y1,Random forest,144,0,24.28,28.14270000000002
Y1,Random forest,145,0,24.4,28.728300000000022
Y1,Random forest,146,0,24.11,29.136499999999966
Y1,Random forest,147,0,24.35,28.688300000000016
Y1,Random forest,192,0,24.38,28.62589999999998
Y1,Random forest,193,0,24.23,28.243500000000008
Y1,Random forest,194,0,24.04,28.621899999999993
Y1,Random forest,195,0,24.32,29.240499999999997
Y1,Random forest,240,0,24.35,29.309799999999967
Y1,Random forest,241,0,24.33,28.705799999999968
Y1,Random forest,242,0,24.03,28.28550000000001
Y1,Random forest,243,0,24.26,28.808599999999988
Y1,Random forest,288,0,28.15,32.41129999999998
Y1,Random forest,289,0,28.15,33.00550000000001
Y1,Random forest,290,0,28.37,32.484600000000015
Y1,Random forest,291,0,28.41,31.86990000000001
Y1,Random forest,336,0,28.67,32.10160000000002
Y1,Random forest,337,0,28.57,32.752199999999995
Y1,Random forest,338,0,28.18,32.07519999999997
Y1,Random forest,339,0,28.6,31.467999999999993
Y1,Random forest,384,0,28.67,31.664300000000054
Y1,Random forest,385,0,28.56,32.23830000000004
Y1,Random forest,386,0,28.17,32.295499999999976
Y1,Random forest,387,0,28.63,32.009399999999985
Y1,Random forest,432,0,28.7,32.05080000000005
Y1,Random forest,433,0,28.55,31.779000000000046
Y1,Random forest,434,0,28.15,31.884700000000034
Y1,Random forest,435,0,28.62,32.61960000000005
Y1,Random forest,480,0,28.69,32.58880000000005
Y1,Random forest,481,0,28.58,32.056000000000004
Y1,Random forest,482,0,28.15,31.52130000000004
Y1,Random forest,483,0,28.61,32.13550000000002
Y1,Random forest,528,0,32.26,36.04639999999993
Y1,Random forest,529,0,32.26,36.563799999999944
Y1,Random forest,530,0,32.49,36.25879999999996
Y1,Random forest,531,0,32.53,35.67970000000002
Y1,Random forest,576,0,32.82,35.71999999999999
Y1,Random forest,577,0,32.71,36.075900000000026
Y1,Random forest,578,0,32.24,35.78709999999998
Y1,Random forest,579,0,32.72,35.47160000000004
Y1,Random forest,624,0,32.82,34.52849999999994
Y1,Random forest,625,0,32.69,34.84199999999997
Y1,Random forest,626,0,32.23,34.90000000000005
Y1,Random forest,627,0,32.75,34.4327
Y1,Random forest,672,0,32.85,35.698399999999964
Y1,Random forest,673,0,32.67,35.4242
Y1,Random forest,674,0,32.21,35.21550000000005
Y1,Random forest,675,0,32.74,35.675700000000035
Y1,Random forest,720,0,32.84,35.31110000000003
Y1,Random forest,721,0,32.72,34.93920000000005
Y1,Random forest,722,0,32.21,34.705099999999995
Y1,Random forest,723,0,32.73,35.09509999999996
Y1,Random forest,4,1,20.84,17.810299999999987
Y1,Random forest,5,1,21.46,17.9698
Y1,Random forest,6,1,20.71,17.60199999999999
Y1,Random forest,7,1,19.68,17.19949999999998
Y1,Random forest,52,1,29.03,24.938600000000005
Y1,Random forest,53,1,29.87,25.29260000000002
Y1,Random forest,54,1,29.14,25.03439999999999
Y1,Random forest,55,1,28.09,24.428899999999995
Y1,Random forest,100,1,28.88,24.94100000000001
Y1,Random forest,101,1,29.68,25.2645
Y1,Random forest,102,1,28.83,24.935000000000013
Y1,Random forest,103,1,27.9,24.35389999999998
Y1,Random forest,148,1,28.07,24.661400000000018
Y1,Random forest,149,1,29.01,25.023700000000016
Y1,Random forest,150,1,29.62,25.19100000000002
Y1,Random forest,151,1,29.05,24.87429999999999
Y1,Random forest,196,1,29.06,24.841700000000024
Y1,Random forest,197,1,28.05,24.536499999999997
Y1,Random forest,198,1,28.86,24.801899999999993
Y1,Random forest,199,1,29.79,25.2166
Y1,Random forest,244,1,29.83,25.167399999999976
Y1,Random forest,245,1,29.08,24.923999999999992
Y1,Random forest,246,1,28.03,24.45379999999999
Y1,Random forest,247,1,29.02,24.94180000000001
Y1,Random forest,292,1,32.68,28.304000000000002
Y1,Random forest,293,1,33.48,28.502800000000015
Y1,Random forest,294,1,32.84,28.333999999999968
Y1,Random forest,295,1,32.0,27.864100000000004
Y1,Random forest,340,1,32.46,28.102600000000002
Y1,Random forest,341,1,33.27,28.222299999999976
Y1,Random forest,342,1,32.33,27.832899999999995
Y1,Random forest,343,1,31.66,27.53460000000002
Y1,Random forest,388,1,31.63,27.651600000000016
Y1,Random forest,389,1,32.4,27.8025
Y1,Random forest,390,1,32.68,27.78789999999999
Y1,Random forest,391,1,32.29,27.72910000000005
Y1,Random forest,436,1,32.67,27.893299999999996
Y1,Random forest,437,1,31.69,27.527000000000022
Y1,Random forest,438,1,32.07,27.6505
Y1,Random forest,439,1,33.28,28.122400000000013
Y1,Random forest,484,1,33.13,28.040200000000006
Y1,Random forest,485,1,32.31,27.631900000000023
Y1,Random forest,486,1,31.53,27.335399999999986
Y1,Random forest,487,1,32.46,27.917699999999982
Y1,Random forest,532,1,36.47,31.277300000000004
Y1,Random forest,533,1,37.24,31.452199999999998
Y1,Random forest,534,1,36.66,31.326100000000018
Y1,Random forest,535,1,35.96,30.877900000000007
Y1,Random forest,580,1,35.84,31.3776
Y1,Random forest,581,1,36.57,31.666199999999968
Y1,Random forest,582,1,36.06,31.197900000000022
Y1,Random forest,583,1,35.69,30.9234
Y1,Random forest,628,1,34.24,31.015300000000035
Y1,Random forest,629,1,34.95,31.45689999999999
Y1,Random forest,630,1,35.05,31.27240000000001
Y1,Random forest,631,1,34.29,31.1928
Y1,Random forest,676,1,36.45,31.21250000000001
Y1,Random forest,677,1,35.73,30.963899999999995
Y1,Random forest,678,1,35.4,31.125400000000017
Y1,Random forest,679,1,36.57,31.56009999999997
Y1,Random forest,724,1,35.67,31.517
Y1,Random forest,725,1,35.01,31.252999999999982
Y1,Random forest,726,1,34.72,30.920599999999983
Y1,Random forest,727,1,35.24,31.42719999999998
Y1,Random forest,8,2,19.5,18.81219999999998
Y1,Random forest,9,2,19.95,18.9636
Y1,Random forest,10,2,19.34,18.56330000000001
Y1,Random forest,11,2,18.31,18.000400000000003
Y1,Random forest,56,2,26.28,26.252200000000016
Y1,Random forest,57,2,26.91,26.561600000000002
Y1,Random forest,58,2,26.37,26.35510000000001
Y1,Random forest,59,2,25.27,25.714499999999994
Y1,Random forest,104,2,26.48,26.329800000000013
Y1,Random forest,105,2,27.02,26.638099999999994
Y1,Random forest,106,2,26.33,26.2833
Y1,Random forest,107,2,25.36,25.63630000000001
Y1,Random forest,152,2,25.41,25.960400000000014
Y1,Random forest,153,2,26.47,26.286500000000014
Y1,Random forest,154,2,26.89,26.574199999999983
Y1,Random forest,155,2,26.46,26.256699999999988
Y1,Random forest,200,2,26.44,26.186750000000007
Y1,Random forest,201,2,25.37,25.880150000000018
Y1,Random forest,202,2,26.33,26.17194999999999
Y1,Random forest,203,2,27.03,26.681349999999995
Y1,Random forest,248,2,27.03,26.753249999999976
Y1,Random forest,249,2,26.45,26.440749999999994
Y1,Random forest,250,2,25.36,25.866550000000007
Y1,Random forest,251,2,26.45,26.376050000000006
Y1,Random forest,296,2,29.54,30.107700000000005
Y1,Random forest,297,2,30.05,30.34880000000001
Y1,Random forest,298,2,29.6,30.26629999999999
Y1,Random forest,299,2,28.66,29.756800000000013
Y1,Random forest,344,2,29.34,29.816999999999997
Y1,Random forest,345,2,29.87,30.030500000000004
Y1,Random forest,346,2,29.27,29.606899999999996
Y1,Random forest,347,2,28.4,29.2665
Y1,Random forest,392,2,28.4,29.278900000000018
Y1,Random forest,393,2,29.4,29.544900000000027
Y1,Random forest,394,2,29.43,29.56919999999998
Y1,Random forest,395,2,29.07,29.467300000000005
Y1,Random forest,440,2,29.47,29.676400000000026
Y1,Random forest,441,2,28.42,29.379600000000032
Y1,Random forest,442,2,29.08,29.448200000000014
Y1,Random forest,443,2,29.88,30.018400000000014
Y1,Random forest,488,2,29.71,30.000800000000012
Y1,Random forest,489,2,29.09,29.493299999999998
Y1,Random forest,490,2,28.31,29.06150000000002
Y1,Random forest,491,2,29.39,29.58559999999999
Y1,Random forest,536,2,31.89,33.17719999999997
Y1,Random forest,537,2,32.39,33.63949999999997
Y1,Random forest,538,2,32.09,33.2812
Y1,Random forest,539,2,31.29,32.84430000000003
Y1,Random forest,584,2,32.48,32.9164
Y1,Random forest,585,2,32.74,33.319799999999994
Y1,Random forest,586,2,32.13,32.88539999999998
Y1,Random forest,587,2,31.64,32.57820000000003
Y1,Random forest,632,2,31.28,32.24799999999998
Y1,Random forest,633,2,32.12,32.69289999999999
Y1,Random forest,634,2,32.05,32.55999999999999
Y1,Random forest,635,2,31.84,32.310999999999986
Y1,Random forest,680,2,32.38,32.915299999999974
Y1,Random forest,681,2,31.66,32.656600000000005
Y1,Random forest,682,2,32.15,32.56490000000002
Y1,Random forest,683,2,32.75,33.014500000000005
Y1,Random forest,728,2,32.31,32.99560000000002
Y1,Random forest,729,2,31.81,32.72780000000003
Y1,Random forest,730,2,31.12,32.39539999999999
Y1,Random forest,731,2,32.06,32.74359999999998
Y1,Random forest,12,3,17.05,23.37259999999999
Y1,Random forest,13,3,17.41,23.777100000000008
Y1,Random forest,14,3,16.95,23.394500000000015
Y1,Random forest,15,3,15.98,22.635799999999996
Y1,Random forest,60,3,23.53,30.89700000000002
Y1,Random forest,61,3,24.03,31.41309999999997
Y1,Random forest,62,3,23.54,31.04339999999997
Y1,Random forest,63,3,22.58,30.05880000000002
Y1,Random forest,108,3,23.75,30.81220000000004
Y1,Random forest,109,3,24.23,31.433699999999998
Y1,Random forest,110,3,23.67,31.128799999999966
Y1,Random forest,111,3,22.79,30.25980000000003
Y1,Random forest,156,3,22.93,30.205600000000018
Y1,Random forest,157,3,23.84,30.772500000000008
Y1,Random forest,158,3,24.17,31.27529999999997
Y1,Random forest,159,3,23.87,30.854100000000017
Y1,Random forest,204,3,23.8,30.9317
Y1,Random forest,205,3,22.8,30.42859999999999
Y1,Random forest,206,3,23.59,30.716299999999993
Y1,Random forest,207,3,24.24,31.30479999999999
Y1,Random forest,252,3,24.37,31.33990000000001
Y1,Random forest,253,3,23.89,31.06969999999999
Y1,Random forest,254,3,22.89,30.60960000000001
Y1,Random forest,255,3,23.86,30.875300000000003
Y1,Random forest,300,3,26.84,34.40820000000001
Y1,Random forest,301,3,27.27,35.02720000000002
Y1,Random forest,302,3,26.97,34.74279999999999
Y1,Random forest,303,3,26.19,34.0809
Y1,Random forest,348,3,25.74,34.18740000000004
Y1,Random forest,349,3,25.98,34.910199999999996
Y1,Random forest,350,3,25.38,34.535399999999974
Y1,Random forest,351,3,24.94,33.91959999999999
Y1,Random forest,396,3,24.7,33.72350000000003
Y1,Random forest,397,3,25.48,34.13700000000002
Y1,Random forest,398,3,25.37,34.463899999999974
Y1,Random forest,399,3,25.17,34.2305
Y1,Random forest,444,3,25.66,34.31180000000001
Y1,Random forest,445,3,24.96,33.79820000000004
Y1,Random forest,446,3,25.43,33.935300000000005
Y1,Random forest,447,3,26.0,34.82240000000002
Y1,Random forest,492,3,25.7,34.598800000000026
Y1,Random forest,493,3,25.17,34.267399999999995
Y1,Random forest,494,3,24.6,33.746000000000016
Y1,Random forest,495,3,25.49,34.337300000000006
Y1,Random forest,540,3,29.22,37.14489999999998
Y1,Random forest,541,3,29.91,37.83939999999994
Y1,Random forest,542,3,29.53,37.514999999999986
Y1,Random forest,543,3,28.65,36.81190000000001
Y1,Random forest,588,3,28.95,37.222000000000016
Y1,Random forest,589,3,29.49,37.77839999999996
Y1,Random forest,590,3,28.64,37.44119999999999
Y1,Random forest,591,3,28.01,36.8973
Y1,Random forest,636,3,28.67,36.3528
Y1,Random forest,637,3,29.67,36.6898
Y1,Random forest,638,3,29.47,36.857800000000005
Y1,Random forest,639,3,28.91,36.63410000000001
Y1,Random forest,684,3,28.93,37.32889999999999
Y1,Random forest,685,3,28.05,36.8921
Y1,Random forest,686,3,28.64,36.719200000000036
Y1,Random forest,687,3,29.52,37.47710000000002
Y1,Random forest,732,3,30.0,37.07890000000002
Y1,Random forest,733,3,29.5,36.81470000000002
Y1,Random forest,734,3,29.06,36.19669999999999
Y1,Random forest,735,3,29.92,36.52179999999997
Y1,Random forest,16,4,28.52,17.342099999999988
Y1,Random forest,17,4,29.9,17.500200000000017
Y1,Random forest,18,4,29.63,17.086900000000025
Y1,Random forest,19,4,28.75,16.408800000000014
Y1,Random forest,64,4,35.56,23.655500000000004
Y1,Random forest,65,4,37.12,23.97930000000001
Y1,Random forest,66,4,36.9,23.664799999999993
Y1,Random forest,67,4,35.94,23.00659999999997
Y1,Random forest,112,4,35.65,23.683000000000003
Y1,Random forest,113,4,37.26,24.09190000000001
Y1,Random forest,114,4,36.97,23.713700000000017
Y1,Random forest,115,4,36.03,23.04379999999998
Y1,Random forest,160,4,35.78,23.19479999999999
Y1,Random forest,161,4,35.48,23.73089999999999
Y1,Random forest,162,4,36.97,24.05720000000002
Y1,Random forest,163,4,36.7,23.781699999999955
Y1,Random forest,208,4,36.86,23.6536
Y1,Random forest,209,4,35.89,23.230599999999995
Y1,Random forest,210,4,35.45,23.6246
Y1,Random forest,211,4,37.1,24.03989999999997
Y1,Random forest,256,4,37.03,24.09949999999997
Y1,Random forest,257,4,36.71,23.772399999999998
Y1,Random forest,258,4,36.77,23.290400000000012
Y1,Random forest,259,4,35.48,23.88289999999998
Y1,Random forest,304,4,38.67,26.748299999999993
Y1,Random forest,305,4,40.03,27.06129999999999
Y1,Random forest,306,4,39.86,26.72249999999999
Y1,Random forest,307,4,39.04,26.26550000000002
Y1,Random forest,352,4,38.57,25.814999999999984
Y1,Random forest,353,4,40.19,25.990100000000016
Y1,Random forest,354,4,39.97,25.50620000000004
Y1,Random forest,355,4,38.98,25.215200000000042
Y1,Random forest,400,4,39.04,25.13239999999999
Y1,Random forest,401,4,38.35,25.46400000000002
Y1,Random forest,402,4,39.81,25.421699999999976
Y1,Random forest,403,4,39.83,25.199500000000036
Y1,Random forest,448,4,40.0,25.542500000000004
Y1,Random forest,449,4,38.84,25.181200000000022
Y1,Random forest,450,4,38.33,25.336799999999986
Y1,Random forest,451,4,40.12,25.820499999999996
Y1,Random forest,496,4,39.89,25.697899999999994
Y1,Random forest,497,4,39.83,25.235000000000017
Y1,Random forest,498,4,39.01,24.82929999999997
Y1,Random forest,499,4,38.65,25.45709999999998
Y1,Random forest,544,4,41.4,29.241499999999974
Y1,Random forest,545,4,42.62,29.679399999999983
Y1,Random forest,546,4,42.5,29.326400000000024
Y1,Random forest,547,4,41.67,28.707300000000046
Y1,Random forest,592,4,41.64,28.957199999999972
Y1,Random forest,593,4,43.1,29.384299999999968
Y1,Random forest,594,4,42.74,28.875299999999996
Y1,Random forest,595,4,41.92,28.34120000000004
Y1,Random forest,640,4,41.26,28.905200000000026
Y1,Random forest,641,4,41.3,29.433800000000016
Y1,Random forest,642,4,42.49,29.307499999999976
Y1,Random forest,643,4,42.08,28.905899999999985
Y1,Random forest,688,4,42.77,28.7558
Y1,Random forest,689,4,41.73,28.512100000000032
Y1,Random forest,690,4,41.32,28.697999999999997
Y1,Random forest,691,4,42.96,29.334999999999987
Y1,Random forest,736,4,42.11,29.5159
Y1,Random forest,737,4,41.96,29.363300000000002
Y1,Random forest,738,4,41.09,29.025999999999975
Y1,Random forest,739,4,40.79,29.566700000000022
Y1,Random forest,20,5,24.77,30.761149040305185
Y1,Random forest,21,5,23.93,30.74018752122786
Y1,Random forest,22,5,24.77,30.82418263407339
Y1,Random forest,23,5,23.93,30.776881863397993
Y1,Random forest,68,5,32.96,31.20374451176355
Y1,Random forest,69,5,32.12,31.182782992686217
Y1,Random forest,70,5,32.94,31.265072250553388
Y1,Random forest,71,5,32.21,31.217771479877996
Y1,Random forest,116,5,33.16,32.268358501271635
Y1,Random forest,117,5,32.4,32.2688484823608
Y1,Random forest,118,5,33.12,32.25862142709667
Y1,Random forest,119,5,32.41,32.206926105139225
Y1,Random forest,164,5,32.52,32.489239330115986
Y1,Random forest,165,5,33.28,32.45503754667883
Y1,Random forest,166,5,32.33,32.41709920020591
Y1,Random forest,167,5,33.24,32.44129723895637
Y1,Random forest,212,5,33.08,32.49836070096737
Y1,Random forest,213,5,32.38,32.458830028641316
Y1,Random forest,214,5,33.09,32.393092707809416
Y1,Random forest,215,5,32.31,32.428073908953046
Y1,Random forest,260,5,32.31,32.53958679461056
Y1,Random forest,261,5,33.21,32.53948671752261
Y1,Random forest,262,5,32.46,32.48336082526213
Y1,Random forest,263,5,33.27,32.51777702640577
Y1,Random forest,308,5,36.96,34.97316856561095
Y1,Random forest,309,5,36.13,35.03655177567703
Y1,Random forest,310,5,36.91,35.21931877645403
Y1,Random forest,311,5,36.43,35.191601830483336
Y1,Random forest,356,5,36.95,35.24121767058577
Y1,Random forest,357,5,36.28,35.34372161242009
Y1,Random forest,358,5,36.86,35.4209318297028
Y1,Random forest,359,5,36.45,35.38882033245006
Y1,Random forest,404,5,35.99,35.25321220679433
Y1,Random forest,405,5,36.59,35.248140624140056
Y1,Random forest,406,5,35.64,35.276313048382484
Y1,Random forest,407,5,36.52,35.32988084751017
Y1,Random forest,452,5,36.95,35.26627399224401
Y1,Random forest,453,5,36.45,35.25559437540171
Y1,Random forest,454,5,36.81,35.23455353235587
Y1,Random forest,455,5,36.26,35.29476004943226
Y1,Random forest,500,5,35.69,35.2715776735773
Y1,Random forest,501,5,36.64,35.25652636301204
Y1,Random forest,502,5,36.06,35.23659763535081
Y1,Random forest,503,5,36.7,35.29193665242721
Y1,Random forest,548,5,40.78,36.36549947242
Y1,Random forest,549,5,39.97,36.688786306794775
Y1,Random forest,550,5,40.71,36.813813923899886
Y1,Random forest,551,5,40.43,36.67436073389545
Y1,Random forest,596,5,40.78,36.99788404290155
Y1,Random forest,597,5,40.15,37.39404171726967
Y1,Random forest,598,5,40.57,37.452546024906475
Y1,Random forest,599,5,40.42,37.30869828361999
Y1,Random forest,644,5,39.32,37.0145902364805
Y1,Random forest,645,5,39.84,37.31910730394245
Y1,Random forest,646,5,38.89,37.32080064393579
Y1,Random forest,647,5,39.68,37.26511497680751
Y1,Random forest,692,5,40.68,37.006468881169155
Y1,Random forest,693,5,40.4,37.31382767634783
Y1,Random forest,694,5,40.6,37.26078774905291
Y1,Random forest,695,5,40.11,37.21174079987333
Y1,Random forest,740,5,38.82,36.882549926249794
Y1,Random forest,741,5,39.72,37.12449011753237
Y1,Random forest,742,5,39.31,37.071659421006665
Y1,Random forest,743,5,39.86,37.0395124718271
Y1,Random forest,24,6,6.07,14.466799999999989
Y1,Random forest,25,6,6.05,14.638300000000006
Y1,Random forest,26,6,6.01,14.566100000000006
Y1,Random forest,27,6,6.04,14.261900000000002
Y1,Random forest,72,6,10.36,19.763800000000003
Y1,Random forest,73,6,10.43,19.79839999999998
Y1,Random forest,74,6,10.36,19.784900000000004
Y1,Random forest,75,6,10.39,19.4603
Y1,Random forest,120,6,10.42,19.756500000000013
Y1,Random forest,121,6,10.46,19.87270000000001
Y1,Random forest,122,6,10.32,19.739599999999992
Y1,Random forest,123,6,10.45,19.539800000000007
Y1,Random forest,168,6,10.39,19.5868
Y1,Random forest,169,6,10.34,19.771100000000004
Y1,Random forest,170,6,10.35,19.79970000000001
Y1,Random forest,171,6,10.38,19.884500000000006
Y1,Random forest,216,6,10.08,19.7265
Y1,Random forest,217,6,10.15,19.59690000000001
Y1,Random forest,218,6,10.07,19.615599999999986
Y1,Random forest,219,6,10.14,19.854600000000005
Y1,Random forest,264,6,10.47,19.81109999999999
Y1,Random forest,265,6,10.37,19.831900000000022
Y1,Random forest,266,6,10.34,19.61930000000002
Y1,Random forest,267,6,10.39,20.861300000000007
Y1,Random forest,312,6,12.43,22.616099999999996
Y1,Random forest,313,6,12.5,22.775400000000012
Y1,Random forest,314,6,12.41,22.78969999999999
Y1,Random forest,315,6,12.45,22.482700000000012
Y1,Random forest,360,6,12.35,22.256999999999994
Y1,Random forest,361,6,12.45,22.450100000000003
Y1,Random forest,362,6,12.16,22.35010000000001
Y1,Random forest,363,6,12.3,22.098400000000016
Y1,Random forest,408,6,11.8,22.056200000000004
Y1,Random forest,409,6,12.03,22.1798
Y1,Random forest,410,6,11.98,22.167799999999993
Y1,Random forest,411,6,11.69,22.149900000000017
Y1,Random forest,456,6,12.32,22.376699999999996
Y1,Random forest,457,6,12.3,22.186400000000013
Y1,Random forest,458,6,12.18,22.167699999999996
Y1,Random forest,459,6,12.43,22.321899999999996
Y1,Random forest,504,6,12.12,22.253100000000007
Y1,Random forest,505,6,11.67,22.15590000000002
Y1,Random forest,506,6,11.64,22.000199999999992
Y1,Random forest,507,6,12.02,22.224899999999998
Y1,Random forest,552,6,14.52,25.104499999999998
Y1,Random forest,553,6,14.61,25.271899999999974
Y1,Random forest,554,6,14.5,25.28680000000002
Y1,Random forest,555,6,14.55,25.059400000000004
Y1,Random forest,600,6,14.54,25.045200000000012
Y1,Random forest,601,6,14.45,25.288500000000003
Y1,Random forest,602,6,14.18,25.154300000000013
Y1,Random forest,603,6,14.5,24.954300000000018
Y1,Random forest,648,6,13.97,24.599900000000005
Y1,Random forest,649,6,14.22,24.76440000000001
Y1,Random forest,650,6,14.1,24.738600000000005
Y1,Random forest,651,6,13.78,24.71869999999998
Y1,Random forest,696,6,14.37,25.040899999999993
Y1,Random forest,697,6,14.48,24.90340000000003
Y1,Random forest,698,6,14.32,24.982300000000006
Y1,Random forest,699,6,14.44,25.136700000000015
Y1,Random forest,744,6,14.41,24.08250000000001
Y1,Random forest,745,6,14.19,24.063600000000015
Y1,Random forest,746,6,14.17,24.0075
Y1,Random forest,747,6,14.39,24.08260000000002
Y1,Random forest,28,7,6.37,6.271500000000003
Y1,Random forest,29,7,6.4,6.294199999999998
Y1,Random forest,30,7,6.37,6.2112
Y1,Random forest,31,7,6.4,6.215700000000001
Y1,Random forest,76,7,10.71,10.641000000000004
Y1,Random forest,77,7,10.8,10.7084
Y1,Random forest,78,7,10.7,10.690200000000004
Y1,Random forest,79,7,10.75,10.713899999999999
Y1,Random forest,124,7,10.64,10.797800000000006
Y1,Random forest,125,7,10.72,10.799500000000013
Y1,Random forest,126,7,10.55,10.717800000000016
Y1,Random forest,127,7,10.68,10.807700000000013
Y1,Random forest,172,7,10.77,10.713000000000005
Y1,Random forest,173,7,10.68,10.674800000000005
Y1,Random forest,174,7,10.68,10.64770000000001
Y1,Random forest,175,7,10.7,10.719300000000002
Y1,Random forest,220,7,10.66,10.562600000000007
Y1,Random forest,221,7,10.68,10.590400000000002
Y1,Random forest,222,7,10.53,10.513400000000017
Y1,Random forest,223,7,10.72,10.613200000000006
Y1,Random forest,268,7,10.78,10.729200000000013
Y1,Random forest,269,7,10.7,10.676200000000003
Y1,Random forest,270,7,10.67,10.683100000000008
Y1,Random forest,271,7,13.69,10.760800000000001
Y1,Random forest,316,7,12.57,12.455999999999994
Y1,Random forest,317,7,12.65,12.617099999999999
Y1,Random forest,318,7,12.57,12.572100000000004
Y1,Random forest,319,7,12.63,12.56890000000001
Y1,Random forest,364,7,12.33,12.506499999999996
Y1,Random forest,365,7,12.29,12.578300000000004
Y1,Random forest,366,7,12.2,12.431300000000007
Y1,Random forest,367,7,12.49,12.483300000000007
Y1,Random forest,412,7,12.41,12.11419999999999
Y1,Random forest,413,7,12.28,12.231699999999995
Y1,Random forest,414,7,12.1,12.149799999999992
Y1,Random forest,415,7,12.19,12.068499999999998
Y1,Random forest,460,7,12.36,12.3859
Y1,Random forest,461,7,12.49,12.423799999999996
Y1,Random forest,462,7,12.17,12.337199999999996
Y1,Random forest,463,7,12.28,12.415699999999992
Y1,Random forest,508,7,12.27,12.202
Y1,Random forest,509,7,12.19,11.995699999999989
Y1,Random forest,510,7,12.25,11.9656
Y1,Random forest,511,7,12.27,12.228199999999994
Y1,Random forest,556,7,14.51,14.375999999999985
Y1,Random forest,557,7,14.6,14.562499999999991
Y1,Random forest,558,7,14.5,14.399099999999999
Y1,Random forest,559,7,14.58,14.449299999999987
Y1,Random forest,604,7,14.7,14.498599999999994
Y1,Random forest,605,7,14.66,14.552100000000017
Y1,Random forest,606,7,14.4,14.323999999999998
Y1,Random forest,607,7,14.71,14.40819999999999
Y1,Random forest,652,7,14.07,14.222000000000007
Y1,Random forest,653,7,14.03,14.323900000000004
Y1,Random forest,654,7,13.94,14.184899999999994
Y1,Random forest,655,7,13.86,14.05349999999999
Y1,Random forest,700,7,14.6,14.387899999999986
Y1,Random forest,701,7,14.7,14.442699999999997
Y1,Random forest,702,7,14.47,14.372399999999995
Y1,Random forest,703,7,14.66,14.405200000000015
Y1,Random forest,748,7,12.43,14.3033
Y1,Random forest,749,7,12.63,14.216900000000003
Y1,Random forest,750,7,12.76,14.250499999999999
Y1,Random forest,751,7,12.42,14.270200000000015
Y1,Random forest,32,8,6.85,6.4281
Y1,Random forest,33,8,6.79,6.433399999999991
Y1,Random forest,34,8,6.77,6.404399999999997
Y1,Random forest,35,8,6.81,6.423699999999993
Y1,Random forest,80,8,11.11,10.744500000000006
Y1,Random forest,81,8,11.13,10.809999999999992
Y1,Random forest,82,8,11.09,10.757500000000007
Y1,Random forest,83,8,11.16,10.802200000000001
Y1,Random forest,128,8,11.45,10.7107
Y1,Random forest,129,8,11.46,10.727900000000002
Y1,Random forest,130,8,11.32,10.643399999999987
Y1,Random forest,131,8,11.49,10.74079999999999
Y1,Random forest,176,8,11.22,10.749999999999993
Y1,Random forest,177,8,11.16,10.725399999999988
Y1,Random forest,178,8,11.1,10.684499999999984
Y1,Random forest,179,8,11.14,10.732900000000011
Y1,Random forest,224,8,11.18,10.691999999999991
Y1,Random forest,225,8,11.22,10.694699999999989
Y1,Random forest,226,8,11.07,10.613699999999985
Y1,Random forest,227,8,11.2,10.831600000000014
Y1,Random forest,272,8,11.21,10.769599999999986
Y1,Random forest,273,8,11.14,10.729600000000007
Y1,Random forest,274,8,11.11,10.743299999999993
Y1,Random forest,275,8,11.16,12.542000000000021
Y1,Random forest,320,8,12.78,12.513500000000006
Y1,Random forest,321,8,12.93,12.546900000000004
Y1,Random forest,322,8,12.73,12.496800000000002
Y1,Random forest,323,8,12.72,12.579500000000007
Y1,Random forest,368,8,12.85,12.365900000000003
Y1,Random forest,369,8,12.87,12.33569999999999
Y1,Random forest,370,8,12.73,12.250600000000013
Y1,Random forest,371,8,12.95,12.45720000000001
Y1,Random forest,416,8,12.34,12.374000000000008
Y1,Random forest,417,8,12.46,12.286199999999985
Y1,Random forest,418,8,12.31,12.135700000000002
Y1,Random forest,419,8,12.12,12.28660000000002
Y1,Random forest,464,8,12.91,12.4077
Y1,Random forest,465,8,12.95,12.449500000000002
Y1,Random forest,466,8,12.67,12.211899999999996
Y1,Random forest,467,8,12.86,12.30299999999999
Y1,Random forest,512,8,12.47,12.283599999999995
Y1,Random forest,513,8,12.12,12.255800000000015
Y1,Random forest,514,8,12.18,12.239000000000006
Y1,Random forest,515,8,12.47,12.318699999999993
Y1,Random forest,560,8,14.51,14.457900000000004
Y1,Random forest,561,8,14.7,14.607899999999988
Y1,Random forest,562,8,14.42,14.498199999999999
Y1,Random forest,563,8,14.42,14.554599999999999
Y1,Random forest,608,8,14.75,14.546800000000013
Y1,Random forest,609,8,14.71,14.63820000000001
Y1,Random forest,610,8,14.33,14.46590000000001
Y1,Random forest,611,8,14.62,14.592600000000012
Y1,Random forest,656,8,14.32,14.067699999999997
Y1,Random forest,657,8,14.56,14.15329999999999
Y1,Random forest,658,8,14.33,14.057300000000023
Y1,Random forest,659,8,14.08,14.050399999999991
Y1,Random forest,704,8,14.54,14.461599999999992
Y1,Random forest,705,8,14.62,14.597400000000016
Y1,Random forest,706,8,14.53,14.456100000000024
Y1,Random forest,707,8,14.71,14.41590000000002
Y1,Random forest,752,8,14.12,12.876599999999996
Y1,Random forest,753,8,14.28,12.843900000000009
Y1,Random forest,754,8,14.37,12.875699999999997
Y1,Random forest,755,8,14.21,12.8084
Y1,Random forest,36,9,7.18,7.990900000000007
Y1,Random forest,37,9,7.1,7.985799999999997
Y1,Random forest,38,9,7.1,7.91699999999999
Y1,Random forest,39,9,7.1,7.873599999999986
Y1,Random forest,84,9,11.68,12.283500000000009
Y1,Random forest,85,9,11.69,12.273700000000014
Y1,Random forest,86,9,11.7,12.397699999999997
Y1,Random forest,87,9,11.69,12.436800000000003
Y1,Random forest,132,9,11.45,12.457500000000017
Y1,Random forest,133,9,11.42,12.421600000000018
Y1,Random forest,134,9,11.33,12.459700000000005
Y1,Random forest,135,9,11.43,12.552800000000007
Y1,Random forest,180,9,11.59,12.315500000000016
Y1,Random forest,181,9,11.6,12.293800000000001
Y1,Random forest,182,9,11.53,12.268099999999999
Y1,Random forest,183,9,11.61,12.351199999999999
Y1,Random forest,228,9,11.44,12.325300000000002
Y1,Random forest,229,9,11.42,12.293300000000011
Y1,Random forest,230,9,11.33,12.287600000000007
Y1,Random forest,231,9,11.43,12.31730000000001
Y1,Random forest,276,9,11.38,12.338500000000012
Y1,Random forest,277,9,11.34,12.323300000000003
Y1,Random forest,278,9,11.22,12.310099999999995
Y1,Random forest,279,9,11.34,12.503400000000005
Y1,Random forest,324,9,13.17,14.099199999999987
Y1,Random forest,325,9,13.18,14.124799999999993
Y1,Random forest,326,9,13.17,14.056100000000004
Y1,Random forest,327,9,13.18,14.02470000000001
Y1,Random forest,372,9,13.05,14.023999999999996
Y1,Random forest,373,9,12.93,14.023299999999992
Y1,Random forest,374,9,12.77,13.964399999999998
Y1,Random forest,375,9,13.0,14.04880000000001
Y1,Random forest,420,9,12.97,13.713199999999997
Y1,Random forest,421,9,13.01,13.736100000000011
Y1,Random forest,422,9,12.74,13.632099999999982
Y1,Random forest,423,9,12.84,13.589299999999987
Y1,Random forest,468,9,12.95,13.990500000000006
Y1,Random forest,469,9,13.0,13.884800000000016
Y1,Random forest,470,9,12.86,13.783699999999993
Y1,Random forest,471,9,12.92,13.791599999999987
Y1,Random forest,516,9,12.93,13.707800000000006
Y1,Random forest,517,9,12.82,13.614299999999984
Y1,Random forest,518,9,12.78,13.570899999999993
Y1,Random forest,519,9,13.02,13.729500000000014
Y1,Random forest,564,9,15.23,15.941600000000003
Y1,Random forest,565,9,15.23,15.988300000000015
Y1,Random forest,566,9,15.23,15.817600000000004
Y1,Random forest,567,9,15.23,15.784200000000007
Y1,Random forest,612,9,15.34,15.968400000000008
Y1,Random forest,613,9,15.29,15.934100000000019
Y1,Random forest,614,9,15.09,15.713000000000001
Y1,Random forest,615,9,15.3,15.840599999999984
Y1,Random forest,660,9,15.16,15.620799999999997
Y1,Random forest,661,9,15.18,15.711199999999984
Y1,Random forest,662,9,14.72,15.592099999999999
Y1,Random forest,663,9,14.9,15.423299999999998
Y1,Random forest,708,9,15.34,15.807899999999982
Y1,Random forest,709,9,15.29,15.863999999999981
Y1,Random forest,710,9,15.09,15.78509999999999
Y1,Random forest,711,9,15.3,15.718500000000006
Y1,Random forest,756,9,14.96,15.23279999999999
Y1,Random forest,757,9,14.92,15.405499999999991
Y1,Random forest,758,9,14.92,15.490599999999993
Y1,Random forest,759,9,15.16,15.267900000000019
Y1,Random forest,40,10,10.85,7.6139
Y1,Random forest,41,10,10.54,7.580900000000007
Y1,Random forest,42,10,10.77,7.552100000000013
Y1,Random forest,43,10,10.56,7.626600000000009
Y1,Random forest,88,10,15.41,12.089000000000006
Y1,Random forest,89,10,15.2,12.12110000000002
Y1,Random forest,90,10,15.42,12.081800000000019
Y1,Random forest,91,10,15.21,12.157000000000009
Y1,Random forest,136,10,15.41,11.977300000000016
Y1,Random forest,137,10,15.18,12.064400000000001
Y1,Random forest,138,10,15.34,11.961000000000011
Y1,Random forest,139,10,15.19,12.046699999999989
Y1,Random forest,184,10,15.16,12.025500000000008
Y1,Random forest,185,10,15.36,12.006800000000009
Y1,Random forest,186,10,15.12,11.9582
Y1,Random forest,187,10,15.36,12.0408
Y1,Random forest,232,10,15.4,11.950500000000012
Y1,Random forest,233,10,15.19,12.011899999999999
Y1,Random forest,234,10,15.32,11.953500000000005
Y1,Random forest,235,10,15.16,12.038799999999998
Y1,Random forest,280,10,15.16,11.876800000000003
Y1,Random forest,281,10,15.37,11.884400000000005
Y1,Random forest,282,10,15.12,11.841900000000008
Y1,Random forest,283,10,15.36,11.869100000000001
Y1,Random forest,328,10,17.5,13.758499999999987
Y1,Random forest,329,10,17.35,13.80449999999998
Y1,Random forest,330,10,17.52,13.710299999999991
Y1,Random forest,331,10,17.37,13.769400000000001
Y1,Random forest,376,10,17.14,13.472849999999987
Y1,Random forest,377,10,16.84,13.51294999999999
Y1,Random forest,378,10,17.02,13.385799999999987
Y1,Random forest,379,10,17.11,13.50029999999999
Y1,Random forest,424,10,16.83,13.350350000000017
Y1,Random forest,425,10,16.93,13.411949999999988
Y1,Random forest,426,10,16.66,13.241700000000003
Y1,Random forest,427,10,16.86,13.3024
Y1,Random forest,472,10,16.99,13.405550000000007
Y1,Random forest,473,10,16.69,13.487849999999987
Y1,Random forest,474,10,16.56,13.39309999999999
Y1,Random forest,475,10,16.62,13.464500000000005
Y1,Random forest,520,10,16.73,13.254650000000002
Y1,Random forest,521,10,16.86,13.228550000000002
Y1,Random forest,522,10,16.76,13.220199999999988
Y1,Random forest,523,10,16.92,13.321099999999985
Y1,Random forest,568,10,19.52,15.478499999999997
Y1,Random forest,569,10,19.36,15.96570000000001
Y1,Random forest,570,10,19.48,16.014400000000016
Y1,Random forest,571,10,19.42,16.036900000000017
Y1,Random forest,616,10,19.2,15.76479999999999
Y1,Random forest,617,10,18.88,16.057099999999995
Y1,Random forest,618,10,18.9,16.037099999999995
Y1,Random forest,619,10,19.12,16.0303
Y1,Random forest,664,10,18.48,15.66760000000001
Y1,Random forest,665,10,18.71,15.704399999999994
Y1,Random forest,666,10,18.48,15.584799999999998
Y1,Random forest,667,10,18.46,15.711800000000009
Y1,Random forest,712,10,19.06,15.726200000000011
Y1,Random forest,713,10,19.13,15.905999999999999
Y1,Random forest,714,10,19.0,15.84060000000001
Y1,Random forest,715,10,18.84,15.850899999999992
Y1,Random forest,760,10,17.69,15.633600000000007
Y1,Random forest,761,10,18.19,15.63320000000001
Y1,Random forest,762,10,18.16,15.610700000000008
Y1,Random forest,763,10,17.88,15.704800000000017
Y1,Random forest,44,11,8.6,10.846999999999998
Y1,Random forest,45,11,8.49,10.74879999999999
Y1,Random forest,46,11,8.45,10.779999999999987
Y1,Random forest,47,11,8.5,10.701099999999979
Y1,Random forest,92,11,12.96,15.320300000000023
Y1,Random forest,93,11,12.97,15.201800000000016
Y1,Random forest,94,11,12.93,15.302600000000007
Y1,Random forest,95,11,13.02,15.226400000000018
Y1,Random forest,140,11,12.88,15.361800000000022
Y1,Random forest,141,11,13.0,15.22540000000001
Y1,Random forest,142,11,12.97,15.294199999999984
Y1,Random forest,143,11,13.04,15.22600000000002
Y1,Random forest,188,11,12.68,15.249900000000016
Y1,Random forest,189,11,12.63,15.29939999999999
Y1,Random forest,190,11,12.71,15.174699999999973
Y1,Random forest,191,11,12.73,15.29679999999998
Y1,Random forest,236,11,12.85,15.33560000000002
Y1,Random forest,237,11,13.04,15.258900000000018
Y1,Random forest,238,11,13.0,15.251399999999988
Y1,Random forest,239,11,13.0,15.222099999999996
Y1,Random forest,284,11,12.59,15.230400000000017
Y1,Random forest,285,11,12.74,15.288699999999995
Y1,Random forest,286,11,12.8,15.17829999999997
Y1,Random forest,287,11,12.62,15.281599999999978
Y1,Random forest,332,11,15.09,17.45329999999999
Y1,Random forest,333,11,15.12,17.38729999999998
Y1,Random forest,334,11,15.08,17.452499999999976
Y1,Random forest,335,11,15.16,17.40349999999997
Y1,Random forest,380,11,14.34,17.047200000000018
Y1,Random forest,381,11,14.66,16.939899999999994
Y1,Random forest,382,11,14.6,16.994799999999984
Y1,Random forest,383,11,14.6,17.068899999999974
Y1,Random forest,428,11,13.91,16.880399999999995
Y1,Random forest,429,11,14.34,16.881400000000014
Y1,Random forest,430,11,13.95,16.741400000000013
Y1,Random forest,431,11,13.99,16.822199999999988
Y1,Random forest,476,11,14.33,16.90050000000001
Y1,Random forest,477,11,14.61,16.762400000000024
Y1,Random forest,478,11,14.61,16.604799999999976
Y1,Random forest,479,11,14.65,16.671599999999966
Y1,Random forest,524,11,13.68,16.809200000000004
Y1,Random forest,525,11,13.99,16.83169999999998
Y1,Random forest,526,11,14.16,16.76609999999999
Y1,Random forest,527,11,13.86,16.84670000000001
Y1,Random forest,572,11,15.09,19.460599999999985
Y1,Random forest,573,11,17.17,19.385399999999976
Y1,Random forest,574,11,17.14,19.4264
Y1,Random forest,575,11,17.14,19.41540000000002
Y1,Random forest,620,11,16.76,19.099600000000027
Y1,Random forest,621,11,17.23,18.963000000000033
Y1,Random forest,622,11,17.26,18.94340000000003
Y1,Random forest,623,11,17.15,19.052999999999983
Y1,Random forest,668,11,16.47,18.61670000000002
Y1,Random forest,669,11,16.35,18.66340000000002
Y1,Random forest,670,11,16.55,18.54200000000002
Y1,Random forest,671,11,16.74,18.51040000000002
Y1,Random forest,716,11,16.44,19.05889999999999
Y1,Random forest,717,11,16.9,19.08860000000002
Y1,Random forest,718,11,16.94,19.010100000000012
Y1,Random forest,719,11,16.77,18.906899999999993
Y1,Random forest,764,11,16.54,17.927700000000033
Y1,Random forest,765,11,16.44,18.064800000000037
Y1,Random forest,766,11,16.48,18.147900000000035
Y1,Random forest,767,11,16.64,18.000700000000037
Y1,Gradient boosting,0,0,15.55,20.671891103332346
Y1,Gradient boosting,1,0,15.55,20.78052888345988
Y1,Gradient boosting,2,0,15.55,20.575619816342442
Y1,Gradient boosting,3,0,15.55,20.359839703028964
Y1,Gradient boosting,48,0,24.58,28.985811751946635
Y1,Gradient boosting,49,0,24.63,29.09444953207417
Y1,Gradient boosting,50,0,24.63,28.88954046495673
Y1,Gradient boosting,51,0,24.59,28.673760351643253
Y1,Gradient boosting,96,0,24.29,28.895171122119418
Y1,Gradient boosting,97,0,24.31,29.003808902246952
Y1,Gradient boosting,98,0,24.13,28.798899835129514
Y1,Gradient boosting,99,0,24.25,28.583119721816036
Y1,Gradient boosting,144,0,24.28,28.76513103721536
Y1,Gradient boosting,145,0,24.4,28.873768817342896
Y1,Gradient boosting,146,0,24.11,28.70161444071919
Y1,Gradient boosting,147,0,24.35,28.616571090660827
Y1,Gradient boosting,192,0,24.38,28.96695449729122
Y1,Gradient boosting,193,0,24.23,28.852337092980488
Y1,Gradient boosting,194,0,24.04,28.680182716356782
Y1,Gradient boosting,195,0,24.32,28.816197521524018
Y1,Gradient boosting,240,0,24.35,28.994940027271124
Y1,Gradient boosting,241,0,24.33,28.880322622960392
Y1,Gradient boosting,242,0,24.03,28.685031225918635
Y1,Gradient boosting,243,0,24.26,28.82104603108587
Y1,Gradient boosting,288,0,28.15,32.7107686113693
Y1,Gradient boosting,289,0,28.15,32.81940639149685
Y1,Gradient boosting,290,0,28.37,32.614497324379414
Y1,Gradient boosting,291,0,28.41,32.39871721106594
Y1,Gradient boosting,336,0,28.67,32.549494604850636
Y1,Gradient boosting,337,0,28.57,32.65813238497818
Y1,Gradient boosting,338,0,28.18,32.45322331786075
Y1,Gradient boosting,339,0,28.6,32.237443204547276
Y1,Gradient boosting,384,0,28.67,32.30941381807029
Y1,Gradient boosting,385,0,28.56,32.418051598197835
Y1,Gradient boosting,386,0,28.17,32.24589722157413
Y1,Gradient boosting,387,0,28.63,32.16085387151578
Y1,Gradient boosting,432,0,28.7,32.51123727814616
Y1,Gradient boosting,433,0,28.55,32.396619873835405
Y1,Gradient boosting,434,0,28.15,32.2244654972117
Y1,Gradient boosting,435,0,28.62,32.36048030237895
Y1,Gradient boosting,480,0,28.69,32.51123727814616
Y1,Gradient boosting,481,0,28.58,32.396619873835405
Y1,Gradient boosting,482,0,28.15,32.20132847679365
Y1,Gradient boosting,483,0,28.61,32.3373432819609
Y1,Gradient boosting,528,0,32.26,35.99823300393412
Y1,Gradient boosting,529,0,32.26,36.10687078406166
Y1,Gradient boosting,530,0,32.49,35.90196171694423
Y1,Gradient boosting,531,0,32.53,35.68618160363076
Y1,Gradient boosting,576,0,32.82,35.83695899741545
Y1,Gradient boosting,577,0,32.71,35.945596777542995
Y1,Gradient boosting,578,0,32.24,35.74068771042556
Y1,Gradient boosting,579,0,32.72,35.52490759711209
Y1,Gradient boosting,624,0,32.82,35.5215208865376
Y1,Gradient boosting,625,0,32.69,35.630158666665146
Y1,Gradient boosting,626,0,32.23,35.458004290041444
Y1,Gradient boosting,627,0,32.75,35.372960939983095
Y1,Gradient boosting,672,0,32.85,35.72334434661347
Y1,Gradient boosting,673,0,32.67,35.60872694230272
Y1,Gradient boosting,674,0,32.21,35.436572565679015
Y1,Gradient boosting,675,0,32.74,35.572587370846264
Y1,Gradient boosting,720,0,32.84,35.527544784037225
Y1,Gradient boosting,721,0,32.72,35.41292737972647
Y1,Gradient boosting,722,0,32.21,35.21763598268471
Y1,Gradient boosting,723,0,32.73,35.35365078785196
Y1,Gradient boosting,4,1,20.84,16.832717328780785
Y1,Gradient boosting,5,1,21.46,16.882889524771997
Y1,Gradient boosting,6,1,20.71,16.74133605778757
Y1,Gradient boosting,7,1,19.68,16.65319775217546
Y1,Gradient boosting,52,1,29.03,25.19046384780784
Y1,Gradient boosting,53,1,29.87,25.240636043799054
Y1,Gradient boosting,54,1,29.14,25.099082576814627
Y1,Gradient boosting,55,1,28.09,25.010944271202515
Y1,Gradient boosting,100,1,28.88,25.290830976177094
Y1,Gradient boosting,101,1,29.68,25.341003172168307
Y1,Gradient boosting,102,1,28.83,25.19944970518388
Y1,Gradient boosting,103,1,27.9,25.11131139957177
Y1,Gradient boosting,148,1,28.07,25.200274600573884
Y1,Gradient boosting,149,1,29.01,25.250446796565097
Y1,Gradient boosting,150,1,29.62,25.135235545073517
Y1,Gradient boosting,151,1,29.05,25.149235971022453
Y1,Gradient boosting,196,1,29.06,25.316092040343637
Y1,Gradient boosting,197,1,28.05,25.266413277865176
Y1,Gradient boosting,198,1,28.86,25.151202026373596
Y1,Gradient boosting,199,1,29.79,25.271527525388365
Y1,Gradient boosting,244,1,29.83,25.316092040343637
Y1,Gradient boosting,245,1,29.08,25.266413277865176
Y1,Gradient boosting,246,1,28.03,25.109225723293815
Y1,Gradient boosting,247,1,29.02,25.229551222308583
Y1,Gradient boosting,292,1,32.68,28.61946421992317
Y1,Gradient boosting,293,1,33.48,28.669636415914383
Y1,Gradient boosting,294,1,32.84,28.528082948929956
Y1,Gradient boosting,295,1,32.0,28.439944643317844
Y1,Gradient boosting,340,1,32.46,28.719831348292423
Y1,Gradient boosting,341,1,33.27,28.770003544283636
Y1,Gradient boosting,342,1,32.33,28.62845007729921
Y1,Gradient boosting,343,1,31.66,28.540311771687097
Y1,Gradient boosting,388,1,31.63,28.577337864831506
Y1,Gradient boosting,389,1,32.4,28.62751006082272
Y1,Gradient boosting,390,1,32.68,28.51229880933114
Y1,Gradient boosting,391,1,32.29,28.526299235280074
Y1,Gradient boosting,436,1,32.67,28.69315530460126
Y1,Gradient boosting,437,1,31.69,28.643476542122798
Y1,Gradient boosting,438,1,32.07,28.528265290631218
Y1,Gradient boosting,439,1,33.28,28.648590789645986
Y1,Gradient boosting,484,1,33.13,28.69315530460126
Y1,Gradient boosting,485,1,32.31,28.643476542122798
Y1,Gradient boosting,486,1,31.53,28.486288987551436
Y1,Gradient boosting,487,1,32.46,28.606614486566205
Y1,Gradient boosting,532,1,36.47,32.614310355881855
Y1,Gradient boosting,533,1,37.24,32.664482551873064
Y1,Gradient boosting,534,1,36.66,32.52292908488864
Y1,Gradient boosting,535,1,35.96,32.434790779276526
Y1,Gradient boosting,580,1,35.84,32.7146774842511
Y1,Gradient boosting,581,1,36.57,32.76484968024231
Y1,Gradient boosting,582,1,36.06,32.62329621325788
Y1,Gradient boosting,583,1,35.69,32.53515790764577
Y1,Gradient boosting,628,1,34.24,32.57218400079019
Y1,Gradient boosting,629,1,34.95,32.622356196781396
Y1,Gradient boosting,630,1,35.05,32.50714494528982
Y1,Gradient boosting,631,1,34.29,32.52114537123875
Y1,Gradient boosting,676,1,36.45,32.68800144055993
Y1,Gradient boosting,677,1,35.73,32.63832267808148
Y1,Gradient boosting,678,1,35.4,32.5231114265899
Y1,Gradient boosting,679,1,36.57,32.64343692560467
Y1,Gradient boosting,724,1,35.67,32.51162681657411
Y1,Gradient boosting,725,1,35.01,32.46194805409566
Y1,Gradient boosting,726,1,34.72,32.30476049952429
Y1,Gradient boosting,727,1,35.24,32.42508599853906
Y1,Gradient boosting,8,2,19.5,20.56943100307616
Y1,Gradient boosting,9,2,19.95,20.611050971213864
Y1,Gradient boosting,10,2,19.34,20.443640803769554
Y1,Gradient boosting,11,2,18.31,20.39279938241494
Y1,Gradient boosting,56,2,26.28,27.28403649117125
Y1,Gradient boosting,57,2,26.91,27.325656459308952
Y1,Gradient boosting,58,2,26.37,27.158246291864643
Y1,Gradient boosting,59,2,25.27,27.107404870510027
Y1,Gradient boosting,104,2,26.48,27.231980033677374
Y1,Gradient boosting,105,2,27.02,27.273600001815076
Y1,Gradient boosting,106,2,26.33,27.106189834370767
Y1,Gradient boosting,107,2,25.36,27.05534841301615
Y1,Gradient boosting,152,2,25.41,27.118297507989823
Y1,Gradient boosting,153,2,26.47,27.159917476127525
Y1,Gradient boosting,154,2,26.89,27.044600225883386
Y1,Gradient boosting,155,2,26.46,27.022079212852915
Y1,Gradient boosting,200,2,26.44,27.247525419581283
Y1,Gradient boosting,201,2,25.37,27.189274303664686
Y1,Gradient boosting,202,2,26.33,27.068519102124835
Y1,Gradient boosting,203,2,27.03,27.171238764593614
Y1,Gradient boosting,248,2,27.03,27.257500107215435
Y1,Gradient boosting,249,2,26.45,27.199248991298838
Y1,Gradient boosting,250,2,25.36,27.049279125214657
Y1,Gradient boosting,251,2,26.45,27.151998787683436
Y1,Gradient boosting,296,2,29.54,30.22799280341514
Y1,Gradient boosting,297,2,30.05,30.269612771552843
Y1,Gradient boosting,298,2,29.6,30.102202604108534
Y1,Gradient boosting,299,2,28.66,30.05136118275392
Y1,Gradient boosting,344,2,29.34,30.14844035547725
Y1,Gradient boosting,345,2,29.87,30.19006032361495
Y1,Gradient boosting,346,2,29.27,30.02265015617064
Y1,Gradient boosting,347,2,28.4,29.971808734816026
Y1,Gradient boosting,392,2,28.4,29.921581132551832
Y1,Gradient boosting,393,2,29.4,29.963201100689535
Y1,Gradient boosting,394,2,29.43,29.847883850445395
Y1,Gradient boosting,395,2,29.07,29.825362837414925
Y1,Gradient boosting,440,2,29.47,30.050809044143293
Y1,Gradient boosting,441,2,28.42,29.992557928226695
Y1,Gradient boosting,442,2,29.08,29.871802726686845
Y1,Gradient boosting,443,2,29.88,29.974522389155624
Y1,Gradient boosting,488,2,29.71,30.02493398611907
Y1,Gradient boosting,489,2,29.09,29.966682870202472
Y1,Gradient boosting,490,2,28.31,29.81671300411829
Y1,Gradient boosting,491,2,29.39,29.91943266658707
Y1,Gradient boosting,536,2,31.89,33.1651025010676
Y1,Gradient boosting,537,2,32.39,33.206722469205324
Y1,Gradient boosting,538,2,32.09,33.03931230176103
Y1,Gradient boosting,539,2,31.29,32.98847088040642
Y1,Gradient boosting,584,2,32.48,33.085550053129715
Y1,Gradient boosting,585,2,32.74,33.12717002126744
Y1,Gradient boosting,586,2,32.13,32.959759853823144
Y1,Gradient boosting,587,2,31.64,32.90891843246853
Y1,Gradient boosting,632,2,31.28,32.78601291985079
Y1,Gradient boosting,633,2,32.12,32.827632887988514
Y1,Gradient boosting,634,2,32.05,32.712315637744375
Y1,Gradient boosting,635,2,31.84,32.68979462471391
Y1,Gradient boosting,680,2,32.38,32.924584251168675
Y1,Gradient boosting,681,2,31.66,32.866333135252084
Y1,Gradient boosting,682,2,32.15,32.745577933712234
Y1,Gradient boosting,683,2,32.75,32.84829759618101
Y1,Gradient boosting,728,2,32.31,32.69392763680518
Y1,Gradient boosting,729,2,31.81,32.63567652088859
Y1,Gradient boosting,730,2,31.12,32.4857066548044
Y1,Gradient boosting,731,2,32.06,32.58842631727318
Y1,Gradient boosting,12,3,17.05,24.25054861577312
Y1,Gradient boosting,13,3,17.41,24.670691675218464
Y1,Gradient boosting,14,3,16.95,24.38298639615644
Y1,Gradient boosting,15,3,15.98,23.899300502904712
Y1,Gradient boosting,60,3,23.53,30.776789307745126
Y1,Gradient boosting,61,3,24.03,31.20901506642376
Y1,Gradient boosting,62,3,23.54,30.969062944231283
Y1,Gradient boosting,63,3,22.58,30.655749090021274
Y1,Gradient boosting,108,3,23.75,30.754669615627613
Y1,Gradient boosting,109,3,24.23,31.154583667723028
Y1,Gradient boosting,110,3,23.67,30.91855732479689
Y1,Gradient boosting,111,3,22.79,30.638213025557175
Y1,Gradient boosting,156,3,22.93,30.51448987262254
Y1,Gradient boosting,157,3,23.84,30.908047355748117
Y1,Gradient boosting,158,3,24.17,30.873409875343025
Y1,Gradient boosting,159,3,23.87,30.862803089452058
Y1,Gradient boosting,204,3,23.8,31.209058418321902
Y1,Gradient boosting,205,3,22.8,30.82250513615445
Y1,Gradient boosting,206,3,23.59,30.759978795057187
Y1,Gradient boosting,207,3,24.24,31.019133775595634
Y1,Gradient boosting,252,3,24.37,31.346422464258378
Y1,Gradient boosting,253,3,23.89,30.959869182090927
Y1,Gradient boosting,254,3,22.89,30.557493099485068
Y1,Gradient boosting,255,3,23.86,30.845736691864413
Y1,Gradient boosting,300,3,26.84,34.24295066072536
Y1,Gradient boosting,301,3,27.27,34.67517641940401
Y1,Gradient boosting,302,3,26.97,34.435124393512005
Y1,Gradient boosting,303,3,26.19,34.16755097782314
Y1,Gradient boosting,348,3,25.74,34.205310416564515
Y1,Gradient boosting,349,3,25.98,34.60522446865995
Y1,Gradient boosting,350,3,25.38,34.33963259093932
Y1,Gradient boosting,351,3,24.94,34.10502873022076
Y1,Gradient boosting,396,3,24.7,33.86897092208911
Y1,Gradient boosting,397,3,25.48,34.26252840521471
Y1,Gradient boosting,398,3,25.37,34.19832539001513
Y1,Gradient boosting,399,3,25.17,34.187718604124186
Y1,Gradient boosting,444,3,25.66,34.60668814938291
Y1,Gradient boosting,445,3,24.96,34.22013486721544
Y1,Gradient boosting,446,3,25.43,34.128042991323696
Y1,Gradient boosting,447,3,26.0,34.38719797186217
Y1,Gradient boosting,492,3,25.7,34.650875280794764
Y1,Gradient boosting,493,3,25.17,34.264321998627295
Y1,Gradient boosting,494,3,24.6,33.830105297596226
Y1,Gradient boosting,495,3,25.49,34.11834888997559
Y1,Gradient boosting,540,3,29.22,36.90391191492461
Y1,Gradient boosting,541,3,29.91,37.33613767360326
Y1,Gradient boosting,542,3,29.53,37.096085647711256
Y1,Gradient boosting,543,3,28.65,36.82851223202239
Y1,Gradient boosting,588,3,28.95,36.877668479974005
Y1,Gradient boosting,589,3,29.49,37.27758253206944
Y1,Gradient boosting,590,3,28.64,37.01199065434881
Y1,Gradient boosting,591,3,28.01,36.77738679363025
Y1,Gradient boosting,636,3,28.67,36.31610074301431
Y1,Gradient boosting,637,3,29.67,36.70965822613991
Y1,Gradient boosting,638,3,29.47,36.64545521094033
Y1,Gradient boosting,639,3,28.91,36.634848425049384
Y1,Gradient boosting,684,3,28.93,37.22724473155359
Y1,Gradient boosting,685,3,28.05,36.84069144938612
Y1,Gradient boosting,686,3,28.64,36.748599573494374
Y1,Gradient boosting,687,3,29.52,36.983835487639155
Y1,Gradient boosting,732,3,30.0,36.97715628861622
Y1,Gradient boosting,733,3,29.5,36.59060300644875
Y1,Gradient boosting,734,3,29.06,36.15638630541768
Y1,Gradient boosting,735,3,29.92,36.420710831403355
Y1,Gradient boosting,16,4,28.52,18.103026411276446
Y1,Gradient boosting,17,4,29.9,18.136742608834048
Y1,Gradient boosting,18,4,29.63,18.06316048602077
Y1,Gradient boosting,19,4,28.75,17.90181070408316
Y1,Gradient boosting,64,4,35.56,25.373754588074103
Y1,Gradient boosting,65,4,37.12,25.407470785631705
Y1,Gradient boosting,66,4,36.9,25.333888662818428
Y1,Gradient boosting,67,4,35.94,25.21108098772854
Y1,Gradient boosting,112,4,35.65,25.326946905381455
Y1,Gradient boosting,113,4,37.26,25.360663102939057
Y1,Gradient boosting,114,4,36.97,25.28708098012578
Y1,Gradient boosting,115,4,36.03,25.16427330503589
Y1,Gradient boosting,160,4,35.78,25.186387920069848
Y1,Gradient boosting,161,4,35.48,25.22010411762745
Y1,Gradient boosting,162,4,36.97,25.168174390469577
Y1,Gradient boosting,163,4,36.7,25.16928175812929
Y1,Gradient boosting,208,4,36.86,25.30088447175039
Y1,Gradient boosting,209,4,35.89,25.25105910975233
Y1,Gradient boosting,210,4,35.45,25.199129382594457
Y1,Gradient boosting,211,4,37.1,25.39804474972336
Y1,Gradient boosting,256,4,37.03,25.293124828131983
Y1,Gradient boosting,257,4,36.71,25.243299466133923
Y1,Gradient boosting,258,4,36.77,25.18058354329055
Y1,Gradient boosting,259,4,35.48,25.392160661423496
Y1,Gradient boosting,304,4,38.67,28.17041969336761
Y1,Gradient boosting,305,4,40.03,28.204135890925212
Y1,Gradient boosting,306,4,39.86,28.130553768111934
Y1,Gradient boosting,307,4,39.04,28.007746093022046
Y1,Gradient boosting,352,4,38.57,28.058438122894408
Y1,Gradient boosting,353,4,40.19,28.09215432045201
Y1,Gradient boosting,354,4,39.97,28.018572197638733
Y1,Gradient boosting,355,4,38.98,27.895764522548845
Y1,Gradient boosting,400,4,39.04,27.806861762082903
Y1,Gradient boosting,401,4,38.35,27.840577959640505
Y1,Gradient boosting,402,4,39.81,27.788648232482632
Y1,Gradient boosting,403,4,39.83,27.789755600142346
Y1,Gradient boosting,448,4,40.0,27.921358313763445
Y1,Gradient boosting,449,4,38.84,27.871532951765385
Y1,Gradient boosting,450,4,38.33,27.819603224607512
Y1,Gradient boosting,451,4,40.12,28.018518591736417
Y1,Gradient boosting,496,4,39.89,27.841799127661677
Y1,Gradient boosting,497,4,39.83,27.791973765663617
Y1,Gradient boosting,498,4,39.01,27.729257842820243
Y1,Gradient boosting,499,4,38.65,27.94083496095319
Y1,Gradient boosting,544,4,41.4,31.267452624418333
Y1,Gradient boosting,545,4,42.62,31.301168821975935
Y1,Gradient boosting,546,4,42.5,31.227586699162657
Y1,Gradient boosting,547,4,41.67,31.10477902407277
Y1,Gradient boosting,592,4,41.64,31.15547105394513
Y1,Gradient boosting,593,4,43.1,31.189187251502734
Y1,Gradient boosting,594,4,42.74,31.115605128689456
Y1,Gradient boosting,595,4,41.92,30.992797453599568
Y1,Gradient boosting,640,4,41.26,30.83875791440888
Y1,Gradient boosting,641,4,41.3,30.872474111966483
Y1,Gradient boosting,642,4,42.49,30.82054438480861
Y1,Gradient boosting,643,4,42.08,30.821651752468323
Y1,Gradient boosting,688,4,42.77,30.99158359227641
Y1,Gradient boosting,689,4,41.73,30.94175823027835
Y1,Gradient boosting,690,4,41.32,30.889828503120476
Y1,Gradient boosting,691,4,42.96,31.08874387024938
Y1,Gradient boosting,736,4,42.11,30.72718844208805
Y1,Gradient boosting,737,4,41.96,30.67736308008999
Y1,Gradient boosting,738,4,41.09,30.614647157246615
Y1,Gradient boosting,739,4,40.79,30.826224275379563
Y1,Gradient boosting,20,5,24.77,25.380138905060875
Y1,Gradient boosting,21,5,23.93,25.380138905060875
Y1,Gradient boosting,22,5,24.77,25.380138905060875
Y1,Gradient boosting,23,5,23.93,25.380138905060875
Y1,Gradient boosting,68,5,32.96,30.567274298978955
Y1,Gradient boosting,69,5,32.12,30.567274298978955
Y1,Gradient boosting,70,5,32.94,30.567274298978955
Y1,Gradient boosting,71,5,32.21,30.567274298978955
Y1,Gradient boosting,116,5,33.16,30.567274298978955
Y1,Gradient boosting,117,5,32.4,30.567274298978955
Y1,Gradient boosting,118,5,33.12,30.567274298978955
Y1,Gradient boosting,119,5,32.41,30.567274298978955
Y1,Gradient boosting,164,5,32.52,30.567274298978955
Y1,Gradient boosting,165,5,33.28,30.567274298978955
Y1,Gradient boosting,166,5,32.33,30.567274298978955
Y1,Gradient boosting,167,5,33.24,30.567274298978955
Y1,Gradient boosting,212,5,33.08,30.567274298978955
Y1,Gradient boosting,213,5,32.38,30.567274298978955
Y1,Gradient boosting,214,5,33.09,30.567274298978955
Y1,Gradient boosting,215,5,32.31,30.567274298978955
Y1,Gradient boosting,260,5,32.31,30.567274298978955
Y1,Gradient boosting,261,5,33.21,30.567274298978955
Y1,Gradient boosting,262,5,32.46,30.567274298978955
Y1,Gradient boosting,263,5,33.27,30.567274298978955
Y1,Gradient boosting,308,5,36.96,32.774540098454985
Y1,Gradient boosting,309,5,36.13,32.774540098454985
Y1,Gradient boosting,310,5,36.91,32.774540098454985
Y1,Gradient boosting,311,5,36.43,32.774540098454985
Y1,Gradient boosting,356,5,36.95,32.774540098454985
Y1,Gradient boosting,357,5,36.28,32.774540098454985
Y1,Gradient boosting,358,5,36.86,32.774540098454985
Y1,Gradient boosting,359,5,36.45,32.774540098454985
Y1,Gradient boosting,404,5,35.99,32.71965850632936
Y1,Gradient boosting,405,5,36.59,32.71965850632936
Y1,Gradient boosting,406,5,35.64,32.71965850632936
Y1,Gradient boosting,407,5,36.52,32.71965850632936
Y1,Gradient boosting,452,5,36.95,32.71965850632936
Y1,Gradient boosting,453,5,36.45,32.71965850632936
Y1,Gradient boosting,454,5,36.81,32.71965850632936
Y1,Gradient boosting,455,5,36.26,32.71965850632936
Y1,Gradient boosting,500,5,35.69,32.71965850632936
Y1,Gradient boosting,501,5,36.64,32.71965850632936
Y1,Gradient boosting,502,5,36.06,32.71965850632936
Y1,Gradient boosting,503,5,36.7,32.71965850632936
Y1,Gradient boosting,548,5,40.78,35.369706372607084
Y1,Gradient boosting,549,5,39.97,35.369706372607084
Y1,Gradient boosting,550,5,40.71,35.369706372607084
Y1,Gradient boosting,551,5,40.43,35.369706372607084
Y1,Gradient boosting,596,5,40.78,35.369706372607084
Y1,Gradient boosting,597,5,40.15,35.369706372607084
Y1,Gradient boosting,598,5,40.57,35.369706372607084
Y1,Gradient boosting,599,5,40.42,35.369706372607084
Y1,Gradient boosting,644,5,39.32,35.270672472518456
Y1,Gradient boosting,645,5,39.84,35.270672472518456
Y1,Gradient boosting,646,5,38.89,35.270672472518456
Y1,Gradient boosting,647,5,39.68,35.270672472518456
Y1,Gradient boosting,692,5,40.68,35.270672472518456
Y1,Gradient boosting,693,5,40.4,35.270672472518456
Y1,Gradient boosting,694,5,40.6,35.270672472518456
Y1,Gradient boosting,695,5,40.11,35.270672472518456
Y1,Gradient boosting,740,5,38.82,35.15775111111323
Y1,Gradient boosting,741,5,39.72,35.15775111111323
Y1,Gradient boosting,742,5,39.31,35.15775111111323
Y1,Gradient boosting,743,5,39.86,35.15775111111323
Y1,Gradient boosting,24,6,6.07,14.493217534507737
Y1,Gradient boosting,25,6,6.05,14.493217534507737
Y1,Gradient boosting,26,6,6.01,14.493217534507737
Y1,Gradient boosting,27,6,6.04,14.493217534507737
Y1,Gradient boosting,72,6,10.36,20.032394576120716
Y1,Gradient boosting,73,6,10.43,20.032394576120716
Y1,Gradient boosting,74,6,10.36,20.032394576120716
Y1,Gradient boosting,75,6,10.39,20.032394576120716
Y1,Gradient boosting,120,6,10.42,20.032394576120716
Y1,Gradient boosting,121,6,10.46,20.032394576120716
Y1,Gradient boosting,122,6,10.32,20.032394576120716
Y1,Gradient boosting,123,6,10.45,20.032394576120716
Y1,Gradient boosting,168,6,10.39,20.032394576120716
Y1,Gradient boosting,169,6,10.34,20.032394576120716
Y1,Gradient boosting,170,6,10.35,20.032394576120716
Y1,Gradient boosting,171,6,10.38,20.032394576120716
Y1,Gradient boosting,216,6,10.08,20.032394576120716
Y1,Gradient boosting,217,6,10.15,20.032394576120716
Y1,Gradient boosting,218,6,10.07,20.032394576120716
Y1,Gradient boosting,219,6,10.14,20.032394576120716
Y1,Gradient boosting,264,6,10.47,20.032394576120716
Y1,Gradient boosting,265,6,10.37,20.032394576120716
Y1,Gradient boosting,266,6,10.34,20.032394576120716
Y1,Gradient boosting,267,6,10.39,20.032394576120716
Y1,Gradient boosting,312,6,12.43,21.97339434145878
Y1,Gradient boosting,313,6,12.5,21.97339434145878
Y1,Gradient boosting,314,6,12.41,21.97339434145878
Y1,Gradient boosting,315,6,12.45,21.97339434145878
Y1,Gradient boosting,360,6,12.35,21.97339434145878
Y1,Gradient boosting,361,6,12.45,21.97339434145878
Y1,Gradient boosting,362,6,12.16,21.97339434145878
Y1,Gradient boosting,363,6,12.3,21.97339434145878
Y1,Gradient boosting,408,6,11.8,21.91838336074121
Y1,Gradient boosting,409,6,12.03,21.91838336074121
Y1,Gradient boosting,410,6,11.98,21.91838336074121
Y1,Gradient boosting,411,6,11.69,21.91838336074121
Y1,Gradient boosting,456,6,12.32,21.91838336074121
Y1,Gradient boosting,457,6,12.3,21.91838336074121
Y1,Gradient boosting,458,6,12.18,21.91838336074121
Y1,Gradient boosting,459,6,12.43,21.91838336074121
Y1,Gradient boosting,504,6,12.12,21.91838336074121
Y1,Gradient boosting,505,6,11.67,21.91838336074121
Y1,Gradient boosting,506,6,11.64,21.91838336074121
Y1,Gradient boosting,507,6,12.02,21.91838336074121
Y1,Gradient boosting,552,6,14.52,24.366856738455994
Y1,Gradient boosting,553,6,14.61,24.366856738455994
Y1,Gradient boosting,554,6,14.5,24.366856738455994
Y1,Gradient boosting,555,6,14.55,24.366856738455994
Y1,Gradient boosting,600,6,14.54,24.366856738455994
Y1,Gradient boosting,601,6,14.45,24.366856738455994
Y1,Gradient boosting,602,6,14.18,24.366856738455994
Y1,Gradient boosting,603,6,14.5,24.366856738455994
Y1,Gradient boosting,648,6,13.97,24.261327701206508
Y1,Gradient boosting,649,6,14.22,24.261327701206508
Y1,Gradient boosting,650,6,14.1,24.261327701206508
Y1,Gradient boosting,651,6,13.78,24.261327701206508
Y1,Gradient boosting,696,6,14.37,24.261327701206508
Y1,Gradient boosting,697,6,14.48,24.261327701206508
Y1,Gradient boosting,698,6,14.32,24.261327701206508
Y1,Gradient boosting,699,6,14.44,24.261327701206508
Y1,Gradient boosting,744,6,14.41,24.127337316803914
Y1,Gradient boosting,745,6,14.19,24.127337316803914
Y1,Gradient boosting,746,6,14.17,24.127337316803914
Y1,Gradient boosting,747,6,14.39,24.127337316803914
Y1,Gradient boosting,28,7,6.37,6.198632556814048
Y1,Gradient boosting,29,7,6.4,6.198632556814048
Y1,Gradient boosting,30,7,6.37,6.198632556814048
Y1,Gradient boosting,31,7,6.4,6.198632556814048
Y1,Gradient boosting,76,7,10.71,10.843974341765831
Y1,Gradient boosting,77,7,10.8,10.843974341765831
Y1,Gradient boosting,78,7,10.7,10.843974341765831
Y1,Gradient boosting,79,7,10.75,10.843974341765831
Y1,Gradient boosting,124,7,10.64,10.843974341765831
Y1,Gradient boosting,125,7,10.72,10.843974341765831
Y1,Gradient boosting,126,7,10.55,10.843974341765831
Y1,Gradient boosting,127,7,10.68,10.843974341765831
Y1,Gradient boosting,172,7,10.77,10.843974341765831
Y1,Gradient boosting,173,7,10.68,10.843974341765831
Y1,Gradient boosting,174,7,10.68,10.843974341765831
Y1,Gradient boosting,175,7,10.7,10.843974341765831
Y1,Gradient boosting,220,7,10.66,10.843974341765831
Y1,Gradient boosting,221,7,10.68,10.843974341765831
Y1,Gradient boosting,222,7,10.53,10.843974341765831
Y1,Gradient boosting,223,7,10.72,10.843974341765831
Y1,Gradient boosting,268,7,10.78,10.843974341765831
Y1,Gradient boosting,269,7,10.7,10.843974341765831
Y1,Gradient boosting,270,7,10.67,10.843974341765831
Y1,Gradient boosting,271,7,13.69,10.843974341765831
Y1,Gradient boosting,316,7,12.57,12.3910431691306
Y1,Gradient boosting,317,7,12.65,12.3910431691306
Y1,Gradient boosting,318,7,12.57,12.3910431691306
Y1,Gradient boosting,319,7,12.63,12.3910431691306
Y1,Gradient boosting,364,7,12.33,12.3910431691306
Y1,Gradient boosting,365,7,12.29,12.3910431691306
Y1,Gradient boosting,366,7,12.2,12.3910431691306
Y1,Gradient boosting,367,7,12.49,12.3910431691306
Y1,Gradient boosting,412,7,12.41,12.349167961705282
Y1,Gradient boosting,413,7,12.28,12.349167961705282
Y1,Gradient boosting,414,7,12.1,12.349167961705282
Y1,Gradient boosting,415,7,12.19,12.349167961705282
Y1,Gradient boosting,460,7,12.36,12.349167961705282
Y1,Gradient boosting,461,7,12.49,12.349167961705282
Y1,Gradient boosting,462,7,12.17,12.349167961705282
Y1,Gradient boosting,463,7,12.28,12.349167961705282
Y1,Gradient boosting,508,7,12.27,12.349167961705282
Y1,Gradient boosting,509,7,12.19,12.349167961705282
Y1,Gradient boosting,510,7,12.25,12.349167961705282
Y1,Gradient boosting,511,7,12.27,12.349167961705282
Y1,Gradient boosting,556,7,14.51,14.440773633694082
Y1,Gradient boosting,557,7,14.6,14.440773633694082
Y1,Gradient boosting,558,7,14.5,14.440773633694082
Y1,Gradient boosting,559,7,14.58,14.440773633694082
Y1,Gradient boosting,604,7,14.7,14.440773633694082
Y1,Gradient boosting,605,7,14.66,14.440773633694082
Y1,Gradient boosting,606,7,14.4,14.440773633694082
Y1,Gradient boosting,607,7,14.71,14.440773633694082
Y1,Gradient boosting,652,7,14.07,14.329787391009377
Y1,Gradient boosting,653,7,14.03,14.329787391009377
Y1,Gradient boosting,654,7,13.94,14.329787391009377
Y1,Gradient boosting,655,7,13.86,14.329787391009377
Y1,Gradient boosting,700,7,14.6,14.329787391009377
Y1,Gradient boosting,701,7,14.7,14.329787391009377
Y1,Gradient boosting,702,7,14.47,14.329787391009377
Y1,Gradient boosting,703,7,14.66,14.329787391009377
Y1,Gradient boosting,748,7,12.43,14.329787391009377
Y1,Gradient boosting,749,7,12.63,14.329787391009377
Y1,Gradient boosting,750,7,12.76,14.329787391009377
Y1,Gradient boosting,751,7,12.42,14.329787391009377
Y1,Gradient boosting,32,8,6.85,6.093028859712821
Y1,Gradient boosting,33,8,6.79,6.168814502201139
Y1,Gradient boosting,34,8,6.77,6.115927407542155
Y1,Gradient boosting,35,8,6.81,5.987560251120777
Y1,Gradient boosting,80,8,11.11,10.790849385163314
Y1,Gradient boosting,81,8,11.13,10.866635027651633
Y1,Gradient boosting,82,8,11.09,10.813747932992648
Y1,Gradient boosting,83,8,11.16,10.685380776571273
Y1,Gradient boosting,128,8,11.45,10.761765021688289
Y1,Gradient boosting,129,8,11.46,10.837550664176607
Y1,Gradient boosting,130,8,11.32,10.784663569517623
Y1,Gradient boosting,131,8,11.49,10.656296413096248
Y1,Gradient boosting,176,8,11.22,10.640341925832551
Y1,Gradient boosting,177,8,11.16,10.71612756832087
Y1,Gradient boosting,178,8,11.1,10.738143272487155
Y1,Gradient boosting,179,8,11.14,10.68388415859154
Y1,Gradient boosting,224,8,11.18,10.798029516083396
Y1,Gradient boosting,225,8,11.22,10.67853379333093
Y1,Gradient boosting,226,8,11.07,10.700549497497216
Y1,Gradient boosting,227,8,11.2,10.842552162339622
Y1,Gradient boosting,272,8,11.21,10.798029516083396
Y1,Gradient boosting,273,8,11.14,10.67853379333093
Y1,Gradient boosting,274,8,11.11,10.662030166029744
Y1,Gradient boosting,275,8,11.16,10.804032830872151
Y1,Gradient boosting,320,8,12.78,12.460393088971248
Y1,Gradient boosting,321,8,12.93,12.536178731459566
Y1,Gradient boosting,322,8,12.73,12.483291636800582
Y1,Gradient boosting,323,8,12.72,12.354924480379207
Y1,Gradient boosting,368,8,12.85,12.381044748412656
Y1,Gradient boosting,369,8,12.87,12.456830390900974
Y1,Gradient boosting,370,8,12.73,12.403943296241989
Y1,Gradient boosting,371,8,12.95,12.275576139820615
Y1,Gradient boosting,416,8,12.34,12.16896290848872
Y1,Gradient boosting,417,8,12.46,12.244748550977038
Y1,Gradient boosting,418,8,12.31,12.266764255143324
Y1,Gradient boosting,419,8,12.12,12.212505141247709
Y1,Gradient boosting,464,8,12.91,12.326650498739564
Y1,Gradient boosting,465,8,12.95,12.207154775987098
Y1,Gradient boosting,466,8,12.67,12.229170480153384
Y1,Gradient boosting,467,8,12.86,12.37117314499579
Y1,Gradient boosting,512,8,12.47,12.314116492462535
Y1,Gradient boosting,513,8,12.12,12.194620769710069
Y1,Gradient boosting,514,8,12.18,12.178117142408883
Y1,Gradient boosting,515,8,12.47,12.32011980725129
Y1,Gradient boosting,560,8,14.51,14.541799908716044
Y1,Gradient boosting,561,8,14.7,14.617585551204362
Y1,Gradient boosting,562,8,14.42,14.564698456545377
Y1,Gradient boosting,563,8,14.42,14.436331300124003
Y1,Gradient boosting,608,8,14.75,14.462451568157451
Y1,Gradient boosting,609,8,14.71,14.53823721064577
Y1,Gradient boosting,610,8,14.33,14.485350115986785
Y1,Gradient boosting,611,8,14.62,14.35698295956541
Y1,Gradient boosting,656,8,14.32,14.159020272739856
Y1,Gradient boosting,657,8,14.56,14.234805915228174
Y1,Gradient boosting,658,8,14.33,14.25682161939446
Y1,Gradient boosting,659,8,14.08,14.202562505498845
Y1,Gradient boosting,704,8,14.54,14.328039164784151
Y1,Gradient boosting,705,8,14.62,14.208543442031685
Y1,Gradient boosting,706,8,14.53,14.23055914619797
Y1,Gradient boosting,707,8,14.71,14.372561811040377
Y1,Gradient boosting,752,8,14.12,14.12075744396273
Y1,Gradient boosting,753,8,14.28,14.001261721210264
Y1,Gradient boosting,754,8,14.37,13.984758093909079
Y1,Gradient boosting,755,8,14.21,14.126760758751486
Y1,Gradient boosting,36,9,7.18,7.546888005519763
Y1,Gradient boosting,37,9,7.1,7.546888005519763
Y1,Gradient boosting,38,9,7.1,7.546888005519763
Y1,Gradient boosting,39,9,7.1,7.546888005519763
Y1,Gradient boosting,84,9,11.68,12.238668008198127
Y1,Gradient boosting,85,9,11.69,12.238668008198127
Y1,Gradient boosting,86,9,11.7,12.238668008198127
Y1,Gradient boosting,87,9,11.69,12.238668008198127
Y1,Gradient boosting,132,9,11.45,12.238668008198127
Y1,Gradient boosting,133,9,11.42,12.238668008198127
Y1,Gradient boosting,134,9,11.33,12.238668008198127
Y1,Gradient boosting,135,9,11.43,12.238668008198127
Y1,Gradient boosting,180,9,11.59,12.238668008198127
Y1,Gradient boosting,181,9,11.6,12.238668008198127
Y1,Gradient boosting,182,9,11.53,12.238668008198127
Y1,Gradient boosting,183,9,11.61,12.238668008198127
Y1,Gradient boosting,228,9,11.44,12.238668008198127
Y1,Gradient boosting,229,9,11.42,12.238668008198127
Y1,Gradient boosting,230,9,11.33,12.238668008198127
Y1,Gradient boosting,231,9,11.43,12.238668008198127
Y1,Gradient boosting,276,9,11.38,12.238668008198127
Y1,Gradient boosting,277,9,11.34,12.238668008198127
Y1,Gradient boosting,278,9,11.22,12.238668008198127
Y1,Gradient boosting,279,9,11.34,12.238668008198127
Y1,Gradient boosting,324,9,13.17,13.617352341217503
Y1,Gradient boosting,325,9,13.18,13.617352341217503
Y1,Gradient boosting,326,9,13.17,13.617352341217503
Y1,Gradient boosting,327,9,13.18,13.617352341217503
Y1,Gradient boosting,372,9,13.05,13.617352341217503
Y1,Gradient boosting,373,9,12.93,13.617352341217503
Y1,Gradient boosting,374,9,12.77,13.617352341217503
Y1,Gradient boosting,375,9,13.0,13.617352341217503
Y1,Gradient boosting,420,9,12.97,13.544485201619358
Y1,Gradient boosting,421,9,13.01,13.544485201619358
Y1,Gradient boosting,422,9,12.74,13.544485201619358
Y1,Gradient boosting,423,9,12.84,13.544485201619358
Y1,Gradient boosting,468,9,12.95,13.544485201619358
Y1,Gradient boosting,469,9,13.0,13.544485201619358
Y1,Gradient boosting,470,9,12.86,13.544485201619358
Y1,Gradient boosting,471,9,12.92,13.544485201619358
Y1,Gradient boosting,516,9,12.93,13.544485201619358
Y1,Gradient boosting,517,9,12.82,13.544485201619358
Y1,Gradient boosting,518,9,12.78,13.544485201619358
Y1,Gradient boosting,519,9,13.02,13.544485201619358
Y1,Gradient boosting,564,9,15.23,15.51222742873836
Y1,Gradient boosting,565,9,15.23,15.51222742873836
Y1,Gradient boosting,566,9,15.23,15.51222742873836
Y1,Gradient boosting,567,9,15.23,15.51222742873836
Y1,Gradient boosting,612,9,15.34,15.51222742873836
Y1,Gradient boosting,613,9,15.29,15.51222742873836
Y1,Gradient boosting,614,9,15.09,15.51222742873836
Y1,Gradient boosting,615,9,15.3,15.51222742873836
Y1,Gradient boosting,660,9,15.16,15.390870811974755
Y1,Gradient boosting,661,9,15.18,15.390870811974755
Y1,Gradient boosting,662,9,14.72,15.390870811974755
Y1,Gradient boosting,663,9,14.9,15.390870811974755
Y1,Gradient boosting,708,9,15.34,15.390870811974755
Y1,Gradient boosting,709,9,15.29,15.390870811974755
Y1,Gradient boosting,710,9,15.09,15.390870811974755
Y1,Gradient boosting,711,9,15.3,15.390870811974755
Y1,Gradient boosting,756,9,14.96,15.263433653942915
Y1,Gradient boosting,757,9,14.92,15.263433653942915
Y1,Gradient boosting,758,9,14.92,15.263433653942915
Y1,Gradient boosting,759,9,15.16,15.263433653942915
Y1,Gradient boosting,40,10,10.85,9.710915540590085
Y1,Gradient boosting,41,10,10.54,9.724067103090084
Y1,Gradient boosting,42,10,10.77,9.724067103090084
Y1,Gradient boosting,43,10,10.56,9.724067103090084
Y1,Gradient boosting,88,10,15.41,14.323876777104184
Y1,Gradient boosting,89,10,15.2,14.337028339604183
Y1,Gradient boosting,90,10,15.42,14.337028339604183
Y1,Gradient boosting,91,10,15.21,14.337028339604183
Y1,Gradient boosting,136,10,15.41,14.323876777104184
Y1,Gradient boosting,137,10,15.18,14.337028339604183
Y1,Gradient boosting,138,10,15.34,14.337028339604183
Y1,Gradient boosting,139,10,15.19,14.337028339604183
Y1,Gradient boosting,184,10,15.16,14.248804604935351
Y1,Gradient boosting,185,10,15.36,14.26195616743535
Y1,Gradient boosting,186,10,15.12,14.26195616743535
Y1,Gradient boosting,187,10,15.36,14.26195616743535
Y1,Gradient boosting,232,10,15.4,14.248804604935351
Y1,Gradient boosting,233,10,15.19,14.26195616743535
Y1,Gradient boosting,234,10,15.32,14.26195616743535
Y1,Gradient boosting,235,10,15.16,14.26195616743535
Y1,Gradient boosting,280,10,15.16,14.235282181228362
Y1,Gradient boosting,281,10,15.37,14.248433743728361
Y1,Gradient boosting,282,10,15.12,14.248433743728361
Y1,Gradient boosting,283,10,15.36,14.248433743728361
Y1,Gradient boosting,328,10,17.5,15.800265599051876
Y1,Gradient boosting,329,10,17.35,15.813417161551875
Y1,Gradient boosting,330,10,17.52,15.813417161551875
Y1,Gradient boosting,331,10,17.37,15.813417161551875
Y1,Gradient boosting,376,10,17.14,15.800265599051876
Y1,Gradient boosting,377,10,16.84,15.813417161551875
Y1,Gradient boosting,378,10,17.02,15.813417161551875
Y1,Gradient boosting,379,10,17.11,15.813417161551875
Y1,Gradient boosting,424,10,16.83,15.684695629087544
Y1,Gradient boosting,425,10,16.93,15.697847191587543
Y1,Gradient boosting,426,10,16.66,15.697847191587543
Y1,Gradient boosting,427,10,16.86,15.697847191587543
Y1,Gradient boosting,472,10,16.99,15.684695629087544
Y1,Gradient boosting,473,10,16.69,15.697847191587543
Y1,Gradient boosting,474,10,16.56,15.697847191587543
Y1,Gradient boosting,475,10,16.62,15.697847191587543
Y1,Gradient boosting,520,10,16.73,15.671173205380555
Y1,Gradient boosting,521,10,16.86,15.684324767880554
Y1,Gradient boosting,522,10,16.76,15.684324767880554
Y1,Gradient boosting,523,10,16.92,15.684324767880554
Y1,Gradient boosting,568,10,19.52,17.914923169792033
Y1,Gradient boosting,569,10,19.36,17.928074732292032
Y1,Gradient boosting,570,10,19.48,17.928074732292032
Y1,Gradient boosting,571,10,19.42,17.928074732292032
Y1,Gradient boosting,616,10,19.2,17.914923169792033
Y1,Gradient boosting,617,10,18.88,17.928074732292032
Y1,Gradient boosting,618,10,18.9,17.928074732292032
Y1,Gradient boosting,619,10,19.12,17.928074732292032
Y1,Gradient boosting,664,10,18.48,17.75590127444528
Y1,Gradient boosting,665,10,18.71,17.769052836945278
Y1,Gradient boosting,666,10,18.48,17.769052836945278
Y1,Gradient boosting,667,10,18.46,17.769052836945278
Y1,Gradient boosting,712,10,19.06,17.75590127444528
Y1,Gradient boosting,713,10,19.13,17.769052836945278
Y1,Gradient boosting,714,10,19.0,17.769052836945278
Y1,Gradient boosting,715,10,18.84,17.769052836945278
Y1,Gradient boosting,760,10,17.69,17.676815742218583
Y1,Gradient boosting,761,10,18.19,17.689967304718582
Y1,Gradient boosting,762,10,18.16,17.689967304718582
Y1,Gradient boosting,763,10,17.88,17.689967304718582
Y1,Gradient boosting,44,11,8.6,10.820846337931926
Y1,Gradient boosting,45,11,8.49,10.820846337931926
Y1,Gradient boosting,46,11,8.45,10.820846337931926
Y1,Gradient boosting,47,11,8.5,10.820846337931926
Y1,Gradient boosting,92,11,12.96,15.77578982931206
Y1,Gradient boosting,93,11,12.97,15.77578982931206
Y1,Gradient boosting,94,11,12.93,15.77578982931206
Y1,Gradient boosting,95,11,13.02,15.77578982931206
Y1,Gradient boosting,140,11,12.88,15.659628000256241
Y1,Gradient boosting,141,11,13.0,15.659628000256241
Y1,Gradient boosting,142,11,12.97,15.659628000256241
Y1,Gradient boosting,143,11,13.04,15.659628000256241
Y1,Gradient boosting,188,11,12.68,15.591931593720362
Y1,Gradient boosting,189,11,12.63,15.591931593720362
Y1,Gradient boosting,190,11,12.71,15.591931593720362
Y1,Gradient boosting,191,11,12.73,15.591931593720362
Y1,Gradient boosting,236,11,12.85,15.591931593720362
Y1,Gradient boosting,237,11,13.04,15.591931593720362
Y1,Gradient boosting,238,11,13.0,15.591931593720362
Y1,Gradient boosting,239,11,13.0,15.591931593720362
Y1,Gradient boosting,284,11,12.59,15.577661431022436
Y1,Gradient boosting,285,11,12.74,15.577661431022436
Y1,Gradient boosting,286,11,12.8,15.577661431022436
Y1,Gradient boosting,287,11,12.62,15.577661431022436
Y1,Gradient boosting,332,11,15.09,17.33911759937418
Y1,Gradient boosting,333,11,15.12,17.33911759937418
Y1,Gradient boosting,334,11,15.08,17.33911759937418
Y1,Gradient boosting,335,11,15.16,17.33911759937418
Y1,Gradient boosting,380,11,14.34,17.22295577031836
Y1,Gradient boosting,381,11,14.66,17.22295577031836
Y1,Gradient boosting,382,11,14.6,17.22295577031836
Y1,Gradient boosting,383,11,14.6,17.22295577031836
Y1,Gradient boosting,428,11,13.91,17.103244644636305
Y1,Gradient boosting,429,11,14.34,17.103244644636305
Y1,Gradient boosting,430,11,13.95,17.103244644636305
Y1,Gradient boosting,431,11,13.99,17.103244644636305
Y1,Gradient boosting,476,11,14.33,17.103244644636305
Y1,Gradient boosting,477,11,14.61,17.103244644636305
Y1,Gradient boosting,478,11,14.61,17.103244644636305
Y1,Gradient boosting,479,11,14.65,17.103244644636305
Y1,Gradient boosting,524,11,13.68,17.08897448193838
Y1,Gradient boosting,525,11,13.99,17.08897448193838
Y1,Gradient boosting,526,11,14.16,17.08897448193838
Y1,Gradient boosting,527,11,13.86,17.08897448193838
Y1,Gradient boosting,572,11,15.09,19.150083910559157
Y1,Gradient boosting,573,11,17.17,19.150083910559157
Y1,Gradient boosting,574,11,17.14,19.150083910559157
Y1,Gradient boosting,575,11,17.14,19.150083910559157
Y1,Gradient boosting,620,11,16.76,19.033922081503338
Y1,Gradient boosting,621,11,17.23,19.033922081503338
Y1,Gradient boosting,622,11,17.26,19.033922081503338
Y1,Gradient boosting,623,11,17.15,19.033922081503338
Y1,Gradient boosting,668,11,16.47,18.863065411959223
Y1,Gradient boosting,669,11,16.35,18.863065411959223
Y1,Gradient boosting,670,11,16.55,18.863065411959223
Y1,Gradient boosting,671,11,16.74,18.863065411959223
Y1,Gradient boosting,716,11,16.44,18.863065411959223
Y1,Gradient boosting,717,11,16.9,18.863065411959223
Y1,Gradient boosting,718,11,16.94,18.863065411959223
Y1,Gradient boosting,719,11,16.77,18.863065411959223
Y1,Gradient boosting,764,11,16.54,18.70888593654199
Y1,Gradient boosting,765,11,16.44,18.70888593654199
Y1,Gradient boosting,766,11,16.48,18.70888593654199
Y1,Gradient boosting,767,11,16.64,18.70888593654199
Y1,Ridge + phys,0,0,15.55,26.072982338594418
Y1,Ridge + phys,1,0,15.55,26.14492072113614
Y1,Ridge + phys,2,0,15.55,26.046486831534082
Y1,Ridge + phys,3,0,15.55,26.03724421279211
Y1,Ridge + phys,48,0,24.58,27.965279039946857
Y1,Ridge + phys,49,0,24.63,28.037217422488574
Y1,Ridge + phys,50,0,24.63,27.93878353288652
Y1,Ridge + phys,51,0,24.59,27.929540914144546
Y1,Ridge + phys,96,0,24.29,28.165891267625852
Y1,Ridge + phys,97,0,24.31,28.237829650167573
Y1,Ridge + phys,98,0,24.13,28.13939576056552
Y1,Ridge + phys,99,0,24.25,28.130153141823545
Y1,Ridge + phys,144,0,24.28,28.36650349530485
Y1,Ridge + phys,145,0,24.4,28.43844187784657
Y1,Ridge + phys,146,0,24.11,28.34000798824452
Y1,Ridge + phys,147,0,24.35,28.330765369502544
Y1,Ridge + phys,192,0,24.38,28.56711572298385
Y1,Ridge + phys,193,0,24.23,28.63905410552557
Y1,Ridge + phys,194,0,24.04,28.540620215923518
Y1,Ridge + phys,195,0,24.32,28.531377597181542
Y1,Ridge + phys,240,0,24.35,28.76772795066285
Y1,Ridge + phys,241,0,24.33,28.83966633320457
Y1,Ridge + phys,242,0,24.03,28.741232443602513
Y1,Ridge + phys,243,0,24.26,28.73198982486054
Y1,Ridge + phys,288,0,28.15,30.502805750457014
Y1,Ridge + phys,289,0,28.15,30.574744132998735
Y1,Ridge + phys,290,0,28.37,30.476310243396682
Y1,Ridge + phys,291,0,28.41,30.467067624654707
Y1,Ridge + phys,336,0,28.67,30.703417978136013
Y1,Ridge + phys,337,0,28.57,30.775356360677733
Y1,Ridge + phys,338,0,28.18,30.676922471075677
Y1,Ridge + phys,339,0,28.6,30.667679852333706
Y1,Ridge + phys,384,0,28.67,30.904030205815012
Y1,Ridge + phys,385,0,28.56,30.975968588356732
Y1,Ridge + phys,386,0,28.17,30.87753469875468
Y1,Ridge + phys,387,0,28.63,30.868292080012704
Y1,Ridge + phys,432,0,28.7,31.10464243349401
Y1,Ridge + phys,433,0,28.55,31.17658081603573
Y1,Ridge + phys,434,0,28.15,31.078146926433675
Y1,Ridge + phys,435,0,28.62,31.068904307691703
Y1,Ridge + phys,480,0,28.69,31.30525466117301
Y1,Ridge + phys,481,0,28.58,31.37719304371473
Y1,Ridge + phys,482,0,28.15,31.278759154112674
Y1,Ridge + phys,483,0,28.61,31.269516535370702
Y1,Ridge + phys,528,0,32.26,33.04033246096718
Y1,Ridge + phys,529,0,32.26,33.112270843508895
Y1,Ridge + phys,530,0,32.49,33.01383695390684
Y1,Ridge + phys,531,0,32.53,33.00459433516487
Y1,Ridge + phys,576,0,32.82,33.240944688646174
Y1,Ridge + phys,577,0,32.71,33.3128830711879
Y1,Ridge + phys,578,0,32.24,33.21444918158584
Y1,Ridge + phys,579,0,32.72,33.20520656284387
Y1,Ridge + phys,624,0,32.82,33.44155691632517
Y1,Ridge + phys,625,0,32.69,33.51349529886689
Y1,Ridge + phys,626,0,32.23,33.41506140926484
Y1,Ridge + phys,627,0,32.75,33.405818790522865
Y1,Ridge + phys,672,0,32.85,33.64216914400417
Y1,Ridge + phys,673,0,32.67,33.71410752654589
Y1,Ridge + phys,674,0,32.21,33.61567363694384
Y1,Ridge + phys,675,0,32.74,33.60643101820186
Y1,Ridge + phys,720,0,32.84,33.842781371683174
Y1,Ridge + phys,721,0,32.72,33.91471975422489
Y1,Ridge + phys,722,0,32.21,33.816285864622834
Y1,Ridge + phys,723,0,32.73,33.80704324588086
Y1,Ridge + phys,4,1,20.84,25.0424490877441
Y1,Ridge + phys,5,1,21.46,25.09466988363627
Y1,Ridge + phys,6,1,20.71,25.0026544792717
Y1,Ridge + phys,7,1,19.68,25.025915069772346
Y1,Ridge + phys,52,1,29.03,26.985944697975658
Y1,Ridge + phys,53,1,29.87,27.038165493867826
Y1,Ridge + phys,54,1,29.14,26.946150089503256
Y1,Ridge + phys,55,1,28.09,26.9694106800039
Y1,Ridge + phys,100,1,28.88,27.195979111267015
Y1,Ridge + phys,101,1,29.68,27.248199907159183
Y1,Ridge + phys,102,1,28.83,27.156184502794616
Y1,Ridge + phys,103,1,27.9,27.179445093295257
Y1,Ridge + phys,148,1,28.07,27.40601352455837
Y1,Ridge + phys,149,1,29.01,27.45823432045054
Y1,Ridge + phys,150,1,29.62,27.36621891608597
Y1,Ridge + phys,151,1,29.05,27.389479506586614
Y1,Ridge + phys,196,1,29.06,27.61604793784973
Y1,Ridge + phys,197,1,28.05,27.668268733741897
Y1,Ridge + phys,198,1,28.86,27.57625332937733
Y1,Ridge + phys,199,1,29.79,27.59951391987797
Y1,Ridge + phys,244,1,29.83,27.826082351141086
Y1,Ridge + phys,245,1,29.08,27.878303147033257
Y1,Ridge + phys,246,1,28.03,27.786287742668684
Y1,Ridge + phys,247,1,29.02,27.80954833316933
Y1,Ridge + phys,292,1,32.68,29.586136493385958
Y1,Ridge + phys,293,1,33.48,29.638357289278126
Y1,Ridge + phys,294,1,32.84,29.546341884913552
Y1,Ridge + phys,295,1,32.0,29.5696024754142
Y1,Ridge + phys,340,1,32.46,29.79617090667731
Y1,Ridge + phys,341,1,33.27,29.84839170256948
Y1,Ridge + phys,342,1,32.33,29.756376298204913
Y1,Ridge + phys,343,1,31.66,29.779636888705554
Y1,Ridge + phys,388,1,31.63,30.00620531996867
Y1,Ridge + phys,389,1,32.4,30.05842611586084
Y1,Ridge + phys,390,1,32.68,29.96641071149627
Y1,Ridge + phys,391,1,32.29,29.989671301996914
Y1,Ridge + phys,436,1,32.67,30.216239733260025
Y1,Ridge + phys,437,1,31.69,30.268460529152197
Y1,Ridge + phys,438,1,32.07,30.176445124787627
Y1,Ridge + phys,439,1,33.28,30.199705715288268
Y1,Ridge + phys,484,1,33.13,30.426274146551386
Y1,Ridge + phys,485,1,32.31,30.478494942443554
Y1,Ridge + phys,486,1,31.53,30.386479538078984
Y1,Ridge + phys,487,1,32.46,30.409740128579628
Y1,Ridge + phys,532,1,36.47,32.186328288796254
Y1,Ridge + phys,533,1,37.24,32.23854908468842
Y1,Ridge + phys,534,1,36.66,32.146533680323856
Y1,Ridge + phys,535,1,35.96,32.1697942708245
Y1,Ridge + phys,580,1,35.84,32.396362702087615
Y1,Ridge + phys,581,1,36.57,32.44858349797978
Y1,Ridge + phys,582,1,36.06,32.35656809361521
Y1,Ridge + phys,583,1,35.69,32.37982868411586
Y1,Ridge + phys,628,1,34.24,32.60639711537897
Y1,Ridge + phys,629,1,34.95,32.658617911271136
Y1,Ridge + phys,630,1,35.05,32.56660250690657
Y1,Ridge + phys,631,1,34.29,32.58986309740721
Y1,Ridge + phys,676,1,36.45,32.81643152867033
Y1,Ridge + phys,677,1,35.73,32.8686523245625
Y1,Ridge + phys,678,1,35.4,32.77663692019793
Y1,Ridge + phys,679,1,36.57,32.79989751069857
Y1,Ridge + phys,724,1,35.67,33.02646594196168
Y1,Ridge + phys,725,1,35.01,33.07868673785385
Y1,Ridge + phys,726,1,34.72,32.986671333489284
Y1,Ridge + phys,727,1,35.24,33.009931923989924
Y1,Ridge + phys,8,2,19.5,25.757563141657453
Y1,Ridge + phys,9,2,19.95,25.81527816091291
Y1,Ridge + phys,10,2,19.34,25.71607405308236
Y1,Ridge + phys,11,2,18.31,25.741542602504694
Y1,Ridge + phys,56,2,26.28,27.732921498932914
Y1,Ridge + phys,57,2,26.91,27.790636518188368
Y1,Ridge + phys,58,2,26.37,27.691432410357816
Y1,Ridge + phys,59,2,25.27,27.716900959780155
Y1,Ridge + phys,104,2,26.48,27.942923240389383
Y1,Ridge + phys,105,2,27.02,28.000638259644838
Y1,Ridge + phys,106,2,26.33,27.901434151814286
Y1,Ridge + phys,107,2,25.36,27.92690270123662
Y1,Ridge + phys,152,2,25.41,28.152924981845853
Y1,Ridge + phys,153,2,26.47,28.210640001101307
Y1,Ridge + phys,154,2,26.89,28.111435893270755
Y1,Ridge + phys,155,2,26.46,28.136904442693094
Y1,Ridge + phys,200,2,26.44,28.362926723302323
Y1,Ridge + phys,201,2,25.37,28.420641742557777
Y1,Ridge + phys,202,2,26.33,28.321437634727225
Y1,Ridge + phys,203,2,27.03,28.34690618414956
Y1,Ridge + phys,248,2,27.03,28.57292846475879
Y1,Ridge + phys,249,2,26.45,28.630643484014247
Y1,Ridge + phys,250,2,25.36,28.531439376183695
Y1,Ridge + phys,251,2,26.45,28.556907925606033
Y1,Ridge + phys,296,2,29.54,30.380956422661395
Y1,Ridge + phys,297,2,30.05,30.438671441916853
Y1,Ridge + phys,298,2,29.6,30.339467334086297
Y1,Ridge + phys,299,2,28.66,30.364935883508636
Y1,Ridge + phys,344,2,29.34,30.590958164117865
Y1,Ridge + phys,345,2,29.87,30.64867318337332
Y1,Ridge + phys,346,2,29.27,30.549469075542767
Y1,Ridge + phys,347,2,28.4,30.57493762496511
Y1,Ridge + phys,392,2,28.4,30.800959905574334
Y1,Ridge + phys,393,2,29.4,30.858674924829792
Y1,Ridge + phys,394,2,29.43,30.759470816999237
Y1,Ridge + phys,395,2,29.07,30.784939366421575
Y1,Ridge + phys,440,2,29.47,31.010961647030804
Y1,Ridge + phys,441,2,28.42,31.068676666286258
Y1,Ridge + phys,442,2,29.08,30.969472558455706
Y1,Ridge + phys,443,2,29.88,30.994941107878045
Y1,Ridge + phys,488,2,29.71,31.22096338848727
Y1,Ridge + phys,489,2,29.09,31.278678407742728
Y1,Ridge + phys,490,2,28.31,31.179474299912172
Y1,Ridge + phys,491,2,29.39,31.204942849334515
Y1,Ridge + phys,536,2,31.89,33.02899134638987
Y1,Ridge + phys,537,2,32.39,33.086706365645334
Y1,Ridge + phys,538,2,32.09,32.98750225781478
Y1,Ridge + phys,539,2,31.29,33.01297080723712
Y1,Ridge + phys,584,2,32.48,33.238993087846346
Y1,Ridge + phys,585,2,32.74,33.2967081071018
Y1,Ridge + phys,586,2,32.13,33.19750399927125
Y1,Ridge + phys,587,2,31.64,33.22297254869359
Y1,Ridge + phys,632,2,31.28,33.44899482930282
Y1,Ridge + phys,633,2,32.12,33.50670984855827
Y1,Ridge + phys,634,2,32.05,33.407505740727714
Y1,Ridge + phys,635,2,31.84,33.43297429015006
Y1,Ridge + phys,680,2,32.38,33.658996570759285
Y1,Ridge + phys,681,2,31.66,33.71671159001474
Y1,Ridge + phys,682,2,32.15,33.61750748218419
Y1,Ridge + phys,683,2,32.75,33.64297603160653
Y1,Ridge + phys,728,2,32.31,33.86899831221575
Y1,Ridge + phys,729,2,31.81,33.92671333147121
Y1,Ridge + phys,730,2,31.12,33.82750922364066
Y1,Ridge + phys,731,2,32.06,33.852977773062996
Y1,Ridge + phys,12,3,17.05,28.474169427137895
Y1,Ridge + phys,13,3,17.41,28.531576359101955
Y1,Ridge + phys,14,3,16.95,28.4319101203343
Y1,Ridge + phys,15,3,15.98,28.456300364236743
Y1,Ridge + phys,60,3,23.53,30.466017117963812
Y1,Ridge + phys,61,3,24.03,30.52342404992787
Y1,Ridge + phys,62,3,23.54,30.423757811160215
Y1,Ridge + phys,63,3,22.58,30.448148055062656
Y1,Ridge + phys,108,3,23.75,30.681317533361238
Y1,Ridge + phys,109,3,24.23,30.73872446532529
Y1,Ridge + phys,110,3,23.67,30.63905822655764
Y1,Ridge + phys,111,3,22.79,30.663448470460082
Y1,Ridge + phys,156,3,22.93,30.89661794875866
Y1,Ridge + phys,157,3,23.84,30.954024880722713
Y1,Ridge + phys,158,3,24.17,30.854358641955066
Y1,Ridge + phys,159,3,23.87,30.878748885857505
Y1,Ridge + phys,204,3,23.8,31.111918364156082
Y1,Ridge + phys,205,3,22.8,31.16932529612014
Y1,Ridge + phys,206,3,23.59,31.06965905735249
Y1,Ridge + phys,207,3,24.24,31.094049301254927
Y1,Ridge + phys,252,3,24.37,31.327218779553508
Y1,Ridge + phys,253,3,23.89,31.384625711517565
Y1,Ridge + phys,254,3,22.89,31.28495947274991
Y1,Ridge + phys,255,3,23.86,31.30934971665235
Y1,Ridge + phys,300,3,26.84,33.13083803110655
Y1,Ridge + phys,301,3,27.27,33.18824496307061
Y1,Ridge + phys,302,3,26.97,33.088578724302955
Y1,Ridge + phys,303,3,26.19,33.112968968205394
Y1,Ridge + phys,348,3,25.74,33.34613844650397
Y1,Ridge + phys,349,3,25.98,33.40354537846803
Y1,Ridge + phys,350,3,25.38,33.303879139700385
Y1,Ridge + phys,351,3,24.94,33.32826938360282
Y1,Ridge + phys,396,3,24.7,33.561438861901394
Y1,Ridge + phys,397,3,25.48,33.618845793865454
Y1,Ridge + phys,398,3,25.37,33.51917955509781
Y1,Ridge + phys,399,3,25.17,33.543569799000245
Y1,Ridge + phys,444,3,25.66,33.77673927729882
Y1,Ridge + phys,445,3,24.96,33.83414620926288
Y1,Ridge + phys,446,3,25.43,33.73447997049523
Y1,Ridge + phys,447,3,26.0,33.75887021439767
Y1,Ridge + phys,492,3,25.7,33.992039692696245
Y1,Ridge + phys,493,3,25.17,34.049446624660305
Y1,Ridge + phys,494,3,24.6,33.94978038589265
Y1,Ridge + phys,495,3,25.49,33.97417062979509
Y1,Ridge + phys,540,3,29.22,35.79565894424929
Y1,Ridge + phys,541,3,29.91,35.85306587621335
Y1,Ridge + phys,542,3,29.53,35.753399637445696
Y1,Ridge + phys,543,3,28.65,35.777789881348134
Y1,Ridge + phys,588,3,28.95,36.01095935964671
Y1,Ridge + phys,589,3,29.49,36.06836629161077
Y1,Ridge + phys,590,3,28.64,35.96870005284312
Y1,Ridge + phys,591,3,28.01,35.99309029674556
Y1,Ridge + phys,636,3,28.67,36.226259775044134
Y1,Ridge + phys,637,3,29.67,36.283666707008194
Y1,Ridge + phys,638,3,29.47,36.18400046824054
Y1,Ridge + phys,639,3,28.91,36.208390712142986
Y1,Ridge + phys,684,3,28.93,36.441560190441564
Y1,Ridge + phys,685,3,28.05,36.49896712240562
Y1,Ridge + phys,686,3,28.64,36.39930088363796
Y1,Ridge + phys,687,3,29.52,36.42369112754041
Y1,Ridge + phys,732,3,30.0,36.656860605838986
Y1,Ridge + phys,733,3,29.5,36.71426753780304
Y1,Ridge + phys,734,3,29.06,36.614601299035385
Y1,Ridge + phys,735,3,29.92,36.63899154293783
Y1,Ridge + phys,16,4,28.52,24.208539777549294
Y1,Ridge + phys,17,4,29.9,24.246845297446598
Y1,Ridge + phys,18,4,29.63,24.13033695341579
Y1,Ridge + phys,19,4,28.75,24.164945425816306
Y1,Ridge + phys,64,4,35.56,26.183352932427727
Y1,Ridge + phys,65,4,37.12,26.22165845232503
Y1,Ridge + phys,66,4,36.9,26.105150108294225
Y1,Ridge + phys,67,4,35.94,26.13975858069474
Y1,Ridge + phys,112,4,35.65,26.393509980629574
Y1,Ridge + phys,113,4,37.26,26.431815500526877
Y1,Ridge + phys,114,4,36.97,26.31530715649607
Y1,Ridge + phys,115,4,36.03,26.349915628896586
Y1,Ridge + phys,160,4,35.78,26.603667028831417
Y1,Ridge + phys,161,4,35.48,26.641972548728724
Y1,Ridge + phys,162,4,36.97,26.525464204697915
Y1,Ridge + phys,163,4,36.7,26.560072677098432
Y1,Ridge + phys,208,4,36.86,26.813824077033264
Y1,Ridge + phys,209,4,35.89,26.852129596930567
Y1,Ridge + phys,210,4,35.45,26.735621252899758
Y1,Ridge + phys,211,4,37.1,26.770229725300275
Y1,Ridge + phys,256,4,37.03,27.02398112523511
Y1,Ridge + phys,257,4,36.71,27.062286645132414
Y1,Ridge + phys,258,4,36.77,26.945778301101605
Y1,Ridge + phys,259,4,35.48,26.98038677350212
Y1,Ridge + phys,304,4,38.67,28.830337092442612
Y1,Ridge + phys,305,4,40.03,28.86864261233992
Y1,Ridge + phys,306,4,39.86,28.75213426830911
Y1,Ridge + phys,307,4,39.04,28.786742740709627
Y1,Ridge + phys,352,4,38.57,29.04049414064446
Y1,Ridge + phys,353,4,40.19,29.078799660541762
Y1,Ridge + phys,354,4,39.97,28.962291316510957
Y1,Ridge + phys,355,4,38.98,28.99689978891147
Y1,Ridge + phys,400,4,39.04,29.250651188846305
Y1,Ridge + phys,401,4,38.35,29.28895670874361
Y1,Ridge + phys,402,4,39.81,29.1724483647128
Y1,Ridge + phys,403,4,39.83,29.207056837113313
Y1,Ridge + phys,448,4,40.0,29.46080823704815
Y1,Ridge + phys,449,4,38.84,29.499113756945455
Y1,Ridge + phys,450,4,38.33,29.382605412914646
Y1,Ridge + phys,451,4,40.12,29.417213885315164
Y1,Ridge + phys,496,4,39.89,29.670965285249995
Y1,Ridge + phys,497,4,39.83,29.7092708051473
Y1,Ridge + phys,498,4,39.01,29.59276246111649
Y1,Ridge + phys,499,4,38.65,29.627370933517007
Y1,Ridge + phys,544,4,41.4,31.4773212524575
Y1,Ridge + phys,545,4,42.62,31.515626772354803
Y1,Ridge + phys,546,4,42.5,31.399118428323995
Y1,Ridge + phys,547,4,41.67,31.433726900724512
Y1,Ridge + phys,592,4,41.64,31.687478300659343
Y1,Ridge + phys,593,4,43.1,31.72578382055665
Y1,Ridge + phys,594,4,42.74,31.60927547652584
Y1,Ridge + phys,595,4,41.92,31.64388394892636
Y1,Ridge + phys,640,4,41.26,31.89763534886119
Y1,Ridge + phys,641,4,41.3,31.935940868758493
Y1,Ridge + phys,642,4,42.49,31.819432524727688
Y1,Ridge + phys,643,4,42.08,31.8540409971282
Y1,Ridge + phys,688,4,42.77,32.10779239706304
Y1,Ridge + phys,689,4,41.73,32.14609791696034
Y1,Ridge + phys,690,4,41.32,32.02958957292953
Y1,Ridge + phys,691,4,42.96,32.064198045330045
Y1,Ridge + phys,736,4,42.11,32.31794944526488
Y1,Ridge + phys,737,4,41.96,32.35625496516219
Y1,Ridge + phys,738,4,41.09,32.239746621131374
Y1,Ridge + phys,739,4,40.79,32.274355093531895
Y1,Ridge + phys,20,5,24.77,29.100465072516577
Y1,Ridge + phys,21,5,23.93,29.17877059241388
Y1,Ridge + phys,22,5,24.77,29.0515818889479
Y1,Ridge + phys,23,5,23.93,29.071145431951752
Y1,Ridge + phys,68,5,32.96,30.98560225325823
Y1,Ridge + phys,69,5,32.12,31.063907773155535
Y1,Ridge + phys,70,5,32.94,30.936719069689552
Y1,Ridge + phys,71,5,32.21,30.956282612693403
Y1,Ridge + phys,116,5,33.16,31.190951416943207
Y1,Ridge + phys,117,5,32.4,31.26925693684051
Y1,Ridge + phys,118,5,33.12,31.142068233374527
Y1,Ridge + phys,119,5,32.41,31.16163177637838
Y1,Ridge + phys,164,5,32.52,31.396300580628182
Y1,Ridge + phys,165,5,33.28,31.474606100525484
Y1,Ridge + phys,166,5,32.33,31.347417397059502
Y1,Ridge + phys,167,5,33.24,31.366980940063357
Y1,Ridge + phys,212,5,33.08,31.601649744313157
Y1,Ridge + phys,213,5,32.38,31.679955264210463
Y1,Ridge + phys,214,5,33.09,31.55276656074448
Y1,Ridge + phys,215,5,32.31,31.572330103748335
Y1,Ridge + phys,260,5,32.31,31.806998907998135
Y1,Ridge + phys,261,5,33.21,31.885304427895438
Y1,Ridge + phys,262,5,32.46,31.75811572442946
Y1,Ridge + phys,263,5,33.27,31.77767926743331
Y1,Ridge + phys,308,5,36.96,33.50528427884324
Y1,Ridge + phys,309,5,36.13,33.58358979874055
Y1,Ridge + phys,310,5,36.91,33.456401095274565
Y1,Ridge + phys,311,5,36.43,33.47596463827842
Y1,Ridge + phys,356,5,36.95,33.71063344252822
Y1,Ridge + phys,357,5,36.28,33.78893896242552
Y1,Ridge + phys,358,5,36.86,33.66175025895954
Y1,Ridge + phys,359,5,36.45,33.6813138019634
Y1,Ridge + phys,404,5,35.99,33.9159826062132
Y1,Ridge + phys,405,5,36.59,33.9942881261105
Y1,Ridge + phys,406,5,35.64,33.867099422644515
Y1,Ridge + phys,407,5,36.52,33.88666296564837
Y1,Ridge + phys,452,5,36.95,34.12133176989817
Y1,Ridge + phys,453,5,36.45,34.199637289795476
Y1,Ridge + phys,454,5,36.81,34.07244858632949
Y1,Ridge + phys,455,5,36.26,34.09201212933335
Y1,Ridge + phys,500,5,35.69,34.32668093358315
Y1,Ridge + phys,501,5,36.64,34.404986453480454
Y1,Ridge + phys,502,5,36.06,34.27779775001447
Y1,Ridge + phys,503,5,36.7,34.29736129301833
Y1,Ridge + phys,548,5,40.78,36.024966304428254
Y1,Ridge + phys,549,5,39.97,36.10327182432556
Y1,Ridge + phys,550,5,40.71,35.97608312085958
Y1,Ridge + phys,551,5,40.43,35.99564666386343
Y1,Ridge + phys,596,5,40.78,36.23031546811323
Y1,Ridge + phys,597,5,40.15,36.30862098801054
Y1,Ridge + phys,598,5,40.57,36.181432284544556
Y1,Ridge + phys,599,5,40.42,36.20099582754841
Y1,Ridge + phys,644,5,39.32,36.435664631798204
Y1,Ridge + phys,645,5,39.84,36.51397015169552
Y1,Ridge + phys,646,5,38.89,36.38678144822953
Y1,Ridge + phys,647,5,39.68,36.40634499123338
Y1,Ridge + phys,692,5,40.68,36.64101379548318
Y1,Ridge + phys,693,5,40.4,36.71931931538049
Y1,Ridge + phys,694,5,40.6,36.592130611914506
Y1,Ridge + phys,695,5,40.11,36.61169415491836
Y1,Ridge + phys,740,5,38.82,36.84636295916816
Y1,Ridge + phys,741,5,39.72,36.92466847906547
Y1,Ridge + phys,742,5,39.31,36.797479775599484
Y1,Ridge + phys,743,5,39.86,36.81704331860334
Y1,Ridge + phys,24,6,6.07,5.948501958398978
Y1,Ridge + phys,25,6,6.05,6.021249674491742
Y1,Ridge + phys,26,6,6.01,5.899928521997012
Y1,Ridge + phys,27,6,6.04,5.909598233873336
Y1,Ridge + phys,72,6,10.36,7.463528896415376
Y1,Ridge + phys,73,6,10.43,7.5362766125081375
Y1,Ridge + phys,74,6,10.36,7.414955460013408
Y1,Ridge + phys,75,6,10.39,7.424625171889732
Y1,Ridge + phys,120,6,10.42,7.680762034570449
Y1,Ridge + phys,121,6,10.46,7.753509750663213
Y1,Ridge + phys,122,6,10.32,7.632188598168483
Y1,Ridge + phys,123,6,10.45,7.641858310044805
Y1,Ridge + phys,168,6,10.39,7.897995172725523
Y1,Ridge + phys,169,6,10.34,7.970742888818286
Y1,Ridge + phys,170,6,10.35,7.849421736323556
Y1,Ridge + phys,171,6,10.38,7.859091448199878
Y1,Ridge + phys,216,6,10.08,8.1152283108806
Y1,Ridge + phys,217,6,10.15,8.187976026973361
Y1,Ridge + phys,218,6,10.07,8.066654874478631
Y1,Ridge + phys,219,6,10.14,8.076324586354955
Y1,Ridge + phys,264,6,10.47,8.332461449035673
Y1,Ridge + phys,265,6,10.37,8.405209165128436
Y1,Ridge + phys,266,6,10.34,8.283888012633707
Y1,Ridge + phys,267,6,10.39,8.293557724510029
Y1,Ridge + phys,312,6,12.43,9.410219596207359
Y1,Ridge + phys,313,6,12.5,9.482967312300119
Y1,Ridge + phys,314,6,12.41,9.36164615980539
Y1,Ridge + phys,315,6,12.45,9.371315871681714
Y1,Ridge + phys,360,6,12.35,9.627452734362434
Y1,Ridge + phys,361,6,12.45,9.700200450455196
Y1,Ridge + phys,362,6,12.16,9.578879297960466
Y1,Ridge + phys,363,6,12.3,9.588549009836788
Y1,Ridge + phys,408,6,11.8,9.844685872517507
Y1,Ridge + phys,409,6,12.03,9.917433588610269
Y1,Ridge + phys,410,6,11.98,9.79611243611554
Y1,Ridge + phys,411,6,11.69,9.805782147991861
Y1,Ridge + phys,456,6,12.32,10.061919010672582
Y1,Ridge + phys,457,6,12.3,10.134666726765342
Y1,Ridge + phys,458,6,12.18,10.013345574270614
Y1,Ridge + phys,459,6,12.43,10.023015286146938
Y1,Ridge + phys,504,6,12.12,10.279152148827658
Y1,Ridge + phys,505,6,11.67,10.35189986492042
Y1,Ridge + phys,506,6,11.64,10.23057871242569
Y1,Ridge + phys,507,6,12.02,10.240248424302012
Y1,Ridge + phys,552,6,14.52,11.356910295999342
Y1,Ridge + phys,553,6,14.61,11.429658012092103
Y1,Ridge + phys,554,6,14.5,11.308336859597375
Y1,Ridge + phys,555,6,14.55,11.318006571473697
Y1,Ridge + phys,600,6,14.54,11.574143434154418
Y1,Ridge + phys,601,6,14.45,11.646891150247178
Y1,Ridge + phys,602,6,14.18,11.52556999775245
Y1,Ridge + phys,603,6,14.5,11.535239709628772
Y1,Ridge + phys,648,6,13.97,11.791376572309492
Y1,Ridge + phys,649,6,14.22,11.864124288402252
Y1,Ridge + phys,650,6,14.1,11.742803135907524
Y1,Ridge + phys,651,6,13.78,11.752472847783846
Y1,Ridge + phys,696,6,14.37,12.008609710464565
Y1,Ridge + phys,697,6,14.48,12.081357426557327
Y1,Ridge + phys,698,6,14.32,11.960036274062599
Y1,Ridge + phys,699,6,14.44,11.969705985938921
Y1,Ridge + phys,744,6,14.41,12.225842848619642
Y1,Ridge + phys,745,6,14.19,12.298590564712402
Y1,Ridge + phys,746,6,14.17,12.177269412217674
Y1,Ridge + phys,747,6,14.39,12.186939124093996
Y1,Ridge + phys,28,7,6.37,7.427734388933171
Y1,Ridge + phys,29,7,6.4,7.4991328429036574
Y1,Ridge + phys,30,7,6.37,7.37798034817421
Y1,Ridge + phys,31,7,6.4,7.371234037562832
Y1,Ridge + phys,76,7,10.71,9.210758457693785
Y1,Ridge + phys,77,7,10.8,9.28215691166427
Y1,Ridge + phys,78,7,10.7,9.161004416934825
Y1,Ridge + phys,79,7,10.75,9.154258106323445
Y1,Ridge + phys,124,7,10.64,9.428633056110389
Y1,Ridge + phys,125,7,10.72,9.500031510080872
Y1,Ridge + phys,126,7,10.55,9.378879015351426
Y1,Ridge + phys,127,7,10.68,9.372132704740046
Y1,Ridge + phys,172,7,10.77,9.64650765452699
Y1,Ridge + phys,173,7,10.68,9.717906108497473
Y1,Ridge + phys,174,7,10.68,9.59675361376803
Y1,Ridge + phys,175,7,10.7,9.59000730315665
Y1,Ridge + phys,220,7,10.66,9.864382252943592
Y1,Ridge + phys,221,7,10.68,9.935780706914075
Y1,Ridge + phys,222,7,10.53,9.81462821218463
Y1,Ridge + phys,223,7,10.72,9.80788190157325
Y1,Ridge + phys,268,7,10.78,10.082256851360194
Y1,Ridge + phys,269,7,10.7,10.153655305330677
Y1,Ridge + phys,270,7,10.67,10.032502810601233
Y1,Ridge + phys,271,7,13.69,10.025756499989853
Y1,Ridge + phys,316,7,12.57,11.558482663209796
Y1,Ridge + phys,317,7,12.65,11.62988111718028
Y1,Ridge + phys,318,7,12.57,11.508728622450835
Y1,Ridge + phys,319,7,12.63,11.501982311839456
Y1,Ridge + phys,364,7,12.33,11.776357261626398
Y1,Ridge + phys,365,7,12.29,11.847755715596882
Y1,Ridge + phys,366,7,12.2,11.726603220867439
Y1,Ridge + phys,367,7,12.49,11.719856910256059
Y1,Ridge + phys,412,7,12.41,11.994231860043001
Y1,Ridge + phys,413,7,12.28,12.065630314013486
Y1,Ridge + phys,414,7,12.1,11.944477819284042
Y1,Ridge + phys,415,7,12.19,11.937731508672663
Y1,Ridge + phys,460,7,12.36,12.212106458459601
Y1,Ridge + phys,461,7,12.49,12.283504912430086
Y1,Ridge + phys,462,7,12.17,12.162352417700642
Y1,Ridge + phys,463,7,12.28,12.155606107089262
Y1,Ridge + phys,508,7,12.27,12.429981056876205
Y1,Ridge + phys,509,7,12.19,12.50137951084669
Y1,Ridge + phys,510,7,12.25,12.380227016117246
Y1,Ridge + phys,511,7,12.27,12.373480705505866
Y1,Ridge + phys,556,7,14.51,13.906206868725809
Y1,Ridge + phys,557,7,14.6,13.977605322696295
Y1,Ridge + phys,558,7,14.5,13.85645282796685
Y1,Ridge + phys,559,7,14.58,13.84970651735547
Y1,Ridge + phys,604,7,14.7,14.12408146714241
Y1,Ridge + phys,605,7,14.66,14.195479921112897
Y1,Ridge + phys,606,7,14.4,14.074327426383451
Y1,Ridge + phys,607,7,14.71,14.067581115772072
Y1,Ridge + phys,652,7,14.07,14.341956065559014
Y1,Ridge + phys,653,7,14.03,14.413354519529499
Y1,Ridge + phys,654,7,13.94,14.292202024800055
Y1,Ridge + phys,655,7,13.86,14.285455714188675
Y1,Ridge + phys,700,7,14.6,14.559830663975616
Y1,Ridge + phys,701,7,14.7,14.6312291179461
Y1,Ridge + phys,702,7,14.47,14.510076623216657
Y1,Ridge + phys,703,7,14.66,14.503330312605277
Y1,Ridge + phys,748,7,12.43,14.777705262392217
Y1,Ridge + phys,749,7,12.63,14.849103716362702
Y1,Ridge + phys,750,7,12.76,14.727951221633258
Y1,Ridge + phys,751,7,12.42,14.721204911021879
Y1,Ridge + phys,32,8,6.85,8.614305813254678
Y1,Ridge + phys,33,8,6.79,8.684748539888549
Y1,Ridge + phys,34,8,6.77,8.5658448153629
Y1,Ridge + phys,35,8,6.81,8.576582693086024
Y1,Ridge + phys,80,8,11.11,10.405680299349486
Y1,Ridge + phys,81,8,11.13,10.476123025983357
Y1,Ridge + phys,82,8,11.09,10.357219301457707
Y1,Ridge + phys,83,8,11.16,10.367957179180832
Y1,Ridge + phys,128,8,11.45,10.62030494618233
Y1,Ridge + phys,129,8,11.46,10.690747672816201
Y1,Ridge + phys,130,8,11.32,10.571843948290551
Y1,Ridge + phys,131,8,11.49,10.582581826013676
Y1,Ridge + phys,176,8,11.22,10.834929593015175
Y1,Ridge + phys,177,8,11.16,10.905372319649047
Y1,Ridge + phys,178,8,11.1,10.786468595123397
Y1,Ridge + phys,179,8,11.14,10.797206472846522
Y1,Ridge + phys,224,8,11.18,11.04955423984802
Y1,Ridge + phys,225,8,11.22,11.11999696648189
Y1,Ridge + phys,226,8,11.07,11.00109324195624
Y1,Ridge + phys,227,8,11.2,11.011831119679366
Y1,Ridge + phys,272,8,11.21,11.264178886680865
Y1,Ridge + phys,273,8,11.14,11.334621613314736
Y1,Ridge + phys,274,8,11.11,11.215717888789085
Y1,Ridge + phys,275,8,11.16,11.22645576651221
Y1,Ridge + phys,320,8,12.78,12.770805058242432
Y1,Ridge + phys,321,8,12.93,12.841247784876304
Y1,Ridge + phys,322,8,12.73,12.722344060350654
Y1,Ridge + phys,323,8,12.72,12.733081938073779
Y1,Ridge + phys,368,8,12.85,12.985429705075278
Y1,Ridge + phys,369,8,12.87,13.05587243170915
Y1,Ridge + phys,370,8,12.73,12.9369687071835
Y1,Ridge + phys,371,8,12.95,12.947706584906625
Y1,Ridge + phys,416,8,12.34,13.20005435190812
Y1,Ridge + phys,417,8,12.46,13.270497078541993
Y1,Ridge + phys,418,8,12.31,13.151593354016343
Y1,Ridge + phys,419,8,12.12,13.162331231739469
Y1,Ridge + phys,464,8,12.91,13.414678998740966
Y1,Ridge + phys,465,8,12.95,13.485121725374837
Y1,Ridge + phys,466,8,12.67,13.366218000849189
Y1,Ridge + phys,467,8,12.86,13.376955878572314
Y1,Ridge + phys,512,8,12.47,13.629303645573811
Y1,Ridge + phys,513,8,12.12,13.699746372207683
Y1,Ridge + phys,514,8,12.18,13.580842647682033
Y1,Ridge + phys,515,8,12.47,13.591580525405158
Y1,Ridge + phys,560,8,14.51,15.135929817135379
Y1,Ridge + phys,561,8,14.7,15.20637254376925
Y1,Ridge + phys,562,8,14.42,15.0874688192436
Y1,Ridge + phys,563,8,14.42,15.098206696966725
Y1,Ridge + phys,608,8,14.75,15.350554463968223
Y1,Ridge + phys,609,8,14.71,15.420997190602094
Y1,Ridge + phys,610,8,14.33,15.302093466076442
Y1,Ridge + phys,611,8,14.62,15.31283134379957
Y1,Ridge + phys,656,8,14.32,15.565179110801067
Y1,Ridge + phys,657,8,14.56,15.63562183743494
Y1,Ridge + phys,658,8,14.33,15.516718112909288
Y1,Ridge + phys,659,8,14.08,15.527455990632415
Y1,Ridge + phys,704,8,14.54,15.77980375763391
Y1,Ridge + phys,705,8,14.62,15.850246484267782
Y1,Ridge + phys,706,8,14.53,15.731342759742134
Y1,Ridge + phys,707,8,14.71,15.742080637465259
Y1,Ridge + phys,752,8,14.12,15.994428404466756
Y1,Ridge + phys,753,8,14.28,16.064871131100627
Y1,Ridge + phys,754,8,14.37,15.94596740657498
Y1,Ridge + phys,755,8,14.21,15.956705284298105
Y1,Ridge + phys,36,9,7.18,9.952775406060974
Y1,Ridge + phys,37,9,7.1,10.028221646398288
Y1,Ridge + phys,38,9,7.1,9.90819353677074
Y1,Ridge + phys,39,9,7.1,9.914377654831181
Y1,Ridge + phys,84,9,11.68,11.747297522374264
Y1,Ridge + phys,85,9,11.69,11.822743762711578
Y1,Ridge + phys,86,9,11.7,11.70271565308403
Y1,Ridge + phys,87,9,11.69,11.708899771144472
Y1,Ridge + phys,132,9,11.45,11.963423019075616
Y1,Ridge + phys,133,9,11.42,12.03886925941293
Y1,Ridge + phys,134,9,11.33,11.918841149785383
Y1,Ridge + phys,135,9,11.43,11.925025267845824
Y1,Ridge + phys,180,9,11.59,12.17954851577697
Y1,Ridge + phys,181,9,11.6,12.254994756114284
Y1,Ridge + phys,182,9,11.53,12.134966646486737
Y1,Ridge + phys,183,9,11.61,12.141150764547177
Y1,Ridge + phys,228,9,11.44,12.395674012478324
Y1,Ridge + phys,229,9,11.42,12.471120252815638
Y1,Ridge + phys,230,9,11.33,12.35109214318809
Y1,Ridge + phys,231,9,11.43,12.357276261248531
Y1,Ridge + phys,276,9,11.38,12.611799509179676
Y1,Ridge + phys,277,9,11.34,12.68724574951699
Y1,Ridge + phys,278,9,11.22,12.567217639889442
Y1,Ridge + phys,279,9,11.34,12.573401757949883
Y1,Ridge + phys,324,9,13.17,14.114892451792171
Y1,Ridge + phys,325,9,13.18,14.190338692129487
Y1,Ridge + phys,326,9,13.17,14.07031058250194
Y1,Ridge + phys,327,9,13.18,14.07649470056238
Y1,Ridge + phys,372,9,13.05,14.331017948493523
Y1,Ridge + phys,373,9,12.93,14.40646418883084
Y1,Ridge + phys,374,9,12.77,14.286436079203293
Y1,Ridge + phys,375,9,13.0,14.292620197263732
Y1,Ridge + phys,420,9,12.97,14.547143445194877
Y1,Ridge + phys,421,9,13.01,14.622589685532192
Y1,Ridge + phys,422,9,12.74,14.502561575904645
Y1,Ridge + phys,423,9,12.84,14.508745693965086
Y1,Ridge + phys,468,9,12.95,14.76326894189623
Y1,Ridge + phys,469,9,13.0,14.838715182233546
Y1,Ridge + phys,470,9,12.86,14.718687072605999
Y1,Ridge + phys,471,9,12.92,14.72487119066644
Y1,Ridge + phys,516,9,12.93,14.979394438597582
Y1,Ridge + phys,517,9,12.82,15.054840678934898
Y1,Ridge + phys,518,9,12.78,14.93481256930735
Y1,Ridge + phys,519,9,13.02,14.940996687367791
Y1,Ridge + phys,564,9,15.23,16.482487381210078
Y1,Ridge + phys,565,9,15.23,16.557933621547395
Y1,Ridge + phys,566,9,15.23,16.437905511919848
Y1,Ridge + phys,567,9,15.23,16.444089629980287
Y1,Ridge + phys,612,9,15.34,16.69861287791143
Y1,Ridge + phys,613,9,15.29,16.774059118248747
Y1,Ridge + phys,614,9,15.09,16.6540310086212
Y1,Ridge + phys,615,9,15.3,16.660215126681642
Y1,Ridge + phys,660,9,15.16,16.914738374612785
Y1,Ridge + phys,661,9,15.18,16.9901846149501
Y1,Ridge + phys,662,9,14.72,16.870156505322555
Y1,Ridge + phys,663,9,14.9,16.876340623382994
Y1,Ridge + phys,708,9,15.34,17.130863871314137
Y1,Ridge + phys,709,9,15.29,17.206310111651455
Y1,Ridge + phys,710,9,15.09,17.086282002023907
Y1,Ridge + phys,711,9,15.3,17.092466120084346
Y1,Ridge + phys,756,9,14.96,17.346989368015493
Y1,Ridge + phys,757,9,14.92,17.422435608352806
Y1,Ridge + phys,758,9,14.92,17.30240749872526
Y1,Ridge + phys,759,9,15.16,17.308591616785698
Y1,Ridge + phys,40,10,10.85,10.095549334087751
Y1,Ridge + phys,41,10,10.54,10.172963248353387
Y1,Ridge + phys,42,10,10.77,10.043434084614807
Y1,Ridge + phys,43,10,10.56,10.061199369224788
Y1,Ridge + phys,88,10,15.41,11.900437158088417
Y1,Ridge + phys,89,10,15.2,11.977851072354053
Y1,Ridge + phys,90,10,15.42,11.848321908615473
Y1,Ridge + phys,91,10,15.21,11.866087193225455
Y1,Ridge + phys,136,10,15.41,12.121559250837388
Y1,Ridge + phys,137,10,15.18,12.198973165103023
Y1,Ridge + phys,138,10,15.34,12.069444001364444
Y1,Ridge + phys,139,10,15.19,12.087209285974426
Y1,Ridge + phys,184,10,15.16,12.342681343586356
Y1,Ridge + phys,185,10,15.36,12.420095257851992
Y1,Ridge + phys,186,10,15.12,12.290566094113412
Y1,Ridge + phys,187,10,15.36,12.308331378723395
Y1,Ridge + phys,232,10,15.4,12.563803436335325
Y1,Ridge + phys,233,10,15.19,12.64121735060096
Y1,Ridge + phys,234,10,15.32,12.511688186862381
Y1,Ridge + phys,235,10,15.16,12.529453471472364
Y1,Ridge + phys,280,10,15.16,12.784925529084296
Y1,Ridge + phys,281,10,15.37,12.862339443349931
Y1,Ridge + phys,282,10,15.12,12.732810279611352
Y1,Ridge + phys,283,10,15.36,12.750575564221334
Y1,Ridge + phys,328,10,17.5,14.276085754965964
Y1,Ridge + phys,329,10,17.35,14.3534996692316
Y1,Ridge + phys,330,10,17.52,14.22397050549302
Y1,Ridge + phys,331,10,17.37,14.241735790103002
Y1,Ridge + phys,376,10,17.14,14.497207847714934
Y1,Ridge + phys,377,10,16.84,14.57462176198057
Y1,Ridge + phys,378,10,17.02,14.44509259824199
Y1,Ridge + phys,379,10,17.11,14.462857882851972
Y1,Ridge + phys,424,10,16.83,14.718329940463903
Y1,Ridge + phys,425,10,16.93,14.79574385472954
Y1,Ridge + phys,426,10,16.66,14.666214690990959
Y1,Ridge + phys,427,10,16.86,14.683979975600941
Y1,Ridge + phys,472,10,16.99,14.939452033212872
Y1,Ridge + phys,473,10,16.69,15.016865947478507
Y1,Ridge + phys,474,10,16.56,14.887336783739928
Y1,Ridge + phys,475,10,16.62,14.905102068349912
Y1,Ridge + phys,520,10,16.73,15.16057412596184
Y1,Ridge + phys,521,10,16.86,15.237988040227478
Y1,Ridge + phys,522,10,16.76,15.108458876488896
Y1,Ridge + phys,523,10,16.92,15.126224161098882
Y1,Ridge + phys,568,10,19.52,16.65173435184351
Y1,Ridge + phys,569,10,19.36,16.729148266109146
Y1,Ridge + phys,570,10,19.48,16.599619102370564
Y1,Ridge + phys,571,10,19.42,16.61738438698055
Y1,Ridge + phys,616,10,19.2,16.87285644459248
Y1,Ridge + phys,617,10,18.88,16.950270358858116
Y1,Ridge + phys,618,10,18.9,16.820741195119535
Y1,Ridge + phys,619,10,19.12,16.838506479729517
Y1,Ridge + phys,664,10,18.48,17.09397853734145
Y1,Ridge + phys,665,10,18.71,17.171392451607083
Y1,Ridge + phys,666,10,18.48,17.041863287868505
Y1,Ridge + phys,667,10,18.46,17.059628572478488
Y1,Ridge + phys,712,10,19.06,17.315100630090416
Y1,Ridge + phys,713,10,19.13,17.392514544356054
Y1,Ridge + phys,714,10,19.0,17.262985380617472
Y1,Ridge + phys,715,10,18.84,17.28075066522746
Y1,Ridge + phys,760,10,17.69,17.536222722839387
Y1,Ridge + phys,761,10,18.19,17.613636637105024
Y1,Ridge + phys,762,10,18.16,17.484107473366443
Y1,Ridge + phys,763,10,17.88,17.50187275797643
Y1,Ridge + phys,44,11,8.6,12.871297326065518
Y1,Ridge + phys,45,11,8.49,12.919364789171631
Y1,Ridge + phys,46,11,8.45,12.7892734328821
Y1,Ridge + phys,47,11,8.5,12.80608299015547
Y1,Ridge + phys,92,11,12.96,14.728337165995658
Y1,Ridge + phys,93,11,12.97,14.776404629101773
Y1,Ridge + phys,94,11,12.93,14.646313272812243
Y1,Ridge + phys,95,11,13.02,14.663122830085614
Y1,Ridge + phys,140,11,12.88,14.948933599221743
Y1,Ridge + phys,141,11,13.0,14.997001062327858
Y1,Ridge + phys,142,11,12.97,14.866909706038328
Y1,Ridge + phys,143,11,13.04,14.883719263311699
Y1,Ridge + phys,188,11,12.68,15.169530032447827
Y1,Ridge + phys,189,11,12.63,15.217597495553942
Y1,Ridge + phys,190,11,12.71,15.087506139264413
Y1,Ridge + phys,191,11,12.73,15.104315696537785
Y1,Ridge + phys,236,11,12.85,15.390126465673912
Y1,Ridge + phys,237,11,13.04,15.438193928780027
Y1,Ridge + phys,238,11,13.0,15.308102572490498
Y1,Ridge + phys,239,11,13.0,15.32491212976387
Y1,Ridge + phys,284,11,12.59,15.610722898899997
Y1,Ridge + phys,285,11,12.74,15.658790362006112
Y1,Ridge + phys,286,11,12.8,15.528699005716582
Y1,Ridge + phys,287,11,12.62,15.545508562989955
Y1,Ridge + phys,332,11,15.09,17.18300227605174
Y1,Ridge + phys,333,11,15.12,17.231069739157856
Y1,Ridge + phys,334,11,15.08,17.100978382868327
Y1,Ridge + phys,335,11,15.16,17.1177879401417
Y1,Ridge + phys,380,11,14.34,17.403598709277826
Y1,Ridge + phys,381,11,14.66,17.45166617238394
Y1,Ridge + phys,382,11,14.6,17.32157481609441
Y1,Ridge + phys,383,11,14.6,17.338384373367784
Y1,Ridge + phys,428,11,13.91,17.624195142503915
Y1,Ridge + phys,429,11,14.34,17.67226260561003
Y1,Ridge + phys,430,11,13.95,17.5421712493205
Y1,Ridge + phys,431,11,13.99,17.55898080659387
Y1,Ridge + phys,476,11,14.33,17.84479157573
Y1,Ridge + phys,477,11,14.61,17.892859038836114
Y1,Ridge + phys,478,11,14.61,17.762767682546585
Y1,Ridge + phys,479,11,14.65,17.779577239819954
Y1,Ridge + phys,524,11,13.68,18.065388008956084
Y1,Ridge + phys,525,11,13.99,18.1134554720622
Y1,Ridge + phys,526,11,14.16,17.98336411577267
Y1,Ridge + phys,527,11,13.86,18.00017367304604
Y1,Ridge + phys,572,11,15.09,19.63766738610783
Y1,Ridge + phys,573,11,17.17,19.68573484921394
Y1,Ridge + phys,574,11,17.14,19.55564349292441
Y1,Ridge + phys,575,11,17.14,19.572453050197783
Y1,Ridge + phys,620,11,16.76,19.858263819333914
Y1,Ridge + phys,621,11,17.23,19.906331282440025
Y1,Ridge + phys,622,11,17.26,19.776239926150495
Y1,Ridge + phys,623,11,17.15,19.793049483423868
Y1,Ridge + phys,668,11,16.47,20.07886025256
Y1,Ridge + phys,669,11,16.35,20.126927715666113
Y1,Ridge + phys,670,11,16.55,19.996836359376584
Y1,Ridge + phys,671,11,16.74,20.013645916649956
Y1,Ridge + phys,716,11,16.44,20.299456685786083
Y1,Ridge + phys,717,11,16.9,20.347524148892198
Y1,Ridge + phys,718,11,16.94,20.21743279260267
Y1,Ridge + phys,719,11,16.77,20.23424234987604
Y1,Ridge + phys,764,11,16.54,20.520053119012168
Y1,Ridge + phys,765,11,16.44,20.568120582118283
Y1,Ridge + phys,766,11,16.48,20.438029225828753
Y1,Ridge + phys,767,11,16.64,20.454838783102126
Y1,GBM + phys,0,0,15.55,19.823777320780916
Y1,GBM + phys,1,0,15.55,19.945702955099012
Y1,GBM + phys,2,0,15.55,19.83508409245156
Y1,GBM + phys,3,0,15.55,19.62493956149354
Y1,GBM + phys,48,0,24.58,27.27285586122965
Y1,GBM + phys,49,0,24.63,27.394781495547747
Y1,GBM + phys,50,0,24.63,27.284162632900294
Y1,GBM + phys,51,0,24.59,27.074018101942276
Y1,GBM + phys,96,0,24.29,27.333258381217185
Y1,GBM + phys,97,0,24.31,27.45518401553528
Y1,GBM + phys,98,0,24.13,27.3338538494391
Y1,GBM + phys,99,0,24.25,27.153910659404083
Y1,GBM + phys,144,0,24.28,27.23930624668146
Y1,GBM + phys,145,0,24.4,27.29196029017127
Y1,GBM + phys,146,0,24.11,27.239901714903375
Y1,GBM + phys,147,0,24.35,27.300300799247914
Y1,GBM + phys,192,0,24.38,27.391516213186783
Y1,GBM + phys,193,0,24.23,27.36511208560278
Y1,GBM + phys,194,0,24.04,27.258492050983705
Y1,GBM + phys,195,0,24.32,27.425896150791345
Y1,GBM + phys,240,0,24.35,27.3418473391139
Y1,GBM + phys,241,0,24.33,27.3154432115299
Y1,GBM + phys,242,0,24.03,27.208823176910823
Y1,GBM + phys,243,0,24.26,27.376227276718463
Y1,GBM + phys,288,0,28.15,29.840133070841066
Y1,GBM + phys,289,0,28.15,29.962058705159162
Y1,GBM + phys,290,0,28.37,29.85143984251171
Y1,GBM + phys,291,0,28.41,29.64129531155369
Y1,GBM + phys,336,0,28.67,29.742060219515302
Y1,GBM + phys,337,0,28.57,29.863985853833398
Y1,GBM + phys,338,0,28.18,29.74265568773722
Y1,GBM + phys,339,0,28.6,29.5627124977022
Y1,GBM + phys,384,0,28.67,29.51014220372026
Y1,GBM + phys,385,0,28.56,29.562796247210073
Y1,GBM + phys,386,0,28.17,29.510737671942177
Y1,GBM + phys,387,0,28.63,29.571136756286716
Y1,GBM + phys,432,0,28.7,29.662352170225585
Y1,GBM + phys,433,0,28.55,29.635948042641584
Y1,GBM + phys,434,0,28.15,29.529328008022507
Y1,GBM + phys,435,0,28.62,29.696732107830147
Y1,GBM + phys,480,0,28.69,29.60573905900718
Y1,GBM + phys,481,0,28.58,29.57933493142318
Y1,GBM + phys,482,0,28.15,29.472714896804103
Y1,GBM + phys,483,0,28.61,29.640118996611744
Y1,GBM + phys,528,0,32.26,33.457240872505935
Y1,GBM + phys,529,0,32.26,33.57916650682403
Y1,GBM + phys,530,0,32.49,33.468547644176574
Y1,GBM + phys,531,0,32.53,33.258403113218556
Y1,GBM + phys,576,0,32.82,33.350885331194206
Y1,GBM + phys,577,0,32.71,33.4728109655123
Y1,GBM + phys,578,0,32.24,33.35148079941612
Y1,GBM + phys,579,0,32.72,33.171537609381105
Y1,GBM + phys,624,0,32.82,33.0262326101316
Y1,GBM + phys,625,0,32.69,33.07888665362141
Y1,GBM + phys,626,0,32.23,33.02682807835352
Y1,GBM + phys,627,0,32.75,33.08722716269804
Y1,GBM + phys,672,0,32.85,33.178442576636904
Y1,GBM + phys,673,0,32.67,33.1520384490529
Y1,GBM + phys,674,0,32.21,33.04541841443383
Y1,GBM + phys,675,0,32.74,33.21282251424146
Y1,GBM + phys,720,0,32.84,32.892690415881056
Y1,GBM + phys,721,0,32.72,32.866286288297054
Y1,GBM + phys,722,0,32.21,32.759666253677985
Y1,GBM + phys,723,0,32.73,32.92707035348561
Y1,GBM + phys,4,1,20.84,18.806770933312286
Y1,GBM + phys,5,1,21.46,18.806770933312286
Y1,GBM + phys,6,1,20.71,18.806770933312286
Y1,GBM + phys,7,1,19.68,18.806770933312286
Y1,GBM + phys,52,1,29.03,25.563057527475458
Y1,GBM + phys,53,1,29.87,25.563057527475458
Y1,GBM + phys,54,1,29.14,25.563057527475458
Y1,GBM + phys,55,1,28.09,25.563057527475458
Y1,GBM + phys,100,1,28.88,25.563057527475458
Y1,GBM + phys,101,1,29.68,25.563057527475458
Y1,GBM + phys,102,1,28.83,25.563057527475458
Y1,GBM + phys,103,1,27.9,25.563057527475458
Y1,GBM + phys,148,1,28.07,25.563057527475458
Y1,GBM + phys,149,1,29.01,25.563057527475458
Y1,GBM + phys,150,1,29.62,25.563057527475458
Y1,GBM + phys,151,1,29.05,25.563057527475458
Y1,GBM + phys,196,1,29.06,25.563057527475458
Y1,GBM + phys,197,1,28.05,25.563057527475458
Y1,GBM + phys,198,1,28.86,25.563057527475458
Y1,GBM + phys,199,1,29.79,25.563057527475458
Y1,GBM + phys,244,1,29.83,25.563057527475458
Y1,GBM + phys,245,1,29.08,25.563057527475458
Y1,GBM + phys,246,1,28.03,25.563057527475458
Y1,GBM + phys,247,1,29.02,25.563057527475458
Y1,GBM + phys,292,1,32.68,29.084112289353058
Y1,GBM + phys,293,1,33.48,29.084112289353058
Y1,GBM + phys,294,1,32.84,29.084112289353058
Y1,GBM + phys,295,1,32.0,29.084112289353058
Y1,GBM + phys,340,1,32.46,29.084112289353058
Y1,GBM + phys,341,1,33.27,29.084112289353058
Y1,GBM + phys,342,1,32.33,29.084112289353058
Y1,GBM + phys,343,1,31.66,29.084112289353058
Y1,GBM + phys,388,1,31.63,29.084112289353058
Y1,GBM + phys,389,1,32.4,29.084112289353058
Y1,GBM + phys,390,1,32.68,29.084112289353058
Y1,GBM + phys,391,1,32.29,29.084112289353058
Y1,GBM + phys,436,1,32.67,29.084112289353058
Y1,GBM + phys,437,1,31.69,29.084112289353058
Y1,GBM + phys,438,1,32.07,29.084112289353058
Y1,GBM + phys,439,1,33.28,29.084112289353058
Y1,GBM + phys,484,1,33.13,29.084112289353058
Y1,GBM + phys,485,1,32.31,29.084112289353058
Y1,GBM + phys,486,1,31.53,29.084112289353058
Y1,GBM + phys,487,1,32.46,29.084112289353058
Y1,GBM + phys,532,1,36.47,32.628063255609575
Y1,GBM + phys,533,1,37.24,32.628063255609575
Y1,GBM + phys,534,1,36.66,32.628063255609575
Y1,GBM + phys,535,1,35.96,32.628063255609575
Y1,GBM + phys,580,1,35.84,32.628063255609575
Y1,GBM + phys,581,1,36.57,32.628063255609575
Y1,GBM + phys,582,1,36.06,32.628063255609575
Y1,GBM + phys,583,1,35.69,32.628063255609575
Y1,GBM + phys,628,1,34.24,32.60453920137077
Y1,GBM + phys,629,1,34.95,32.60453920137077
Y1,GBM + phys,630,1,35.05,32.60453920137077
Y1,GBM + phys,631,1,34.29,32.60453920137077
Y1,GBM + phys,676,1,36.45,32.60453920137077
Y1,GBM + phys,677,1,35.73,32.60453920137077
Y1,GBM + phys,678,1,35.4,32.60453920137077
Y1,GBM + phys,679,1,36.57,32.60453920137077
Y1,GBM + phys,724,1,35.67,32.48127655187765
Y1,GBM + phys,725,1,35.01,32.48127655187765
Y1,GBM + phys,726,1,34.72,32.48127655187765
Y1,GBM + phys,727,1,35.24,32.48127655187765
Y1,GBM + phys,8,2,19.5,17.68499687104782
Y1,GBM + phys,9,2,19.95,17.68499687104782
Y1,GBM + phys,10,2,19.34,17.662733999954067
Y1,GBM + phys,11,2,18.31,17.68499687104782
Y1,GBM + phys,56,2,26.28,24.202592428393384
Y1,GBM + phys,57,2,26.91,24.202592428393384
Y1,GBM + phys,58,2,26.37,24.180329557299633
Y1,GBM + phys,59,2,25.27,24.202592428393384
Y1,GBM + phys,104,2,26.48,24.19353634156729
Y1,GBM + phys,105,2,27.02,24.19353634156729
Y1,GBM + phys,106,2,26.33,24.17127347047354
Y1,GBM + phys,107,2,25.36,24.19353634156729
Y1,GBM + phys,152,2,25.41,24.12263490440144
Y1,GBM + phys,153,2,26.47,24.12263490440144
Y1,GBM + phys,154,2,26.89,24.10037203330769
Y1,GBM + phys,155,2,26.46,24.12263490440144
Y1,GBM + phys,200,2,26.44,24.12263490440144
Y1,GBM + phys,201,2,25.37,24.12263490440144
Y1,GBM + phys,202,2,26.33,24.10037203330769
Y1,GBM + phys,203,2,27.03,24.12263490440144
Y1,GBM + phys,248,2,27.03,24.12263490440144
Y1,GBM + phys,249,2,26.45,24.12263490440144
Y1,GBM + phys,250,2,25.36,24.10037203330769
Y1,GBM + phys,251,2,26.45,24.12263490440144
Y1,GBM + phys,296,2,29.54,27.381867622239298
Y1,GBM + phys,297,2,30.05,27.381867622239298
Y1,GBM + phys,298,2,29.6,27.359604751145547
Y1,GBM + phys,299,2,28.66,27.381867622239298
Y1,GBM + phys,344,2,29.34,27.372811535413206
Y1,GBM + phys,345,2,29.87,27.372811535413206
Y1,GBM + phys,346,2,29.27,27.350548664319454
Y1,GBM + phys,347,2,28.4,27.372811535413206
Y1,GBM + phys,392,2,28.4,27.288682610751493
Y1,GBM + phys,393,2,29.4,27.288682610751493
Y1,GBM + phys,394,2,29.43,27.266419739657742
Y1,GBM + phys,395,2,29.07,27.288682610751493
Y1,GBM + phys,440,2,29.47,27.288682610751493
Y1,GBM + phys,441,2,28.42,27.288682610751493
Y1,GBM + phys,442,2,29.08,27.266419739657742
Y1,GBM + phys,443,2,29.88,27.288682610751493
Y1,GBM + phys,488,2,29.71,27.288682610751493
Y1,GBM + phys,489,2,29.09,27.288682610751493
Y1,GBM + phys,490,2,28.31,27.266419739657742
Y1,GBM + phys,491,2,29.39,27.288682610751493
Y1,GBM + phys,536,2,31.89,29.47907425908664
Y1,GBM + phys,537,2,32.39,29.47907425908664
Y1,GBM + phys,538,2,32.09,29.45681138799289
Y1,GBM + phys,539,2,31.29,29.47907425908664
Y1,GBM + phys,584,2,32.48,29.47001817226055
Y1,GBM + phys,585,2,32.74,29.47001817226055
Y1,GBM + phys,586,2,32.13,29.447755301166797
Y1,GBM + phys,587,2,31.64,29.47001817226055
Y1,GBM + phys,632,2,31.28,29.316001385352976
Y1,GBM + phys,633,2,32.12,29.316001385352976
Y1,GBM + phys,634,2,32.05,29.293738514259225
Y1,GBM + phys,635,2,31.84,29.316001385352976
Y1,GBM + phys,680,2,32.38,29.316001385352976
Y1,GBM + phys,681,2,31.66,29.316001385352976
Y1,GBM + phys,682,2,32.15,29.293738514259225
Y1,GBM + phys,683,2,32.75,29.316001385352976
Y1,GBM + phys,728,2,32.31,29.20775831897624
Y1,GBM + phys,729,2,31.81,29.20775831897624
Y1,GBM + phys,730,2,31.12,29.185495447882488
Y1,GBM + phys,731,2,32.06,29.20775831897624
Y1,GBM + phys,12,3,17.05,24.19522802227762
Y1,GBM + phys,13,3,17.41,24.313628135762883
Y1,GBM + phys,14,3,16.95,24.174946533850726
Y1,GBM + phys,15,3,15.98,23.86168266691123
Y1,GBM + phys,60,3,23.53,31.189602093622888
Y1,GBM + phys,61,3,24.03,31.325663967164843
Y1,GBM + phys,62,3,23.54,31.169320605195992
Y1,GBM + phys,63,3,22.58,30.856056738256495
Y1,GBM + phys,108,3,23.75,31.17816611746898
Y1,GBM + phys,109,3,24.23,31.314227991010934
Y1,GBM + phys,110,3,23.67,31.157884629042083
Y1,GBM + phys,111,3,22.79,30.844620762102586
Y1,GBM + phys,156,3,22.93,30.947902513662783
Y1,GBM + phys,157,3,23.84,30.954887036607815
Y1,GBM + phys,158,3,24.17,30.930161631594743
Y1,GBM + phys,159,3,23.87,30.96360756175332
Y1,GBM + phys,204,3,23.8,31.038680298591945
Y1,GBM + phys,205,3,22.8,30.998129952807254
Y1,GBM + phys,206,3,23.59,30.957670963731662
Y1,GBM + phys,207,3,24.24,31.054385346682484
Y1,GBM + phys,252,3,24.37,31.07087720490618
Y1,GBM + phys,253,3,23.89,31.041358909602927
Y1,GBM + phys,254,3,22.89,30.87185228183815
Y1,GBM + phys,255,3,23.86,31.086582252996717
Y1,GBM + phys,300,3,26.84,34.69018864776117
Y1,GBM + phys,301,3,27.27,34.82625052130314
Y1,GBM + phys,302,3,26.97,34.66703286892118
Y1,GBM + phys,303,3,26.19,34.375808005145245
Y1,GBM + phys,348,3,25.74,34.63669918234985
Y1,GBM + phys,349,3,25.98,34.77276105589182
Y1,GBM + phys,350,3,25.38,34.613543403509865
Y1,GBM + phys,351,3,24.94,34.32231853973393
Y1,GBM + phys,396,3,24.7,34.40643557854367
Y1,GBM + phys,397,3,25.48,34.41342010148871
Y1,GBM + phys,398,3,25.37,34.385820406062535
Y1,GBM + phys,399,3,25.17,34.4413053393847
Y1,GBM + phys,444,3,25.66,34.50762330472834
Y1,GBM + phys,445,3,24.96,34.46707295894365
Y1,GBM + phys,446,3,25.43,34.42373967945497
Y1,GBM + phys,447,3,26.0,34.54249306556937
Y1,GBM + phys,492,3,25.7,34.53101259782994
Y1,GBM + phys,493,3,25.17,34.50149430252669
Y1,GBM + phys,494,3,24.6,34.32911338434884
Y1,GBM + phys,495,3,25.49,34.56588235867097
Y1,GBM + phys,540,3,29.22,37.82457452553177
Y1,GBM + phys,541,3,29.91,37.96532944176614
Y1,GBM + phys,542,3,29.53,37.80141874669179
Y1,GBM + phys,543,3,28.65,37.51019388291585
Y1,GBM + phys,588,3,28.95,37.82457452553177
Y1,GBM + phys,589,3,29.49,37.96532944176614
Y1,GBM + phys,590,3,28.64,37.80141874669179
Y1,GBM + phys,591,3,28.01,37.51019388291585
Y1,GBM + phys,636,3,28.67,37.31866364544066
Y1,GBM + phys,637,3,29.67,37.33034121107809
Y1,GBM + phys,638,3,29.47,37.29804847295952
Y1,GBM + phys,639,3,28.91,37.320947328306964
Y1,GBM + phys,684,3,28.93,37.56652885740747
Y1,GBM + phys,685,3,28.05,37.53067155431518
Y1,GBM + phys,686,3,28.64,37.4826452321341
Y1,GBM + phys,687,3,29.52,37.568812540273775
Y1,GBM + phys,732,3,30.0,37.371408288009924
Y1,GBM + phys,733,3,29.5,37.346583035399064
Y1,GBM + phys,734,3,29.06,37.23617103656547
Y1,GBM + phys,735,3,29.92,37.37369197087623
Y1,GBM + phys,16,4,28.52,17.9213974838082
Y1,GBM + phys,17,4,29.9,18.166896657536537
Y1,GBM + phys,18,4,29.63,17.896641130241896
Y1,GBM + phys,19,4,28.75,16.94323108752216
Y1,GBM + phys,64,4,35.56,24.265869862970106
Y1,GBM + phys,65,4,37.12,24.548997827549645
Y1,GBM + phys,66,4,36.9,24.241113509403803
Y1,GBM + phys,67,4,35.94,23.65391580731161
Y1,GBM + phys,112,4,35.65,24.213348050721105
Y1,GBM + phys,113,4,37.26,24.456721792965382
Y1,GBM + phys,114,4,36.97,24.151085594804066
Y1,GBM + phys,115,4,36.03,23.607400393958073
Y1,GBM + phys,160,4,35.78,23.96075261320011
Y1,GBM + phys,161,4,35.48,24.207061848271007
Y1,GBM + phys,162,4,36.97,23.933631861242915
Y1,GBM + phys,163,4,36.7,24.03314235724379
Y1,GBM + phys,208,4,36.86,24.170189825402197
Y1,GBM + phys,209,4,35.89,23.91312234041197
Y1,GBM + phys,210,4,35.45,24.032500473855833
Y1,GBM + phys,211,4,37.1,24.273884568151033
Y1,GBM + phys,256,4,37.03,24.169267425727003
Y1,GBM + phys,257,4,36.71,23.912199940736777
Y1,GBM + phys,258,4,36.77,24.002127267075718
Y1,GBM + phys,259,4,35.48,24.27296216847584
Y1,GBM + phys,304,4,38.67,26.593056631008615
Y1,GBM + phys,305,4,40.03,26.876184595588153
Y1,GBM + phys,306,4,39.86,26.56605588009898
Y1,GBM + phys,307,4,39.04,26.004920616386066
Y1,GBM + phys,352,4,38.57,26.088762550755675
Y1,GBM + phys,353,4,40.19,26.33213629299995
Y1,GBM + phys,354,4,39.97,26.024255697495303
Y1,GBM + phys,355,4,38.98,25.50663293502859
Y1,GBM + phys,400,4,39.04,25.685769125552643
Y1,GBM + phys,401,4,38.35,25.927796247239982
Y1,GBM + phys,402,4,39.81,25.652121862868558
Y1,GBM + phys,403,4,39.83,25.760908106590364
Y1,GBM + phys,448,4,40.0,25.903854469022363
Y1,GBM + phys,449,4,38.84,25.64250487064858
Y1,GBM + phys,450,4,38.33,25.75963860674911
Y1,GBM + phys,451,4,40.12,26.01029844876524
Y1,GBM + phys,496,4,39.89,25.89107334097709
Y1,GBM + phys,497,4,39.83,25.629723742603307
Y1,GBM + phys,498,4,39.01,25.717406671598916
Y1,GBM + phys,499,4,38.65,25.997517320719968
Y1,GBM + phys,544,4,41.4,29.795240099253245
Y1,GBM + phys,545,4,42.62,30.108552996141718
Y1,GBM + phys,546,4,42.5,29.76823934834361
Y1,GBM + phys,547,4,41.67,29.207104084630696
Y1,GBM + phys,592,4,41.64,29.527669609491568
Y1,GBM + phys,593,4,43.1,29.80122828404478
Y1,GBM + phys,594,4,42.74,29.463162756231196
Y1,GBM + phys,595,4,41.92,28.945539993764484
Y1,GBM + phys,640,4,41.26,28.974911397069526
Y1,GBM + phys,641,4,41.3,29.2471234510658
Y1,GBM + phys,642,4,42.49,28.94126413438544
Y1,GBM + phys,643,4,42.08,28.999482508949214
Y1,GBM + phys,688,4,42.77,29.394907249972942
Y1,GBM + phys,689,4,41.73,29.129357277028713
Y1,GBM + phys,690,4,41.32,29.25069138769969
Y1,GBM + phys,691,4,42.96,29.450783360557786
Y1,GBM + phys,736,4,42.11,29.366260981744745
Y1,GBM + phys,737,4,41.96,29.09335192740348
Y1,GBM + phys,738,4,41.09,29.19259431236657
Y1,GBM + phys,739,4,40.79,29.42213709232959
Y1,GBM + phys,20,5,24.77,19.751483165820495
Y1,GBM + phys,21,5,23.93,20.212628755800825
Y1,GBM + phys,22,5,24.77,20.044250040927082
Y1,GBM + phys,23,5,23.93,19.616725467610067
Y1,GBM + phys,68,5,32.96,25.90379374225784
Y1,GBM + phys,69,5,32.12,26.339906075400478
Y1,GBM + phys,70,5,32.94,26.196560617364426
Y1,GBM + phys,71,5,32.21,25.796447237831863
Y1,GBM + phys,116,5,33.16,25.879915711883406
Y1,GBM + phys,117,5,32.4,26.27874895867277
Y1,GBM + phys,118,5,33.12,26.097512594185332
Y1,GBM + phys,119,5,32.41,25.758769140263208
Y1,GBM + phys,164,5,32.52,25.77010003652736
Y1,GBM + phys,165,5,33.28,26.103978817555962
Y1,GBM + phys,166,5,32.33,26.02952210863442
Y1,GBM + phys,167,5,33.24,25.93389780821639
Y1,GBM + phys,212,5,33.08,26.126057201140398
Y1,GBM + phys,213,5,32.38,25.934261128550922
Y1,GBM + phys,214,5,33.09,25.82511157364607
Y1,GBM + phys,215,5,32.31,26.15909157060019
Y1,GBM + phys,260,5,32.31,26.12066406277809
Y1,GBM + phys,261,5,33.21,25.925478418784504
Y1,GBM + phys,262,5,32.46,25.8223326562431
Y1,GBM + phys,263,5,33.27,26.040064008051953
Y1,GBM + phys,308,5,36.96,26.707001098178793
Y1,GBM + phys,309,5,36.13,27.14178701201487
Y1,GBM + phys,310,5,36.91,26.971206992833682
Y1,GBM + phys,311,5,36.43,26.64821529274427
Y1,GBM + phys,356,5,36.95,26.683166353725788
Y1,GBM + phys,357,5,36.28,27.080673181208592
Y1,GBM + phys,358,5,36.86,26.872202255576017
Y1,GBM + phys,359,5,36.45,26.610580481097042
Y1,GBM + phys,404,5,35.99,26.48545621616243
Y1,GBM + phys,405,5,36.59,26.767001271270896
Y1,GBM + phys,406,5,35.64,26.70037557125926
Y1,GBM + phys,407,5,36.52,26.601945658418582
Y1,GBM + phys,452,5,36.95,26.857737528221957
Y1,GBM + phys,453,5,36.45,26.622868200241367
Y1,GBM + phys,454,5,36.81,26.51700293872043
Y1,GBM + phys,455,5,36.26,26.88634484769484
Y1,GBM + phys,500,5,35.69,26.797892406417834
Y1,GBM + phys,501,5,36.64,26.559633507033134
Y1,GBM + phys,502,5,36.06,26.459772037875645
Y1,GBM + phys,503,5,36.7,26.81322849075167
Y1,GBM + phys,548,5,40.78,29.024363784979336
Y1,GBM + phys,549,5,39.97,29.578402294013394
Y1,GBM + phys,550,5,40.71,29.373890012883336
Y1,GBM + phys,551,5,40.43,29.050898312793922
Y1,GBM + phys,596,5,40.78,28.809526147204455
Y1,GBM + phys,597,5,40.15,29.32628556988524
Y1,GBM + phys,598,5,40.57,29.083882382303795
Y1,GBM + phys,599,5,40.42,28.82226060782482
Y1,GBM + phys,644,5,39.32,28.48249077163827
Y1,GBM + phys,645,5,39.84,28.84935615999584
Y1,GBM + phys,646,5,38.89,28.782730459984204
Y1,GBM + phys,647,5,39.68,28.672114446176348
Y1,GBM + phys,692,5,40.68,28.87315349336949
Y1,GBM + phys,693,5,40.4,28.723604498638004
Y1,GBM + phys,694,5,40.6,28.617739237117068
Y1,GBM + phys,695,5,40.11,28.9748950451243
Y1,GBM + phys,740,5,38.82,28.665810362285644
Y1,GBM + phys,741,5,39.72,28.512871796150048
Y1,GBM + phys,742,5,39.31,28.41301032699256
Y1,GBM + phys,743,5,39.86,28.754280678901406
Y1,GBM + phys,24,6,6.07,13.47813203565451
Y1,GBM + phys,25,6,6.05,13.504446335863463
Y1,GBM + phys,26,6,6.01,13.47468045814669
Y1,GBM + phys,27,6,6.04,13.480421770977566
Y1,GBM + phys,72,6,10.36,17.759696801710177
Y1,GBM + phys,73,6,10.43,17.786011101919133
Y1,GBM + phys,74,6,10.36,17.734512255794805
Y1,GBM + phys,75,6,10.39,17.766868929668565
Y1,GBM + phys,120,6,10.42,17.74430805355777
Y1,GBM + phys,121,6,10.46,17.755725848259374
Y1,GBM + phys,122,6,10.32,17.69950032089737
Y1,GBM + phys,123,6,10.45,17.751480181516158
Y1,GBM + phys,168,6,10.39,17.604553275613693
Y1,GBM + phys,169,6,10.34,17.625584217441517
Y1,GBM + phys,170,6,10.35,17.564736541380956
Y1,GBM + phys,171,6,10.38,17.864415462608395
Y1,GBM + phys,216,6,10.08,17.776240602497914
Y1,GBM + phys,217,6,10.15,17.683307605749597
Y1,GBM + phys,218,6,10.07,17.655057210155675
Y1,GBM + phys,219,6,10.14,18.07982794444262
Y1,GBM + phys,264,6,10.47,17.80377698351164
Y1,GBM + phys,265,6,10.37,17.746378181668938
Y1,GBM + phys,266,6,10.34,17.601186229811926
Y1,GBM + phys,267,6,10.39,18.437402517174977
Y1,GBM + phys,312,6,12.43,20.708951488222446
Y1,GBM + phys,313,6,12.5,20.78839717802149
Y1,GBM + phys,314,6,12.41,20.683766942307074
Y1,GBM + phys,315,6,12.45,20.627882883989543
Y1,GBM + phys,360,6,12.35,20.57541479027101
Y1,GBM + phys,361,6,12.45,20.639963974562704
Y1,GBM + phys,362,6,12.16,20.530607057610613
Y1,GBM + phys,363,6,12.3,20.494346186038108
Y1,GBM + phys,408,6,11.8,20.27520891671538
Y1,GBM + phys,409,6,12.03,20.30688031227075
Y1,GBM + phys,410,6,11.98,20.23539218248264
Y1,GBM + phys,411,6,11.69,20.337337889235506
Y1,GBM + phys,456,6,12.32,20.526798173484107
Y1,GBM + phys,457,6,12.3,20.444505630463336
Y1,GBM + phys,458,6,12.18,20.405614781141868
Y1,GBM + phys,459,6,12.43,20.632652300954238
Y1,GBM + phys,504,6,12.12,20.397900642710127
Y1,GBM + phys,505,6,11.67,20.351142294594972
Y1,GBM + phys,506,6,11.64,20.195309889010414
Y1,GBM + phys,507,6,12.02,20.83379296189889
Y1,GBM + phys,552,6,14.52,22.40805475763092
Y1,GBM + phys,553,6,14.61,22.55249465940891
Y1,GBM + phys,554,6,14.5,22.43222719430486
Y1,GBM + phys,555,6,14.55,22.42465410237589
Y1,GBM + phys,600,6,14.54,22.420117331379675
Y1,GBM + phys,601,6,14.45,22.50256463843189
Y1,GBM + phys,602,6,14.18,22.362296826186647
Y1,GBM + phys,603,6,14.5,22.367269431216492
Y1,GBM + phys,648,6,13.97,22.080339257711653
Y1,GBM + phys,649,6,14.22,22.137010557983018
Y1,GBM + phys,650,6,14.1,22.027509750946287
Y1,GBM + phys,651,6,13.78,22.109367413240165
Y1,GBM + phys,696,6,14.37,22.441221943489005
Y1,GBM + phys,697,6,14.48,22.415286704817422
Y1,GBM + phys,698,6,14.32,22.33449232675323
Y1,GBM + phys,699,6,14.44,22.519730045144147
Y1,GBM + phys,744,6,14.41,20.840603812234512
Y1,GBM + phys,745,6,14.19,20.850772994040252
Y1,GBM + phys,746,6,14.17,20.821051859044132
Y1,GBM + phys,747,6,14.39,21.01118334388647
Y1,GBM + phys,28,7,6.37,6.575454780244837
Y1,GBM + phys,29,7,6.4,6.55306070658995
Y1,GBM + phys,30,7,6.37,6.571444452019391
Y1,GBM + phys,31,7,6.4,6.530140686942647
Y1,GBM + phys,76,7,10.71,10.91420626203277
Y1,GBM + phys,77,7,10.8,10.891812188377884
Y1,GBM + phys,78,7,10.7,10.88625285842583
Y1,GBM + phys,79,7,10.75,10.814085600171117
Y1,GBM + phys,124,7,10.64,10.89043926558532
Y1,GBM + phys,125,7,10.72,10.868045191930433
Y1,GBM + phys,126,7,10.55,10.86248586197838
Y1,GBM + phys,127,7,10.68,10.790318603723666
Y1,GBM + phys,172,7,10.77,10.763291889431747
Y1,GBM + phys,173,7,10.68,10.77830359665316
Y1,GBM + phys,174,7,10.68,10.731070939092566
Y1,GBM + phys,175,7,10.7,10.72481419098466
Y1,GBM + phys,220,7,10.66,10.921736204439606
Y1,GBM + phys,221,7,10.68,10.757759124975198
Y1,GBM + phys,222,7,10.53,10.73146749386911
Y1,GBM + phys,223,7,10.72,10.91974768360694
Y1,GBM + phys,268,7,10.78,10.799948091566645
Y1,GBM + phys,269,7,10.7,10.753636207629498
Y1,GBM + phys,270,7,10.67,10.620375495137289
Y1,GBM + phys,271,7,13.69,10.81310732201177
Y1,GBM + phys,316,7,12.57,12.56205780356369
Y1,GBM + phys,317,7,12.65,12.592984445643395
Y1,GBM + phys,318,7,12.57,12.515656990580817
Y1,GBM + phys,319,7,12.63,12.474857974928474
Y1,GBM + phys,364,7,12.33,12.465101120651582
Y1,GBM + phys,365,7,12.29,12.496027762731288
Y1,GBM + phys,366,7,12.2,12.41870030766871
Y1,GBM + phys,367,7,12.49,12.377901292016366
Y1,GBM + phys,412,7,12.41,12.14909913114973
Y1,GBM + phys,413,7,12.28,12.163146192458571
Y1,GBM + phys,414,7,12.1,12.098430771434618
Y1,GBM + phys,415,7,12.19,12.110818753072186
Y1,GBM + phys,460,7,12.36,12.470862087383018
Y1,GBM + phys,461,7,12.49,12.317383905246135
Y1,GBM + phys,462,7,12.17,12.291092274140047
Y1,GBM + phys,463,7,12.28,12.488545089488765
Y1,GBM + phys,508,7,12.27,12.103042118021373
Y1,GBM + phys,509,7,12.19,12.04490437403349
Y1,GBM + phys,510,7,12.25,11.933968418919541
Y1,GBM + phys,511,7,12.27,12.126700245794023
Y1,GBM + phys,556,7,14.51,14.575915624387509
Y1,GBM + phys,557,7,14.6,14.68213699563052
Y1,GBM + phys,558,7,14.5,14.518677937516477
Y1,GBM + phys,559,7,14.58,14.488715795752293
Y1,GBM + phys,604,7,14.7,14.544401835437327
Y1,GBM + phys,605,7,14.66,14.650623206680338
Y1,GBM + phys,606,7,14.4,14.487164148566295
Y1,GBM + phys,607,7,14.71,14.457202006802111
Y1,GBM + phys,652,7,14.07,14.204364560250108
Y1,GBM + phys,653,7,14.03,14.31993380413206
Y1,GBM + phys,654,7,13.94,14.142859326646835
Y1,GBM + phys,655,7,13.86,14.166084182172563
Y1,GBM + phys,700,7,14.6,14.604923860582618
Y1,GBM + phys,701,7,14.7,14.540067464757781
Y1,GBM + phys,702,7,14.47,14.442700661525485
Y1,GBM + phys,703,7,14.66,14.640153476874204
Y1,GBM + phys,748,7,12.43,14.252652252373885
Y1,GBM + phys,749,7,12.63,14.23610939307728
Y1,GBM + phys,750,7,12.76,14.14274540919698
Y1,GBM + phys,751,7,12.42,14.293856994332375
Y1,GBM + phys,32,8,6.85,6.304662482308473
Y1,GBM + phys,33,8,6.79,6.409480191249967
Y1,GBM + phys,34,8,6.77,6.315852421388137
Y1,GBM + phys,35,8,6.81,6.133479969485408
Y1,GBM + phys,80,8,11.11,11.421965211664414
Y1,GBM + phys,81,8,11.13,11.526782920605912
Y1,GBM + phys,82,8,11.09,11.43315515074408
Y1,GBM + phys,83,8,11.16,11.25078269884135
Y1,GBM + phys,128,8,11.45,11.373303793801622
Y1,GBM + phys,129,8,11.46,11.47812150274312
Y1,GBM + phys,130,8,11.32,11.351006409471744
Y1,GBM + phys,131,8,11.49,11.22361963729369
Y1,GBM + phys,176,8,11.22,11.262225140838751
Y1,GBM + phys,177,8,11.16,11.297983900308862
Y1,GBM + phys,178,8,11.1,11.222907074579414
Y1,GBM + phys,179,8,11.14,11.318554100727505
Y1,GBM + phys,224,8,11.18,11.357152180161076
Y1,GBM + phys,225,8,11.22,11.334455705329061
Y1,GBM + phys,226,8,11.07,11.237436374596784
Y1,GBM + phys,227,8,11.2,11.402291200970165
Y1,GBM + phys,272,8,11.21,11.341255720688483
Y1,GBM + phys,273,8,11.14,11.318559245856468
Y1,GBM + phys,274,8,11.11,11.193960663322919
Y1,GBM + phys,275,8,11.16,11.386394741497572
Y1,GBM + phys,320,8,12.78,13.053976266904424
Y1,GBM + phys,321,8,12.93,13.158793975845922
Y1,GBM + phys,322,8,12.73,13.06516620598409
Y1,GBM + phys,323,8,12.72,12.88279375408136
Y1,GBM + phys,368,8,12.85,12.909151159628692
Y1,GBM + phys,369,8,12.87,13.01396886857019
Y1,GBM + phys,370,8,12.73,12.886853775298814
Y1,GBM + phys,371,8,12.95,12.75946700312076
Y1,GBM + phys,416,8,12.34,12.724960619346588
Y1,GBM + phys,417,8,12.46,12.760719378816699
Y1,GBM + phys,418,8,12.31,12.68564255308725
Y1,GBM + phys,419,8,12.12,12.781289579235342
Y1,GBM + phys,464,8,12.91,12.839250343654577
Y1,GBM + phys,465,8,12.95,12.816553868822561
Y1,GBM + phys,466,8,12.67,12.719534538090285
Y1,GBM + phys,467,8,12.86,12.884389364463665
Y1,GBM + phys,512,8,12.47,12.771094226511226
Y1,GBM + phys,513,8,12.12,12.74839775167921
Y1,GBM + phys,514,8,12.18,12.623799169145661
Y1,GBM + phys,515,8,12.47,12.816233247320314
Y1,GBM + phys,560,8,14.51,15.17072451213568
Y1,GBM + phys,561,8,14.7,15.275542221077178
Y1,GBM + phys,562,8,14.42,15.181914451215345
Y1,GBM + phys,563,8,14.42,14.999541999312616
Y1,GBM + phys,608,8,14.75,15.025899404859947
Y1,GBM + phys,609,8,14.71,15.130717113801445
Y1,GBM + phys,610,8,14.33,15.003602020530069
Y1,GBM + phys,611,8,14.62,14.876215248352015
Y1,GBM + phys,656,8,14.32,14.741948253183097
Y1,GBM + phys,657,8,14.56,14.777707012653208
Y1,GBM + phys,658,8,14.33,14.70263018692376
Y1,GBM + phys,659,8,14.08,14.79827721307185
Y1,GBM + phys,704,8,14.54,14.856237977491086
Y1,GBM + phys,705,8,14.62,14.83354150265907
Y1,GBM + phys,706,8,14.53,14.736522171926794
Y1,GBM + phys,707,8,14.71,14.901376998300174
Y1,GBM + phys,752,8,14.12,14.536903640044038
Y1,GBM + phys,753,8,14.28,14.514207165212023
Y1,GBM + phys,754,8,14.37,14.389608582678473
Y1,GBM + phys,755,8,14.21,14.582042660853126
Y1,GBM + phys,36,9,7.18,8.076896223803221
Y1,GBM + phys,37,9,7.1,8.082291764992899
Y1,GBM + phys,38,9,7.1,8.055547114679833
Y1,GBM + phys,39,9,7.1,7.88957170905589
Y1,GBM + phys,84,9,11.68,12.847907471133546
Y1,GBM + phys,85,9,11.69,12.858785274276379
Y1,GBM + phys,86,9,11.7,12.832040623963316
Y1,GBM + phys,87,9,11.69,12.772003215514284
Y1,GBM + phys,132,9,11.45,12.809696845982765
Y1,GBM + phys,133,9,11.42,12.81125917405691
Y1,GBM + phys,134,9,11.33,12.793829998812535
Y1,GBM + phys,135,9,11.43,12.757991009764956
Y1,GBM + phys,180,9,11.59,12.634356940844613
Y1,GBM + phys,181,9,11.6,12.694746007835173
Y1,GBM + phys,182,9,11.53,12.633779672949421
Y1,GBM + phys,183,9,11.61,12.74159536932577
Y1,GBM + phys,228,9,11.44,12.832895887658589
Y1,GBM + phys,229,9,11.42,12.746616856253242
Y1,GBM + phys,230,9,11.33,12.696258323644479
Y1,GBM + phys,231,9,11.43,12.946892833598824
Y1,GBM + phys,276,9,11.38,12.836665534520607
Y1,GBM + phys,277,9,11.34,12.778559286390786
Y1,GBM + phys,278,9,11.22,12.659063972123315
Y1,GBM + phys,279,9,11.34,12.950662480460842
Y1,GBM + phys,324,9,13.17,14.52720644736796
Y1,GBM + phys,325,9,13.18,14.592009878285701
Y1,GBM + phys,326,9,13.17,14.504196337116117
Y1,GBM + phys,327,9,13.18,14.4757404046982
Y1,GBM + phys,372,9,13.05,14.318173286866946
Y1,GBM + phys,373,9,12.93,14.373661242716002
Y1,GBM + phys,374,9,12.77,14.295163176615103
Y1,GBM + phys,375,9,13.0,14.266707244197187
Y1,GBM + phys,420,9,12.97,13.915442199357637
Y1,GBM + phys,421,9,13.01,13.975831266348196
Y1,GBM + phys,422,9,12.74,13.907721668380832
Y1,GBM + phys,423,9,12.84,13.959136323707842
Y1,GBM + phys,468,9,12.95,14.193380143476345
Y1,GBM + phys,469,9,13.0,14.107101112070998
Y1,GBM + phys,470,9,12.86,14.056742579462234
Y1,GBM + phys,471,9,12.92,14.239579937682283
Y1,GBM + phys,516,9,12.93,14.043322505525605
Y1,GBM + phys,517,9,12.82,13.985216257395784
Y1,GBM + phys,518,9,12.78,13.884833864482939
Y1,GBM + phys,519,9,13.02,14.089522299731543
Y1,GBM + phys,564,9,15.23,16.461671744626308
Y1,GBM + phys,565,9,15.23,16.538987308891958
Y1,GBM + phys,566,9,15.23,16.429442488751885
Y1,GBM + phys,567,9,15.23,16.410205701956546
Y1,GBM + phys,612,9,15.34,16.34228410603102
Y1,GBM + phys,613,9,15.29,16.410284195227984
Y1,GBM + phys,614,9,15.09,16.310054850156597
Y1,GBM + phys,615,9,15.3,16.290818063361257
Y1,GBM + phys,660,9,15.16,15.924641185898524
Y1,GBM + phys,661,9,15.18,15.997542386237008
Y1,GBM + phys,662,9,14.72,15.907701509299153
Y1,GBM + phys,663,9,14.9,15.968335310248744
Y1,GBM + phys,708,9,15.34,16.345610025403765
Y1,GBM + phys,709,9,15.29,16.261982208614597
Y1,GBM + phys,710,9,15.09,16.205042754966584
Y1,GBM + phys,711,9,15.3,16.381468334593627
Y1,GBM + phys,756,9,14.96,15.638170844948947
Y1,GBM + phys,757,9,14.92,15.582715811435312
Y1,GBM + phys,758,9,14.92,15.506783825994887
Y1,GBM + phys,759,9,15.16,15.674029154138813
Y1,GBM + phys,40,10,10.85,7.840000723168727
Y1,GBM + phys,41,10,10.54,7.855136406283588
Y1,GBM + phys,42,10,10.77,7.930831986829824
Y1,GBM + phys,43,10,10.56,7.807783255708723
Y1,GBM + phys,88,10,15.41,12.275505297907692
Y1,GBM + phys,89,10,15.2,12.312149289994561
Y1,GBM + phys,90,10,15.42,12.36633656156879
Y1,GBM + phys,91,10,15.21,12.26251694457073
Y1,GBM + phys,136,10,15.41,12.275330154047536
Y1,GBM + phys,137,10,15.18,12.311974146134405
Y1,GBM + phys,138,10,15.34,12.366161417708634
Y1,GBM + phys,139,10,15.19,12.262341800710574
Y1,GBM + phys,184,10,15.16,12.177103430573283
Y1,GBM + phys,185,10,15.36,12.252171570877515
Y1,GBM + phys,186,10,15.12,12.255584874592074
Y1,GBM + phys,187,10,15.36,12.230084116604766
Y1,GBM + phys,232,10,15.4,12.334130917328446
Y1,GBM + phys,233,10,15.19,12.269273281200137
Y1,GBM + phys,234,10,15.32,12.154431160656065
Y1,GBM + phys,235,10,15.16,12.37546524546317
Y1,GBM + phys,280,10,15.16,12.30129999928799
Y1,GBM + phys,281,10,15.37,12.261226239197807
Y1,GBM + phys,282,10,15.12,12.026631110211122
Y1,GBM + phys,283,10,15.36,12.342634327422713
Y1,GBM + phys,328,10,17.5,14.159543780456866
Y1,GBM + phys,329,10,17.35,14.263107821788717
Y1,GBM + phys,330,10,17.52,14.250375044117964
Y1,GBM + phys,331,10,17.37,14.134644474849722
Y1,GBM + phys,376,10,17.14,14.002299946644042
Y1,GBM + phys,377,10,16.84,14.105863987975892
Y1,GBM + phys,378,10,17.02,14.09313121030514
Y1,GBM + phys,379,10,17.11,13.977400641036898
Y1,GBM + phys,424,10,16.83,13.743988153326525
Y1,GBM + phys,425,10,16.93,13.819056293630757
Y1,GBM + phys,426,10,16.66,13.822469597345316
Y1,GBM + phys,427,10,16.86,13.788442207323085
Y1,GBM + phys,472,10,16.99,13.975611447936954
Y1,GBM + phys,473,10,16.69,13.910753811808645
Y1,GBM + phys,474,10,16.56,13.795911691264573
Y1,GBM + phys,475,10,16.62,14.008419144036754
Y1,GBM + phys,520,10,16.73,13.89671219831294
Y1,GBM + phys,521,10,16.86,13.856638438222758
Y1,GBM + phys,522,10,16.76,13.660060475882048
Y1,GBM + phys,523,10,16.92,13.92951989441274
Y1,GBM + phys,568,10,19.52,16.156288391654062
Y1,GBM + phys,569,10,19.36,16.34630115698101
Y1,GBM + phys,570,10,19.48,16.33356837931027
Y1,GBM + phys,571,10,19.42,16.21783781004203
Y1,GBM + phys,616,10,19.2,16.13441627481099
Y1,GBM + phys,617,10,18.88,16.32442904013794
Y1,GBM + phys,618,10,18.9,16.3116962624672
Y1,GBM + phys,619,10,19.12,16.19596569319896
Y1,GBM + phys,664,10,18.48,15.902671447958742
Y1,GBM + phys,665,10,18.71,16.064188312258075
Y1,GBM + phys,666,10,18.48,16.067601615972638
Y1,GBM + phys,667,10,18.46,16.021683554151245
Y1,GBM + phys,712,10,19.06,16.179595453731547
Y1,GBM + phys,713,10,19.13,16.20118654159835
Y1,GBM + phys,714,10,19.0,16.08634442105428
Y1,GBM + phys,715,10,18.84,16.286961202027292
Y1,GBM + phys,760,10,17.69,15.787575006551748
Y1,GBM + phys,761,10,18.19,15.83394997045668
Y1,GBM + phys,762,10,18.16,15.637372008115971
Y1,GBM + phys,763,10,17.88,15.894940754847493
Y1,GBM + phys,44,11,8.6,9.948741096252853
Y1,GBM + phys,45,11,8.49,9.844637211130873
Y1,GBM + phys,46,11,8.45,10.024864618967126
Y1,GBM + phys,47,11,8.5,9.84554055154728
Y1,GBM + phys,92,11,12.96,15.225382624784459
Y1,GBM + phys,93,11,12.97,15.225207178597076
Y1,GBM + phys,94,11,12.93,15.293288002274513
Y1,GBM + phys,95,11,13.02,15.181368540999959
Y1,GBM + phys,140,11,12.88,15.215626008128925
Y1,GBM + phys,141,11,13.0,15.215450561941543
Y1,GBM + phys,142,11,12.97,15.28353138561898
Y1,GBM + phys,143,11,13.04,15.171611924344425
Y1,GBM + phys,188,11,12.68,15.109929510565399
Y1,GBM + phys,189,11,12.63,15.173420154591748
Y1,GBM + phys,190,11,12.71,15.173405233020386
Y1,GBM + phys,191,11,12.73,15.132809350288134
Y1,GBM + phys,236,11,12.85,15.254570875271554
Y1,GBM + phys,237,11,13.04,15.184010954850411
Y1,GBM + phys,238,11,13.0,15.078196657272352
Y1,GBM + phys,239,11,13.0,15.25940241329261
Y1,GBM + phys,284,11,12.59,15.231485494783454
Y1,GBM + phys,285,11,12.74,15.224211923432868
Y1,GBM + phys,286,11,12.8,14.977305821983304
Y1,GBM + phys,287,11,12.62,15.254442791143264
Y1,GBM + phys,332,11,15.09,17.229963182640322
Y1,GBM + phys,333,11,15.12,17.254344783286566
Y1,GBM + phys,334,11,15.08,17.289598131305
Y1,GBM + phys,335,11,15.16,17.11758587289046
Y1,GBM + phys,380,11,14.34,17.08060692378469
Y1,GBM + phys,381,11,14.66,17.104988524430933
Y1,GBM + phys,382,11,14.6,17.109368031039715
Y1,GBM + phys,383,11,14.6,16.980457454465167
Y1,GBM + phys,428,11,13.91,16.79575482486662
Y1,GBM + phys,429,11,14.34,16.859245468892958
Y1,GBM + phys,430,11,13.95,16.820086277086578
Y1,GBM + phys,431,11,13.99,16.827391129820246
Y1,GBM + phys,476,11,14.33,16.98365269791208
Y1,GBM + phys,477,11,14.61,16.913092777490935
Y1,GBM + phys,478,11,14.61,16.76813420967784
Y1,GBM + phys,479,11,14.65,16.997240701164028
Y1,GBM + phys,524,11,13.68,16.912483890268525
Y1,GBM + phys,525,11,13.99,16.905210318917938
Y1,GBM + phys,526,11,14.16,16.696965402034284
Y1,GBM + phys,527,11,13.86,16.926071893520472
Y1,GBM + phys,572,11,15.09,18.924008628357814
Y1,GBM + phys,573,11,17.17,18.94839022900406
Y1,GBM + phys,574,11,17.14,18.987733791193996
Y1,GBM + phys,575,11,17.14,18.81163131860795
Y1,GBM + phys,620,11,16.76,18.81756893579442
Y1,GBM + phys,621,11,17.23,18.841950536440663
Y1,GBM + phys,622,11,17.26,18.85042025722095
Y1,GBM + phys,623,11,17.15,18.717419466474897
Y1,GBM + phys,668,11,16.47,18.52447878133566
Y1,GBM + phys,669,11,16.35,18.587969425361997
Y1,GBM + phys,670,11,16.55,18.552900447727122
Y1,GBM + phys,671,11,16.74,18.542033329404365
Y1,GBM + phys,716,11,16.44,18.763997339717076
Y1,GBM + phys,717,11,16.9,18.69343741929593
Y1,GBM + phys,718,11,16.94,18.55256906565434
Y1,GBM + phys,719,11,16.77,18.763503586084102
Y1,GBM + phys,764,11,16.54,18.229160166777355
Y1,GBM + phys,765,11,16.44,18.221886595426767
Y1,GBM + phys,766,11,16.48,18.017731892714618
Y1,GBM + phys,767,11,16.64,18.22866641314438
Y1,Hybrid (Ridge->GBM) + phys,0,0,15.55,21.55417772318669
Y1,Hybrid (Ridge->GBM) + phys,1,0,15.55,21.62611610572841
Y1,Hybrid (Ridge->GBM) + phys,2,0,15.55,21.527682216126355
Y1,Hybrid (Ridge->GBM) + phys,3,0,15.55,21.50404665549529
Y1,Hybrid (Ridge->GBM) + phys,48,0,24.58,27.89278339701248
Y1,Hybrid (Ridge->GBM) + phys,49,0,24.63,27.964721779554196
Y1,Hybrid (Ridge->GBM) + phys,50,0,24.63,27.866287889952144
Y1,Hybrid (Ridge->GBM) + phys,51,0,24.59,27.842652329321076
Y1,Hybrid (Ridge->GBM) + phys,96,0,24.29,28.074661482061256
Y1,Hybrid (Ridge->GBM) + phys,97,0,24.31,28.146599864602976
Y1,Hybrid (Ridge->GBM) + phys,98,0,24.13,28.048165975000924
Y1,Hybrid (Ridge->GBM) + phys,99,0,24.25,28.024530414369856
Y1,Hybrid (Ridge->GBM) + phys,144,0,24.28,28.041911286783154
Y1,Hybrid (Ridge->GBM) + phys,145,0,24.4,28.113849669324875
Y1,Hybrid (Ridge->GBM) + phys,146,0,24.11,28.015415779722822
Y1,Hybrid (Ridge->GBM) + phys,147,0,24.35,28.016553821757835
Y1,Hybrid (Ridge->GBM) + phys,192,0,24.38,28.242523514462153
Y1,Hybrid (Ridge->GBM) + phys,193,0,24.23,28.314461897003874
Y1,Hybrid (Ridge->GBM) + phys,194,0,24.04,28.21602800740182
Y1,Hybrid (Ridge->GBM) + phys,195,0,24.32,28.217166049436834
Y1,Hybrid (Ridge->GBM) + phys,240,0,24.35,28.40641247407991
Y1,Hybrid (Ridge->GBM) + phys,241,0,24.33,28.47835085662163
Y1,Hybrid (Ridge->GBM) + phys,242,0,24.03,28.283231406077643
Y1,Hybrid (Ridge->GBM) + phys,243,0,24.26,28.381055009054595
Y1,Hybrid (Ridge->GBM) + phys,288,0,28.15,31.1523646776357
Y1,Hybrid (Ridge->GBM) + phys,289,0,28.15,31.22430306017742
Y1,Hybrid (Ridge->GBM) + phys,290,0,28.37,31.125869170575367
Y1,Hybrid (Ridge->GBM) + phys,291,0,28.41,31.1022336099443
Y1,Hybrid (Ridge->GBM) + phys,336,0,28.67,31.21138967076504
Y1,Hybrid (Ridge->GBM) + phys,337,0,28.57,31.28332805330676
Y1,Hybrid (Ridge->GBM) + phys,338,0,28.18,31.184894163704705
Y1,Hybrid (Ridge->GBM) + phys,339,0,28.6,31.16125860307364
Y1,Hybrid (Ridge->GBM) + phys,384,0,28.67,31.01772291222943
Y1,Hybrid (Ridge->GBM) + phys,385,0,28.56,31.08966129477115
Y1,Hybrid (Ridge->GBM) + phys,386,0,28.17,30.9912274051691
Y1,Hybrid (Ridge->GBM) + phys,387,0,28.63,30.992365447204115
Y1,Hybrid (Ridge->GBM) + phys,432,0,28.7,31.21833513990843
Y1,Hybrid (Ridge->GBM) + phys,433,0,28.55,31.29027352245015
Y1,Hybrid (Ridge->GBM) + phys,434,0,28.15,31.191839632848094
Y1,Hybrid (Ridge->GBM) + phys,435,0,28.62,31.192977674883114
Y1,Hybrid (Ridge->GBM) + phys,480,0,28.69,31.23781304437313
Y1,Hybrid (Ridge->GBM) + phys,481,0,28.58,31.30975142691485
Y1,Hybrid (Ridge->GBM) + phys,482,0,28.15,31.114631976370863
Y1,Hybrid (Ridge->GBM) + phys,483,0,28.61,31.212455579347814
Y1,Hybrid (Ridge->GBM) + phys,528,0,32.26,34.16778971592009
Y1,Hybrid (Ridge->GBM) + phys,529,0,32.26,34.2397280984618
Y1,Hybrid (Ridge->GBM) + phys,530,0,32.49,34.14129420885975
Y1,Hybrid (Ridge->GBM) + phys,531,0,32.53,34.117658648228684
Y1,Hybrid (Ridge->GBM) + phys,576,0,32.82,34.19602599013759
Y1,Hybrid (Ridge->GBM) + phys,577,0,32.71,34.267964372679316
Y1,Hybrid (Ridge->GBM) + phys,578,0,32.24,34.16953048307726
Y1,Hybrid (Ridge->GBM) + phys,579,0,32.72,34.145894922446196
Y1,Hybrid (Ridge->GBM) + phys,624,0,32.82,33.92069973804324
Y1,Hybrid (Ridge->GBM) + phys,625,0,32.69,33.992638120584964
Y1,Hybrid (Ridge->GBM) + phys,626,0,32.23,33.89420423098291
Y1,Hybrid (Ridge->GBM) + phys,627,0,32.75,33.89534227301793
Y1,Hybrid (Ridge->GBM) + phys,672,0,32.85,34.12131196572224
Y1,Hybrid (Ridge->GBM) + phys,673,0,32.67,34.19325034826396
Y1,Hybrid (Ridge->GBM) + phys,674,0,32.21,34.09481645866191
Y1,Hybrid (Ridge->GBM) + phys,675,0,32.74,34.09595450069693
Y1,Hybrid (Ridge->GBM) + phys,720,0,32.84,33.993108326178614
Y1,Hybrid (Ridge->GBM) + phys,721,0,32.72,34.06504670872033
Y1,Hybrid (Ridge->GBM) + phys,722,0,32.21,33.86992725817634
Y1,Hybrid (Ridge->GBM) + phys,723,0,32.73,33.96775086115329
Y1,Hybrid (Ridge->GBM) + phys,4,1,20.84,19.472320431047553
Y1,Hybrid (Ridge->GBM) + phys,5,1,21.46,19.524541226939725
Y1,Hybrid (Ridge->GBM) + phys,6,1,20.71,19.432525822575155
Y1,Hybrid (Ridge->GBM) + phys,7,1,19.68,19.4557864130758
Y1,Hybrid (Ridge->GBM) + phys,52,1,29.03,26.759495919654466
Y1,Hybrid (Ridge->GBM) + phys,53,1,29.87,26.811716715546634
Y1,Hybrid (Ridge->GBM) + phys,54,1,29.14,26.719701311182064
Y1,Hybrid (Ridge->GBM) + phys,55,1,28.09,26.74296190168271
Y1,Hybrid (Ridge->GBM) + phys,100,1,28.88,26.933594000094136
Y1,Hybrid (Ridge->GBM) + phys,101,1,29.68,26.985814795986304
Y1,Hybrid (Ridge->GBM) + phys,102,1,28.83,26.893799391621737
Y1,Hybrid (Ridge->GBM) + phys,103,1,27.9,26.917059982122378
Y1,Hybrid (Ridge->GBM) + phys,148,1,28.07,26.824241229897414
Y1,Hybrid (Ridge->GBM) + phys,149,1,29.01,26.876462025789582
Y1,Hybrid (Ridge->GBM) + phys,150,1,29.62,26.784446621425012
Y1,Hybrid (Ridge->GBM) + phys,151,1,29.05,26.807707211925656
Y1,Hybrid (Ridge->GBM) + phys,196,1,29.06,27.023584254191864
Y1,Hybrid (Ridge->GBM) + phys,197,1,28.05,27.075805050084032
Y1,Hybrid (Ridge->GBM) + phys,198,1,28.86,26.983789645719465
Y1,Hybrid (Ridge->GBM) + phys,199,1,29.79,27.016819076029847
Y1,Hybrid (Ridge->GBM) + phys,244,1,29.83,27.07361318094007
Y1,Hybrid (Ridge->GBM) + phys,245,1,29.08,27.125833976832244
Y1,Hybrid (Ridge->GBM) + phys,246,1,28.03,27.008456195253856
Y1,Hybrid (Ridge->GBM) + phys,247,1,29.02,27.06684800277806
Y1,Hybrid (Ridge->GBM) + phys,292,1,32.68,30.15386401520381
Y1,Hybrid (Ridge->GBM) + phys,293,1,33.48,30.206084811095977
Y1,Hybrid (Ridge->GBM) + phys,294,1,32.84,30.114069406731403
Y1,Hybrid (Ridge->GBM) + phys,295,1,32.0,30.13732999723205
Y1,Hybrid (Ridge->GBM) + phys,340,1,32.46,30.252156329285608
Y1,Hybrid (Ridge->GBM) + phys,341,1,33.27,30.304377125177776
Y1,Hybrid (Ridge->GBM) + phys,342,1,32.33,30.21236172081321
Y1,Hybrid (Ridge->GBM) + phys,343,1,31.66,30.23562231131385
Y1,Hybrid (Ridge->GBM) + phys,388,1,31.63,30.05433856651443
Y1,Hybrid (Ridge->GBM) + phys,389,1,32.4,30.1065593624066
Y1,Hybrid (Ridge->GBM) + phys,390,1,32.68,30.01454395804203
Y1,Hybrid (Ridge->GBM) + phys,391,1,32.29,30.037804548542674
Y1,Hybrid (Ridge->GBM) + phys,436,1,32.67,30.253681590808874
Y1,Hybrid (Ridge->GBM) + phys,437,1,31.69,30.305902386701046
Y1,Hybrid (Ridge->GBM) + phys,438,1,32.07,30.213886982336476
Y1,Hybrid (Ridge->GBM) + phys,439,1,33.28,30.246916412646858
Y1,Hybrid (Ridge->GBM) + phys,484,1,33.13,30.266627689594205
Y1,Hybrid (Ridge->GBM) + phys,485,1,32.31,30.318848485486374
Y1,Hybrid (Ridge->GBM) + phys,486,1,31.53,30.20147070390799
Y1,Hybrid (Ridge->GBM) + phys,487,1,32.46,30.25986251143219
Y1,Hybrid (Ridge->GBM) + phys,532,1,36.47,33.23926901453909
Y1,Hybrid (Ridge->GBM) + phys,533,1,37.24,33.29148981043126
Y1,Hybrid (Ridge->GBM) + phys,534,1,36.66,33.19947440606669
Y1,Hybrid (Ridge->GBM) + phys,535,1,35.96,33.22273499656733
Y1,Hybrid (Ridge->GBM) + phys,580,1,35.84,33.33756132862089
Y1,Hybrid (Ridge->GBM) + phys,581,1,36.57,33.38978212451306
Y1,Hybrid (Ridge->GBM) + phys,582,1,36.06,33.29776672014849
Y1,Hybrid (Ridge->GBM) + phys,583,1,35.69,33.321027310649136
Y1,Hybrid (Ridge->GBM) + phys,628,1,34.24,33.13974356584971
Y1,Hybrid (Ridge->GBM) + phys,629,1,34.95,33.19196436174188
Y1,Hybrid (Ridge->GBM) + phys,630,1,35.05,33.099948957377315
Y1,Hybrid (Ridge->GBM) + phys,631,1,34.29,33.123209547877956
Y1,Hybrid (Ridge->GBM) + phys,676,1,36.45,33.33908659014416
Y1,Hybrid (Ridge->GBM) + phys,677,1,35.73,33.39130738603633
Y1,Hybrid (Ridge->GBM) + phys,678,1,35.4,33.299291981671765
Y1,Hybrid (Ridge->GBM) + phys,679,1,36.57,33.33232141198214
Y1,Hybrid (Ridge->GBM) + phys,724,1,35.67,33.290332115261826
Y1,Hybrid (Ridge->GBM) + phys,725,1,35.01,33.342552911153994
Y1,Hybrid (Ridge->GBM) + phys,726,1,34.72,33.22517512957562
Y1,Hybrid (Ridge->GBM) + phys,727,1,35.24,33.28356693709981
Y1,Hybrid (Ridge->GBM) + phys,8,2,19.5,18.387202621304645
Y1,Hybrid (Ridge->GBM) + phys,9,2,19.95,18.444917640560103
Y1,Hybrid (Ridge->GBM) + phys,10,2,19.34,18.34571353272955
Y1,Hybrid (Ridge->GBM) + phys,11,2,18.31,18.371182082151886
Y1,Hybrid (Ridge->GBM) + phys,56,2,26.28,22.961478062564915
Y1,Hybrid (Ridge->GBM) + phys,57,2,26.91,23.01919308182037
Y1,Hybrid (Ridge->GBM) + phys,58,2,26.37,22.919988973989817
Y1,Hybrid (Ridge->GBM) + phys,59,2,25.27,22.94545752341216
Y1,Hybrid (Ridge->GBM) + phys,104,2,26.48,23.171479804021388
Y1,Hybrid (Ridge->GBM) + phys,105,2,27.02,23.229194823276842
Y1,Hybrid (Ridge->GBM) + phys,106,2,26.33,23.12999071544629
Y1,Hybrid (Ridge->GBM) + phys,107,2,25.36,23.155459264868625
Y1,Hybrid (Ridge->GBM) + phys,152,2,25.41,23.381481545477854
Y1,Hybrid (Ridge->GBM) + phys,153,2,26.47,23.439196564733308
Y1,Hybrid (Ridge->GBM) + phys,154,2,26.89,23.339992456902756
Y1,Hybrid (Ridge->GBM) + phys,155,2,26.46,23.3654610063251
Y1,Hybrid (Ridge->GBM) + phys,200,2,26.44,23.591483286934327
Y1,Hybrid (Ridge->GBM) + phys,201,2,25.37,23.64919830618978
Y1,Hybrid (Ridge->GBM) + phys,202,2,26.33,23.54999419835923
Y1,Hybrid (Ridge->GBM) + phys,203,2,27.03,23.575462747781565
Y1,Hybrid (Ridge->GBM) + phys,248,2,27.03,23.801485028390793
Y1,Hybrid (Ridge->GBM) + phys,249,2,26.45,23.859200047646247
Y1,Hybrid (Ridge->GBM) + phys,250,2,25.36,23.759995939815695
Y1,Hybrid (Ridge->GBM) + phys,251,2,26.45,23.785464489238038
Y1,Hybrid (Ridge->GBM) + phys,296,2,29.54,25.609512986293396
Y1,Hybrid (Ridge->GBM) + phys,297,2,30.05,25.667228005548857
Y1,Hybrid (Ridge->GBM) + phys,298,2,29.6,25.568023897718298
Y1,Hybrid (Ridge->GBM) + phys,299,2,28.66,25.59349244714064
Y1,Hybrid (Ridge->GBM) + phys,344,2,29.34,25.81951472774987
Y1,Hybrid (Ridge->GBM) + phys,345,2,29.87,25.877229747005323
Y1,Hybrid (Ridge->GBM) + phys,346,2,29.27,25.77802563917477
Y1,Hybrid (Ridge->GBM) + phys,347,2,28.4,25.803494188597114
Y1,Hybrid (Ridge->GBM) + phys,392,2,28.4,26.029516469206335
Y1,Hybrid (Ridge->GBM) + phys,393,2,29.4,26.087231488461796
Y1,Hybrid (Ridge->GBM) + phys,394,2,29.43,25.988027380631237
Y1,Hybrid (Ridge->GBM) + phys,395,2,29.07,26.01349593005358
Y1,Hybrid (Ridge->GBM) + phys,440,2,29.47,26.23951821066281
Y1,Hybrid (Ridge->GBM) + phys,441,2,28.42,26.297233229918263
Y1,Hybrid (Ridge->GBM) + phys,442,2,29.08,26.19802912208771
Y1,Hybrid (Ridge->GBM) + phys,443,2,29.88,26.223497671510046
Y1,Hybrid (Ridge->GBM) + phys,488,2,29.71,26.449519952119275
Y1,Hybrid (Ridge->GBM) + phys,489,2,29.09,26.50723497137473
Y1,Hybrid (Ridge->GBM) + phys,490,2,28.31,26.408030863544177
Y1,Hybrid (Ridge->GBM) + phys,491,2,29.39,26.43349941296652
Y1,Hybrid (Ridge->GBM) + phys,536,2,31.89,27.74956857827612
Y1,Hybrid (Ridge->GBM) + phys,537,2,32.39,27.80728359753158
Y1,Hybrid (Ridge->GBM) + phys,538,2,32.09,27.708079489701028
Y1,Hybrid (Ridge->GBM) + phys,539,2,31.29,27.733548039123363
Y1,Hybrid (Ridge->GBM) + phys,584,2,32.48,27.95957031973259
Y1,Hybrid (Ridge->GBM) + phys,585,2,32.74,28.017285338988046
Y1,Hybrid (Ridge->GBM) + phys,586,2,32.13,27.918081231157494
Y1,Hybrid (Ridge->GBM) + phys,587,2,31.64,27.943549780579836
Y1,Hybrid (Ridge->GBM) + phys,632,2,31.28,28.169572061189065
Y1,Hybrid (Ridge->GBM) + phys,633,2,32.12,28.22728708044452
Y1,Hybrid (Ridge->GBM) + phys,634,2,32.05,28.12808297261396
Y1,Hybrid (Ridge->GBM) + phys,635,2,31.84,28.153551522036302
Y1,Hybrid (Ridge->GBM) + phys,680,2,32.38,28.37957380264553
Y1,Hybrid (Ridge->GBM) + phys,681,2,31.66,28.437288821900985
Y1,Hybrid (Ridge->GBM) + phys,682,2,32.15,28.338084714070433
Y1,Hybrid (Ridge->GBM) + phys,683,2,32.75,28.363553263492776
Y1,Hybrid (Ridge->GBM) + phys,728,2,32.31,28.589575544101997
Y1,Hybrid (Ridge->GBM) + phys,729,2,31.81,28.64729056335746
Y1,Hybrid (Ridge->GBM) + phys,730,2,31.12,28.548086455526906
Y1,Hybrid (Ridge->GBM) + phys,731,2,32.06,28.57355500494924
Y1,Hybrid (Ridge->GBM) + phys,12,3,17.05,23.417698634273115
Y1,Hybrid (Ridge->GBM) + phys,13,3,17.41,23.475105566237175
Y1,Hybrid (Ridge->GBM) + phys,14,3,16.95,23.375439327469522
Y1,Hybrid (Ridge->GBM) + phys,15,3,15.98,23.399829571371964
Y1,Hybrid (Ridge->GBM) + phys,60,3,23.53,30.696153210913472
Y1,Hybrid (Ridge->GBM) + phys,61,3,24.03,30.75356014287753
Y1,Hybrid (Ridge->GBM) + phys,62,3,23.54,30.653893904109875
Y1,Hybrid (Ridge->GBM) + phys,63,3,22.58,30.678284148012317
Y1,Hybrid (Ridge->GBM) + phys,108,3,23.75,30.819880575717967
Y1,Hybrid (Ridge->GBM) + phys,109,3,24.23,30.87728750768202
Y1,Hybrid (Ridge->GBM) + phys,110,3,23.67,30.77762126891437
Y1,Hybrid (Ridge->GBM) + phys,111,3,22.79,30.80201151281681
Y1,Hybrid (Ridge->GBM) + phys,156,3,22.93,30.653223603892297
Y1,Hybrid (Ridge->GBM) + phys,157,3,23.84,30.71063053585635
Y1,Hybrid (Ridge->GBM) + phys,158,3,24.17,30.610964297088703
Y1,Hybrid (Ridge->GBM) + phys,159,3,23.87,30.65091277671975
Y1,Hybrid (Ridge->GBM) + phys,204,3,23.8,30.86852401928972
Y1,Hybrid (Ridge->GBM) + phys,205,3,22.8,30.925930951253775
Y1,Hybrid (Ridge->GBM) + phys,206,3,23.59,30.826264712486125
Y1,Hybrid (Ridge->GBM) + phys,207,3,24.24,30.866213192117172
Y1,Hybrid (Ridge->GBM) + phys,252,3,24.37,30.931758798496872
Y1,Hybrid (Ridge->GBM) + phys,253,3,23.89,30.98916573046093
Y1,Hybrid (Ridge->GBM) + phys,254,3,22.89,30.852051561517058
Y1,Hybrid (Ridge->GBM) + phys,255,3,23.86,30.929447971324322
Y1,Hybrid (Ridge->GBM) + phys,300,3,26.84,33.59811929932278
Y1,Hybrid (Ridge->GBM) + phys,301,3,27.27,33.65552623128684
Y1,Hybrid (Ridge->GBM) + phys,302,3,26.97,33.55585999251919
Y1,Hybrid (Ridge->GBM) + phys,303,3,26.19,33.58025023642163
Y1,Hybrid (Ridge->GBM) + phys,348,3,25.74,33.72184666412727
Y1,Hybrid (Ridge->GBM) + phys,349,3,25.98,33.77925359609133
Y1,Hybrid (Ridge->GBM) + phys,350,3,25.38,33.67958735732368
Y1,Hybrid (Ridge->GBM) + phys,351,3,24.94,33.70397760122612
Y1,Hybrid (Ridge->GBM) + phys,396,3,24.7,33.555189692301596
Y1,Hybrid (Ridge->GBM) + phys,397,3,25.48,33.612596624265656
Y1,Hybrid (Ridge->GBM) + phys,398,3,25.37,33.51293038549801
Y1,Hybrid (Ridge->GBM) + phys,399,3,25.17,33.55287886512906
Y1,Hybrid (Ridge->GBM) + phys,444,3,25.66,33.770490107699025
Y1,Hybrid (Ridge->GBM) + phys,445,3,24.96,33.827897039663085
Y1,Hybrid (Ridge->GBM) + phys,446,3,25.43,33.72823080089543
Y1,Hybrid (Ridge->GBM) + phys,447,3,26.0,33.76817928052648
Y1,Hybrid (Ridge->GBM) + phys,492,3,25.7,33.734505261060185
Y1,Hybrid (Ridge->GBM) + phys,493,3,25.17,33.791912193024245
Y1,Hybrid (Ridge->GBM) + phys,494,3,24.6,33.65479802408038
Y1,Hybrid (Ridge->GBM) + phys,495,3,25.49,33.73219443388764
Y1,Hybrid (Ridge->GBM) + phys,540,3,29.22,36.054463153504116
Y1,Hybrid (Ridge->GBM) + phys,541,3,29.91,36.111870085468176
Y1,Hybrid (Ridge->GBM) + phys,542,3,29.53,36.01220384670052
Y1,Hybrid (Ridge->GBM) + phys,543,3,28.65,36.03659409060296
Y1,Hybrid (Ridge->GBM) + phys,588,3,28.95,36.16096854104445
Y1,Hybrid (Ridge->GBM) + phys,589,3,29.49,36.21837547300851
Y1,Hybrid (Ridge->GBM) + phys,590,3,28.64,36.11870923424085
Y1,Hybrid (Ridge->GBM) + phys,591,3,28.01,36.14309947814329
Y1,Hybrid (Ridge->GBM) + phys,636,3,28.67,35.77002541270628
Y1,Hybrid (Ridge->GBM) + phys,637,3,29.67,35.82743234467034
Y1,Hybrid (Ridge->GBM) + phys,638,3,29.47,35.72776610590269
Y1,Hybrid (Ridge->GBM) + phys,639,3,28.91,35.76771458553374
Y1,Hybrid (Ridge->GBM) + phys,684,3,28.93,35.98532582810371
Y1,Hybrid (Ridge->GBM) + phys,685,3,28.05,36.042732760067764
Y1,Hybrid (Ridge->GBM) + phys,686,3,28.64,35.94306652130011
Y1,Hybrid (Ridge->GBM) + phys,687,3,29.52,35.98301500093116
Y1,Hybrid (Ridge->GBM) + phys,732,3,30.0,35.77547589479769
Y1,Hybrid (Ridge->GBM) + phys,733,3,29.5,35.83288282676174
Y1,Hybrid (Ridge->GBM) + phys,734,3,29.06,35.69576865781787
Y1,Hybrid (Ridge->GBM) + phys,735,3,29.92,35.77316506762514
Y1,Hybrid (Ridge->GBM) + phys,16,4,28.52,19.277348440740134
Y1,Hybrid (Ridge->GBM) + phys,17,4,29.9,19.319288005040903
Y1,Hybrid (Ridge->GBM) + phys,18,4,29.63,19.19172651523064
Y1,Hybrid (Ridge->GBM) + phys,19,4,28.75,19.22961829316459
Y1,Hybrid (Ridge->GBM) + phys,64,4,35.56,25.78396668738491
Y1,Hybrid (Ridge->GBM) + phys,65,4,37.12,25.825906251685684
Y1,Hybrid (Ridge->GBM) + phys,66,4,36.9,25.698344761875422
Y1,Hybrid (Ridge->GBM) + phys,67,4,35.94,25.736236539809372
Y1,Hybrid (Ridge->GBM) + phys,112,4,35.65,25.888274500564943
Y1,Hybrid (Ridge->GBM) + phys,113,4,37.26,25.930214064865716
Y1,Hybrid (Ridge->GBM) + phys,114,4,36.97,25.802652575055454
Y1,Hybrid (Ridge->GBM) + phys,115,4,36.03,25.840544352989404
Y1,Hybrid (Ridge->GBM) + phys,160,4,35.78,25.822921952493093
Y1,Hybrid (Ridge->GBM) + phys,161,4,35.48,25.864861516793862
Y1,Hybrid (Ridge->GBM) + phys,162,4,36.97,25.737300026983604
Y1,Hybrid (Ridge->GBM) + phys,163,4,36.7,25.784343544415222
Y1,Hybrid (Ridge->GBM) + phys,208,4,36.86,26.02514599512516
Y1,Hybrid (Ridge->GBM) + phys,209,4,35.89,26.06708555942593
Y1,Hybrid (Ridge->GBM) + phys,210,4,35.45,25.939524069615672
Y1,Hybrid (Ridge->GBM) + phys,211,4,37.1,25.98656758704729
Y1,Hybrid (Ridge->GBM) + phys,256,4,37.03,26.112865555975674
Y1,Hybrid (Ridge->GBM) + phys,257,4,36.71,26.154805120276446
Y1,Hybrid (Ridge->GBM) + phys,258,4,36.77,25.971516609535236
Y1,Hybrid (Ridge->GBM) + phys,259,4,35.48,26.074287147897806
Y1,Hybrid (Ridge->GBM) + phys,304,4,38.67,28.862356442727197
Y1,Hybrid (Ridge->GBM) + phys,305,4,40.03,28.90429600702797
Y1,Hybrid (Ridge->GBM) + phys,306,4,39.86,28.776734517217708
Y1,Hybrid (Ridge->GBM) + phys,307,4,39.04,28.81462629515166
Y1,Hybrid (Ridge->GBM) + phys,352,4,38.57,28.867621146505712
Y1,Hybrid (Ridge->GBM) + phys,353,4,40.19,28.909560710806485
Y1,Hybrid (Ridge->GBM) + phys,354,4,39.97,28.781999220996227
Y1,Hybrid (Ridge->GBM) + phys,355,4,38.98,28.819890998930177
Y1,Hybrid (Ridge->GBM) + phys,400,4,39.04,28.588129380118765
Y1,Hybrid (Ridge->GBM) + phys,401,4,38.35,28.630068944419538
Y1,Hybrid (Ridge->GBM) + phys,402,4,39.81,28.502507454609276
Y1,Hybrid (Ridge->GBM) + phys,403,4,39.83,28.549550972040898
Y1,Hybrid (Ridge->GBM) + phys,448,4,40.0,28.790353422750833
Y1,Hybrid (Ridge->GBM) + phys,449,4,38.84,28.832292987051606
Y1,Hybrid (Ridge->GBM) + phys,450,4,38.33,28.704731497241344
Y1,Hybrid (Ridge->GBM) + phys,451,4,40.12,28.75177501467297
Y1,Hybrid (Ridge->GBM) + phys,496,4,39.89,28.66129076388974
Y1,Hybrid (Ridge->GBM) + phys,497,4,39.83,28.70323032819051
Y1,Hybrid (Ridge->GBM) + phys,498,4,39.01,28.519941817449304
Y1,Hybrid (Ridge->GBM) + phys,499,4,38.65,28.622712355811878
Y1,Hybrid (Ridge->GBM) + phys,544,4,41.4,31.675914930946604
Y1,Hybrid (Ridge->GBM) + phys,545,4,42.62,31.717854495247373
Y1,Hybrid (Ridge->GBM) + phys,546,4,42.5,31.59029300543712
Y1,Hybrid (Ridge->GBM) + phys,547,4,41.67,31.62818478337106
Y1,Hybrid (Ridge->GBM) + phys,592,4,41.64,31.681179634725122
Y1,Hybrid (Ridge->GBM) + phys,593,4,43.1,31.72311919902589
Y1,Hybrid (Ridge->GBM) + phys,594,4,42.74,31.595557709215637
Y1,Hybrid (Ridge->GBM) + phys,595,4,41.92,31.633449487149587
Y1,Hybrid (Ridge->GBM) + phys,640,4,41.26,31.40168786833817
Y1,Hybrid (Ridge->GBM) + phys,641,4,41.3,31.443627432638944
Y1,Hybrid (Ridge->GBM) + phys,642,4,42.49,31.316065942828683
Y1,Hybrid (Ridge->GBM) + phys,643,4,42.08,31.363109460260308
Y1,Hybrid (Ridge->GBM) + phys,688,4,42.77,31.603911910970236
Y1,Hybrid (Ridge->GBM) + phys,689,4,41.73,31.645851475271012
Y1,Hybrid (Ridge->GBM) + phys,690,4,41.32,31.51828998546075
Y1,Hybrid (Ridge->GBM) + phys,691,4,42.96,31.565333502892376
Y1,Hybrid (Ridge->GBM) + phys,736,4,42.11,31.474849252109145
Y1,Hybrid (Ridge->GBM) + phys,737,4,41.96,31.51678881640992
Y1,Hybrid (Ridge->GBM) + phys,738,4,41.09,31.333500305668707
Y1,Hybrid (Ridge->GBM) + phys,739,4,40.79,31.43627084403128
Y1,Hybrid (Ridge->GBM) + phys,20,5,24.77,28.50433413814185
Y1,Hybrid (Ridge->GBM) + phys,21,5,23.93,28.582639658039152
Y1,Hybrid (Ridge->GBM) + phys,22,5,24.77,28.455450954573173
Y1,Hybrid (Ridge->GBM) + phys,23,5,23.93,28.475014497577025
Y1,Hybrid (Ridge->GBM) + phys,68,5,32.96,31.88003361174776
Y1,Hybrid (Ridge->GBM) + phys,69,5,32.12,31.958339131645065
Y1,Hybrid (Ridge->GBM) + phys,70,5,32.94,31.831150428179082
Y1,Hybrid (Ridge->GBM) + phys,71,5,32.21,31.850713971182934
Y1,Hybrid (Ridge->GBM) + phys,116,5,33.16,32.085382775432734
Y1,Hybrid (Ridge->GBM) + phys,117,5,32.4,32.16368829533004
Y1,Hybrid (Ridge->GBM) + phys,118,5,33.12,32.03649959186406
Y1,Hybrid (Ridge->GBM) + phys,119,5,32.41,32.056063134867905
Y1,Hybrid (Ridge->GBM) + phys,164,5,32.52,32.29073193911771
Y1,Hybrid (Ridge->GBM) + phys,165,5,33.28,32.36903745901501
Y1,Hybrid (Ridge->GBM) + phys,166,5,32.33,32.24184875554903
Y1,Hybrid (Ridge->GBM) + phys,167,5,33.24,32.261412298552884
Y1,Hybrid (Ridge->GBM) + phys,212,5,33.08,32.496081102802684
Y1,Hybrid (Ridge->GBM) + phys,213,5,32.38,32.57438662269999
Y1,Hybrid (Ridge->GBM) + phys,214,5,33.09,32.44719791923401
Y1,Hybrid (Ridge->GBM) + phys,215,5,32.31,32.46676146223786
Y1,Hybrid (Ridge->GBM) + phys,260,5,32.31,32.70143026648766
Y1,Hybrid (Ridge->GBM) + phys,261,5,33.21,32.77973578638497
Y1,Hybrid (Ridge->GBM) + phys,262,5,32.46,32.652547082918986
Y1,Hybrid (Ridge->GBM) + phys,263,5,33.27,32.67211062592284
Y1,Hybrid (Ridge->GBM) + phys,308,5,36.96,35.18810910408552
Y1,Hybrid (Ridge->GBM) + phys,309,5,36.13,35.266414623982826
Y1,Hybrid (Ridge->GBM) + phys,310,5,36.91,35.13922592051684
Y1,Hybrid (Ridge->GBM) + phys,311,5,36.43,35.1587894635207
Y1,Hybrid (Ridge->GBM) + phys,356,5,36.95,35.3934582677705
Y1,Hybrid (Ridge->GBM) + phys,357,5,36.28,35.4717637876678
Y1,Hybrid (Ridge->GBM) + phys,358,5,36.86,35.34457508420182
Y1,Hybrid (Ridge->GBM) + phys,359,5,36.45,35.364138627205676
Y1,Hybrid (Ridge->GBM) + phys,404,5,35.99,35.59880743145548
Y1,Hybrid (Ridge->GBM) + phys,405,5,36.59,35.677112951352775
Y1,Hybrid (Ridge->GBM) + phys,406,5,35.64,35.54992424788679
Y1,Hybrid (Ridge->GBM) + phys,407,5,36.52,35.56948779089065
Y1,Hybrid (Ridge->GBM) + phys,452,5,36.95,35.80415659514045
Y1,Hybrid (Ridge->GBM) + phys,453,5,36.45,35.882462115037754
Y1,Hybrid (Ridge->GBM) + phys,454,5,36.81,35.75527341157177
Y1,Hybrid (Ridge->GBM) + phys,455,5,36.26,35.774836954575626
Y1,Hybrid (Ridge->GBM) + phys,500,5,35.69,36.009505758825426
Y1,Hybrid (Ridge->GBM) + phys,501,5,36.64,36.08781127872273
Y1,Hybrid (Ridge->GBM) + phys,502,5,36.06,35.96062257525675
Y1,Hybrid (Ridge->GBM) + phys,503,5,36.7,35.980186118260605
Y1,Hybrid (Ridge->GBM) + phys,548,5,40.78,37.70779112967053
Y1,Hybrid (Ridge->GBM) + phys,549,5,39.97,37.78609664956784
Y1,Hybrid (Ridge->GBM) + phys,550,5,40.71,37.658907946101856
Y1,Hybrid (Ridge->GBM) + phys,551,5,40.43,37.67847148910571
Y1,Hybrid (Ridge->GBM) + phys,596,5,40.78,37.91314029335551
Y1,Hybrid (Ridge->GBM) + phys,597,5,40.15,37.99144581325282
Y1,Hybrid (Ridge->GBM) + phys,598,5,40.57,37.864257109786834
Y1,Hybrid (Ridge->GBM) + phys,599,5,40.42,37.88382065279069
Y1,Hybrid (Ridge->GBM) + phys,644,5,39.32,38.11848945704048
Y1,Hybrid (Ridge->GBM) + phys,645,5,39.84,38.196794976937795
Y1,Hybrid (Ridge->GBM) + phys,646,5,38.89,38.069606273471805
Y1,Hybrid (Ridge->GBM) + phys,647,5,39.68,38.08916981647566
Y1,Hybrid (Ridge->GBM) + phys,692,5,40.68,38.32383862072546
Y1,Hybrid (Ridge->GBM) + phys,693,5,40.4,38.40214414062277
Y1,Hybrid (Ridge->GBM) + phys,694,5,40.6,38.274955437156784
Y1,Hybrid (Ridge->GBM) + phys,695,5,40.11,38.29451898016064
Y1,Hybrid (Ridge->GBM) + phys,740,5,38.82,38.52918778441044
Y1,Hybrid (Ridge->GBM) + phys,741,5,39.72,38.607493304307745
Y1,Hybrid (Ridge->GBM) + phys,742,5,39.31,38.48030460084176
Y1,Hybrid (Ridge->GBM) + phys,743,5,39.86,38.49986814384562
Y1,Hybrid (Ridge->GBM) + phys,24,6,6.07,2.380035622994031
Y1,Hybrid (Ridge->GBM) + phys,25,6,6.05,2.446479782172462
Y1,Hybrid (Ridge->GBM) + phys,26,6,6.01,2.3356710530325397
Y1,Hybrid (Ridge->GBM) + phys,27,6,6.04,2.344502888719317
Y1,Hybrid (Ridge->GBM) + phys,72,6,10.36,6.74701037337789
Y1,Hybrid (Ridge->GBM) + phys,73,6,10.43,6.8134545325563245
Y1,Hybrid (Ridge->GBM) + phys,74,6,10.36,6.7026458034164005
Y1,Hybrid (Ridge->GBM) + phys,75,6,10.39,6.711477639103181
Y1,Hybrid (Ridge->GBM) + phys,120,6,10.42,6.971430660627906
Y1,Hybrid (Ridge->GBM) + phys,121,6,10.46,7.0378748198063406
Y1,Hybrid (Ridge->GBM) + phys,122,6,10.32,6.9270660906664165
Y1,Hybrid (Ridge->GBM) + phys,123,6,10.45,6.9358979263531975
Y1,Hybrid (Ridge->GBM) + phys,168,6,10.39,7.195850947877922
Y1,Hybrid (Ridge->GBM) + phys,169,6,10.34,7.262295107056357
Y1,Hybrid (Ridge->GBM) + phys,170,6,10.35,7.151486377916434
Y1,Hybrid (Ridge->GBM) + phys,171,6,10.38,7.1603182136032135
Y1,Hybrid (Ridge->GBM) + phys,216,6,10.08,7.420271235127942
Y1,Hybrid (Ridge->GBM) + phys,217,6,10.15,7.486715394306373
Y1,Hybrid (Ridge->GBM) + phys,218,6,10.07,7.375906665166452
Y1,Hybrid (Ridge->GBM) + phys,219,6,10.14,7.384738500853233
Y1,Hybrid (Ridge->GBM) + phys,264,6,10.47,7.644691522377958
Y1,Hybrid (Ridge->GBM) + phys,265,6,10.37,7.711135681556392
Y1,Hybrid (Ridge->GBM) + phys,266,6,10.34,7.600326952416468
Y1,Hybrid (Ridge->GBM) + phys,267,6,10.39,7.609158788103249
Y1,Hybrid (Ridge->GBM) + phys,312,6,12.43,8.924371470404838
Y1,Hybrid (Ridge->GBM) + phys,313,6,12.5,8.99081562958327
Y1,Hybrid (Ridge->GBM) + phys,314,6,12.41,8.880006900443348
Y1,Hybrid (Ridge->GBM) + phys,315,6,12.45,8.888838736130129
Y1,Hybrid (Ridge->GBM) + phys,360,6,12.35,9.148791757654854
Y1,Hybrid (Ridge->GBM) + phys,361,6,12.45,9.215235916833288
Y1,Hybrid (Ridge->GBM) + phys,362,6,12.16,9.104427187693364
Y1,Hybrid (Ridge->GBM) + phys,363,6,12.3,9.113259023380145
Y1,Hybrid (Ridge->GBM) + phys,408,6,11.8,9.373212044904871
Y1,Hybrid (Ridge->GBM) + phys,409,6,12.03,9.439656204083304
Y1,Hybrid (Ridge->GBM) + phys,410,6,11.98,9.328847474943384
Y1,Hybrid (Ridge->GBM) + phys,411,6,11.69,9.337679310630163
Y1,Hybrid (Ridge->GBM) + phys,456,6,12.32,9.597632332154888
Y1,Hybrid (Ridge->GBM) + phys,457,6,12.3,9.664076491333322
Y1,Hybrid (Ridge->GBM) + phys,458,6,12.18,9.5532677621934
Y1,Hybrid (Ridge->GBM) + phys,459,6,12.43,9.562099597880179
Y1,Hybrid (Ridge->GBM) + phys,504,6,12.12,9.822052619404905
Y1,Hybrid (Ridge->GBM) + phys,505,6,11.67,9.888496778583338
Y1,Hybrid (Ridge->GBM) + phys,506,6,11.64,9.777688049443416
Y1,Hybrid (Ridge->GBM) + phys,507,6,12.02,9.786519885130197
Y1,Hybrid (Ridge->GBM) + phys,552,6,14.52,11.282455244593866
Y1,Hybrid (Ridge->GBM) + phys,553,6,14.61,11.3488994037723
Y1,Hybrid (Ridge->GBM) + phys,554,6,14.5,11.238090674632378
Y1,Hybrid (Ridge->GBM) + phys,555,6,14.55,11.246922510319157
Y1,Hybrid (Ridge->GBM) + phys,600,6,14.54,11.506875531843884
Y1,Hybrid (Ridge->GBM) + phys,601,6,14.45,11.573319691022316
Y1,Hybrid (Ridge->GBM) + phys,602,6,14.18,11.462510961882394
Y1,Hybrid (Ridge->GBM) + phys,603,6,14.5,11.471342797569175
Y1,Hybrid (Ridge->GBM) + phys,648,6,13.97,11.7312958190939
Y1,Hybrid (Ridge->GBM) + phys,649,6,14.22,11.797739978272334
Y1,Hybrid (Ridge->GBM) + phys,650,6,14.1,11.686931249132412
Y1,Hybrid (Ridge->GBM) + phys,651,6,13.78,11.695763084819191
Y1,Hybrid (Ridge->GBM) + phys,696,6,14.37,11.955716106343917
Y1,Hybrid (Ridge->GBM) + phys,697,6,14.48,12.02216026552235
Y1,Hybrid (Ridge->GBM) + phys,698,6,14.32,11.911351536382428
Y1,Hybrid (Ridge->GBM) + phys,699,6,14.44,11.920183372069209
Y1,Hybrid (Ridge->GBM) + phys,744,6,14.41,12.180136393593934
Y1,Hybrid (Ridge->GBM) + phys,745,6,14.19,12.246580552772368
Y1,Hybrid (Ridge->GBM) + phys,746,6,14.17,12.135771823632446
Y1,Hybrid (Ridge->GBM) + phys,747,6,14.39,12.144603659319225
Y1,Hybrid (Ridge->GBM) + phys,28,7,6.37,6.943264242805452
Y1,Hybrid (Ridge->GBM) + phys,29,7,6.4,7.014662696775939
Y1,Hybrid (Ridge->GBM) + phys,30,7,6.37,6.893510202046492
Y1,Hybrid (Ridge->GBM) + phys,31,7,6.4,6.8867638914351135
Y1,Hybrid (Ridge->GBM) + phys,76,7,10.71,10.68576803358868
Y1,Hybrid (Ridge->GBM) + phys,77,7,10.8,10.757166487559164
Y1,Hybrid (Ridge->GBM) + phys,78,7,10.7,10.636013992829719
Y1,Hybrid (Ridge->GBM) + phys,79,7,10.75,10.62926768221834
Y1,Hybrid (Ridge->GBM) + phys,124,7,10.64,10.903642632005283
Y1,Hybrid (Ridge->GBM) + phys,125,7,10.72,10.975041085975766
Y1,Hybrid (Ridge->GBM) + phys,126,7,10.55,10.85388859124632
Y1,Hybrid (Ridge->GBM) + phys,127,7,10.68,10.847142280634941
Y1,Hybrid (Ridge->GBM) + phys,172,7,10.77,11.121517230421885
Y1,Hybrid (Ridge->GBM) + phys,173,7,10.68,11.192915684392368
Y1,Hybrid (Ridge->GBM) + phys,174,7,10.68,11.071763189662924
Y1,Hybrid (Ridge->GBM) + phys,175,7,10.7,11.065016879051544
Y1,Hybrid (Ridge->GBM) + phys,220,7,10.66,11.339391828838487
Y1,Hybrid (Ridge->GBM) + phys,221,7,10.68,11.41079028280897
Y1,Hybrid (Ridge->GBM) + phys,222,7,10.53,11.289637788079524
Y1,Hybrid (Ridge->GBM) + phys,223,7,10.72,11.282891477468144
Y1,Hybrid (Ridge->GBM) + phys,268,7,10.78,11.557266427255088
Y1,Hybrid (Ridge->GBM) + phys,269,7,10.7,11.628664881225571
Y1,Hybrid (Ridge->GBM) + phys,270,7,10.67,11.507512386496128
Y1,Hybrid (Ridge->GBM) + phys,271,7,13.69,11.500766075884748
Y1,Hybrid (Ridge->GBM) + phys,316,7,12.57,12.788649739430916
Y1,Hybrid (Ridge->GBM) + phys,317,7,12.65,12.8600481934014
Y1,Hybrid (Ridge->GBM) + phys,318,7,12.57,12.738895698671955
Y1,Hybrid (Ridge->GBM) + phys,319,7,12.63,12.732149388060575
Y1,Hybrid (Ridge->GBM) + phys,364,7,12.33,13.006524337847518
Y1,Hybrid (Ridge->GBM) + phys,365,7,12.29,13.077922791818002
Y1,Hybrid (Ridge->GBM) + phys,366,7,12.2,12.956770297088559
Y1,Hybrid (Ridge->GBM) + phys,367,7,12.49,12.950023986477179
Y1,Hybrid (Ridge->GBM) + phys,412,7,12.41,13.224398936264121
Y1,Hybrid (Ridge->GBM) + phys,413,7,12.28,13.295797390234606
Y1,Hybrid (Ridge->GBM) + phys,414,7,12.1,13.174644895505162
Y1,Hybrid (Ridge->GBM) + phys,415,7,12.19,13.167898584893782
Y1,Hybrid (Ridge->GBM) + phys,460,7,12.36,13.442273534680721
Y1,Hybrid (Ridge->GBM) + phys,461,7,12.49,13.513671988651206
Y1,Hybrid (Ridge->GBM) + phys,462,7,12.17,13.392519493921762
Y1,Hybrid (Ridge->GBM) + phys,463,7,12.28,13.385773183310382
Y1,Hybrid (Ridge->GBM) + phys,508,7,12.27,13.660148133097325
Y1,Hybrid (Ridge->GBM) + phys,509,7,12.19,13.73154658706781
Y1,Hybrid (Ridge->GBM) + phys,510,7,12.25,13.610394092338366
Y1,Hybrid (Ridge->GBM) + phys,511,7,12.27,13.603647781726986
Y1,Hybrid (Ridge->GBM) + phys,556,7,14.51,15.09060835641915
Y1,Hybrid (Ridge->GBM) + phys,557,7,14.6,15.162006810389636
Y1,Hybrid (Ridge->GBM) + phys,558,7,14.5,15.04085431566019
Y1,Hybrid (Ridge->GBM) + phys,559,7,14.58,15.034108005048811
Y1,Hybrid (Ridge->GBM) + phys,604,7,14.7,15.308482954835751
Y1,Hybrid (Ridge->GBM) + phys,605,7,14.66,15.379881408806238
Y1,Hybrid (Ridge->GBM) + phys,606,7,14.4,15.258728914076793
Y1,Hybrid (Ridge->GBM) + phys,607,7,14.71,15.251982603465413
Y1,Hybrid (Ridge->GBM) + phys,652,7,14.07,15.526357553252355
Y1,Hybrid (Ridge->GBM) + phys,653,7,14.03,15.59775600722284
Y1,Hybrid (Ridge->GBM) + phys,654,7,13.94,15.476603512493396
Y1,Hybrid (Ridge->GBM) + phys,655,7,13.86,15.469857201882016
Y1,Hybrid (Ridge->GBM) + phys,700,7,14.6,15.744232151668957
Y1,Hybrid (Ridge->GBM) + phys,701,7,14.7,15.815630605639441
Y1,Hybrid (Ridge->GBM) + phys,702,7,14.47,15.694478110909998
Y1,Hybrid (Ridge->GBM) + phys,703,7,14.66,15.687731800298618
Y1,Hybrid (Ridge->GBM) + phys,748,7,12.43,15.962106750085558
Y1,Hybrid (Ridge->GBM) + phys,749,7,12.63,16.03350520405604
Y1,Hybrid (Ridge->GBM) + phys,750,7,12.76,15.9123527093266
Y1,Hybrid (Ridge->GBM) + phys,751,7,12.42,15.90560639871522
Y1,Hybrid (Ridge->GBM) + phys,32,8,6.85,6.335587907391215
Y1,Hybrid (Ridge->GBM) + phys,33,8,6.79,6.406030634025086
Y1,Hybrid (Ridge->GBM) + phys,34,8,6.77,6.287126909499436
Y1,Hybrid (Ridge->GBM) + phys,35,8,6.81,6.2978647872225615
Y1,Hybrid (Ridge->GBM) + phys,80,8,11.11,10.03996106503303
Y1,Hybrid (Ridge->GBM) + phys,81,8,11.13,10.1104037916669
Y1,Hybrid (Ridge->GBM) + phys,82,8,11.09,9.991500067141251
Y1,Hybrid (Ridge->GBM) + phys,83,8,11.16,10.002237944864376
Y1,Hybrid (Ridge->GBM) + phys,128,8,11.45,10.254585711865873
Y1,Hybrid (Ridge->GBM) + phys,129,8,11.46,10.325028438499745
Y1,Hybrid (Ridge->GBM) + phys,130,8,11.32,10.206124713974095
Y1,Hybrid (Ridge->GBM) + phys,131,8,11.49,10.21686259169722
Y1,Hybrid (Ridge->GBM) + phys,176,8,11.22,10.469210358698719
Y1,Hybrid (Ridge->GBM) + phys,177,8,11.16,10.53965308533259
Y1,Hybrid (Ridge->GBM) + phys,178,8,11.1,10.42074936080694
Y1,Hybrid (Ridge->GBM) + phys,179,8,11.14,10.431487238530066
Y1,Hybrid (Ridge->GBM) + phys,224,8,11.18,10.683835005531563
Y1,Hybrid (Ridge->GBM) + phys,225,8,11.22,10.754277732165434
Y1,Hybrid (Ridge->GBM) + phys,226,8,11.07,10.635374007639784
Y1,Hybrid (Ridge->GBM) + phys,227,8,11.2,10.64611188536291
Y1,Hybrid (Ridge->GBM) + phys,272,8,11.21,10.898459652364409
Y1,Hybrid (Ridge->GBM) + phys,273,8,11.14,10.96890237899828
Y1,Hybrid (Ridge->GBM) + phys,274,8,11.11,10.849998654472628
Y1,Hybrid (Ridge->GBM) + phys,275,8,11.16,10.860736532195753
Y1,Hybrid (Ridge->GBM) + phys,320,8,12.78,12.082131448640775
Y1,Hybrid (Ridge->GBM) + phys,321,8,12.93,12.152574175274646
Y1,Hybrid (Ridge->GBM) + phys,322,8,12.73,12.033670450748996
Y1,Hybrid (Ridge->GBM) + phys,323,8,12.72,12.044408328472121
Y1,Hybrid (Ridge->GBM) + phys,368,8,12.85,12.29675609547362
Y1,Hybrid (Ridge->GBM) + phys,369,8,12.87,12.367198822107492
Y1,Hybrid (Ridge->GBM) + phys,370,8,12.73,12.248295097581842
Y1,Hybrid (Ridge->GBM) + phys,371,8,12.95,12.259032975304967
Y1,Hybrid (Ridge->GBM) + phys,416,8,12.34,12.511380742306462
Y1,Hybrid (Ridge->GBM) + phys,417,8,12.46,12.581823468940335
Y1,Hybrid (Ridge->GBM) + phys,418,8,12.31,12.462919744414686
Y1,Hybrid (Ridge->GBM) + phys,419,8,12.12,12.47365762213781
Y1,Hybrid (Ridge->GBM) + phys,464,8,12.91,12.726005389139308
Y1,Hybrid (Ridge->GBM) + phys,465,8,12.95,12.79644811577318
Y1,Hybrid (Ridge->GBM) + phys,466,8,12.67,12.677544391247531
Y1,Hybrid (Ridge->GBM) + phys,467,8,12.86,12.688282268970656
Y1,Hybrid (Ridge->GBM) + phys,512,8,12.47,12.940630035972154
Y1,Hybrid (Ridge->GBM) + phys,513,8,12.12,13.011072762606025
Y1,Hybrid (Ridge->GBM) + phys,514,8,12.18,12.892169038080375
Y1,Hybrid (Ridge->GBM) + phys,515,8,12.47,12.9029069158035
Y1,Hybrid (Ridge->GBM) + phys,560,8,14.51,14.447256207533721
Y1,Hybrid (Ridge->GBM) + phys,561,8,14.7,14.517698934167592
Y1,Hybrid (Ridge->GBM) + phys,562,8,14.42,14.398795209641943
Y1,Hybrid (Ridge->GBM) + phys,563,8,14.42,14.409533087365068
Y1,Hybrid (Ridge->GBM) + phys,608,8,14.75,14.661880854366565
Y1,Hybrid (Ridge->GBM) + phys,609,8,14.71,14.732323581000436
Y1,Hybrid (Ridge->GBM) + phys,610,8,14.33,14.613419856474785
Y1,Hybrid (Ridge->GBM) + phys,611,8,14.62,14.624157734197912
Y1,Hybrid (Ridge->GBM) + phys,656,8,14.32,14.876505501199409
Y1,Hybrid (Ridge->GBM) + phys,657,8,14.56,14.946948227833282
Y1,Hybrid (Ridge->GBM) + phys,658,8,14.33,14.82804450330763
Y1,Hybrid (Ridge->GBM) + phys,659,8,14.08,14.838782381030757
Y1,Hybrid (Ridge->GBM) + phys,704,8,14.54,15.091130148032253
Y1,Hybrid (Ridge->GBM) + phys,705,8,14.62,15.161572874666124
Y1,Hybrid (Ridge->GBM) + phys,706,8,14.53,15.042669150140476
Y1,Hybrid (Ridge->GBM) + phys,707,8,14.71,15.053407027863601
Y1,Hybrid (Ridge->GBM) + phys,752,8,14.12,15.305754794865098
Y1,Hybrid (Ridge->GBM) + phys,753,8,14.28,15.37619752149897
Y1,Hybrid (Ridge->GBM) + phys,754,8,14.37,15.257293796973322
Y1,Hybrid (Ridge->GBM) + phys,755,8,14.21,15.268031674696447
Y1,Hybrid (Ridge->GBM) + phys,36,9,7.18,7.943997748052627
Y1,Hybrid (Ridge->GBM) + phys,37,9,7.1,8.019443988389941
Y1,Hybrid (Ridge->GBM) + phys,38,9,7.1,7.899415878762394
Y1,Hybrid (Ridge->GBM) + phys,39,9,7.1,7.9055999968228345
Y1,Hybrid (Ridge->GBM) + phys,84,9,11.68,11.648386669720047
Y1,Hybrid (Ridge->GBM) + phys,85,9,11.69,11.72383291005736
Y1,Hybrid (Ridge->GBM) + phys,86,9,11.7,11.603804800429813
Y1,Hybrid (Ridge->GBM) + phys,87,9,11.69,11.609988918490254
Y1,Hybrid (Ridge->GBM) + phys,132,9,11.45,11.864512166421399
Y1,Hybrid (Ridge->GBM) + phys,133,9,11.42,11.939958406758713
Y1,Hybrid (Ridge->GBM) + phys,134,9,11.33,11.819930297131165
Y1,Hybrid (Ridge->GBM) + phys,135,9,11.43,11.826114415191606
Y1,Hybrid (Ridge->GBM) + phys,180,9,11.59,12.080637663122753
Y1,Hybrid (Ridge->GBM) + phys,181,9,11.6,12.156083903460067
Y1,Hybrid (Ridge->GBM) + phys,182,9,11.53,12.036055793832519
Y1,Hybrid (Ridge->GBM) + phys,183,9,11.61,12.04223991189296
Y1,Hybrid (Ridge->GBM) + phys,228,9,11.44,12.296763159824106
Y1,Hybrid (Ridge->GBM) + phys,229,9,11.42,12.37220940016142
Y1,Hybrid (Ridge->GBM) + phys,230,9,11.33,12.252181290533873
Y1,Hybrid (Ridge->GBM) + phys,231,9,11.43,12.258365408594313
Y1,Hybrid (Ridge->GBM) + phys,276,9,11.38,12.512888656525458
Y1,Hybrid (Ridge->GBM) + phys,277,9,11.34,12.588334896862772
Y1,Hybrid (Ridge->GBM) + phys,278,9,11.22,12.468306787235225
Y1,Hybrid (Ridge->GBM) + phys,279,9,11.34,12.474490905295665
Y1,Hybrid (Ridge->GBM) + phys,324,9,13.17,13.982863275348286
Y1,Hybrid (Ridge->GBM) + phys,325,9,13.18,14.058309515685602
Y1,Hybrid (Ridge->GBM) + phys,326,9,13.17,13.938281406058055
Y1,Hybrid (Ridge->GBM) + phys,327,9,13.18,13.944465524118495
Y1,Hybrid (Ridge->GBM) + phys,372,9,13.05,14.198988772049638
Y1,Hybrid (Ridge->GBM) + phys,373,9,12.93,14.274435012386956
Y1,Hybrid (Ridge->GBM) + phys,374,9,12.77,14.154406902759408
Y1,Hybrid (Ridge->GBM) + phys,375,9,13.0,14.160591020819847
Y1,Hybrid (Ridge->GBM) + phys,420,9,12.97,14.415114268750992
Y1,Hybrid (Ridge->GBM) + phys,421,9,13.01,14.490560509088308
Y1,Hybrid (Ridge->GBM) + phys,422,9,12.74,14.37053239946076
Y1,Hybrid (Ridge->GBM) + phys,423,9,12.84,14.376716517521201
Y1,Hybrid (Ridge->GBM) + phys,468,9,12.95,14.631239765452346
Y1,Hybrid (Ridge->GBM) + phys,469,9,13.0,14.706686005789662
Y1,Hybrid (Ridge->GBM) + phys,470,9,12.86,14.586657896162114
Y1,Hybrid (Ridge->GBM) + phys,471,9,12.92,14.592842014222555
Y1,Hybrid (Ridge->GBM) + phys,516,9,12.93,14.847365262153698
Y1,Hybrid (Ridge->GBM) + phys,517,9,12.82,14.922811502491014
Y1,Hybrid (Ridge->GBM) + phys,518,9,12.78,14.802783392863466
Y1,Hybrid (Ridge->GBM) + phys,519,9,13.02,14.808967510923907
Y1,Hybrid (Ridge->GBM) + phys,564,9,15.23,16.119520879021923
Y1,Hybrid (Ridge->GBM) + phys,565,9,15.23,16.19496711935924
Y1,Hybrid (Ridge->GBM) + phys,566,9,15.23,16.074939009731693
Y1,Hybrid (Ridge->GBM) + phys,567,9,15.23,16.081123127792132
Y1,Hybrid (Ridge->GBM) + phys,612,9,15.34,16.335646375723275
Y1,Hybrid (Ridge->GBM) + phys,613,9,15.29,16.411092616060593
Y1,Hybrid (Ridge->GBM) + phys,614,9,15.09,16.291064506433045
Y1,Hybrid (Ridge->GBM) + phys,615,9,15.3,16.297248624493488
Y1,Hybrid (Ridge->GBM) + phys,660,9,15.16,16.55177187242463
Y1,Hybrid (Ridge->GBM) + phys,661,9,15.18,16.627218112761945
Y1,Hybrid (Ridge->GBM) + phys,662,9,14.72,16.5071900031344
Y1,Hybrid (Ridge->GBM) + phys,663,9,14.9,16.51337412119484
Y1,Hybrid (Ridge->GBM) + phys,708,9,15.34,16.767897369125983
Y1,Hybrid (Ridge->GBM) + phys,709,9,15.29,16.8433436094633
Y1,Hybrid (Ridge->GBM) + phys,710,9,15.09,16.723315499835753
Y1,Hybrid (Ridge->GBM) + phys,711,9,15.3,16.72949961789619
Y1,Hybrid (Ridge->GBM) + phys,756,9,14.96,16.984022865827338
Y1,Hybrid (Ridge->GBM) + phys,757,9,14.92,17.059469106164652
Y1,Hybrid (Ridge->GBM) + phys,758,9,14.92,16.939440996537105
Y1,Hybrid (Ridge->GBM) + phys,759,9,15.16,16.945625114597544
Y1,Hybrid (Ridge->GBM) + phys,40,10,10.85,7.694904594236855
Y1,Hybrid (Ridge->GBM) + phys,41,10,10.54,7.765610627612979
Y1,Hybrid (Ridge->GBM) + phys,42,10,10.77,7.647305107715674
Y1,Hybrid (Ridge->GBM) + phys,43,10,10.56,7.6635310383960356
Y1,Hybrid (Ridge->GBM) + phys,88,10,15.41,12.185496747015728
Y1,Hybrid (Ridge->GBM) + phys,89,10,15.2,12.25620278039185
Y1,Hybrid (Ridge->GBM) + phys,90,10,15.42,12.137897260494546
Y1,Hybrid (Ridge->GBM) + phys,91,10,15.21,12.154123191174907
Y1,Hybrid (Ridge->GBM) + phys,136,10,15.41,12.413169091483207
Y1,Hybrid (Ridge->GBM) + phys,137,10,15.18,12.48387512485933
Y1,Hybrid (Ridge->GBM) + phys,138,10,15.34,12.365569604962024
Y1,Hybrid (Ridge->GBM) + phys,139,10,15.19,12.381795535642386
Y1,Hybrid (Ridge->GBM) + phys,184,10,15.16,12.640841435950685
Y1,Hybrid (Ridge->GBM) + phys,185,10,15.36,12.711547469326808
Y1,Hybrid (Ridge->GBM) + phys,186,10,15.12,12.593241949429503
Y1,Hybrid (Ridge->GBM) + phys,187,10,15.36,12.609467880109865
Y1,Hybrid (Ridge->GBM) + phys,232,10,15.4,12.868513780418164
Y1,Hybrid (Ridge->GBM) + phys,233,10,15.19,12.939219813794287
Y1,Hybrid (Ridge->GBM) + phys,234,10,15.32,12.820914293896982
Y1,Hybrid (Ridge->GBM) + phys,235,10,15.16,12.837140224577343
Y1,Hybrid (Ridge->GBM) + phys,280,10,15.16,13.096186124885643
Y1,Hybrid (Ridge->GBM) + phys,281,10,15.37,13.166892158261765
Y1,Hybrid (Ridge->GBM) + phys,282,10,15.12,13.04858663836446
Y1,Hybrid (Ridge->GBM) + phys,283,10,15.36,13.064812569044822
Y1,Hybrid (Ridge->GBM) + phys,328,10,17.5,14.845642919735573
Y1,Hybrid (Ridge->GBM) + phys,329,10,17.35,14.916348953111696
Y1,Hybrid (Ridge->GBM) + phys,330,10,17.52,14.798043433214392
Y1,Hybrid (Ridge->GBM) + phys,331,10,17.37,14.814269363894754
Y1,Hybrid (Ridge->GBM) + phys,376,10,17.14,15.073315264203051
Y1,Hybrid (Ridge->GBM) + phys,377,10,16.84,15.144021297579174
Y1,Hybrid (Ridge->GBM) + phys,378,10,17.02,15.025715777681869
Y1,Hybrid (Ridge->GBM) + phys,379,10,17.11,15.041941708362232
Y1,Hybrid (Ridge->GBM) + phys,424,10,16.83,15.30098760867053
Y1,Hybrid (Ridge->GBM) + phys,425,10,16.93,15.371693642046653
Y1,Hybrid (Ridge->GBM) + phys,426,10,16.66,15.253388122149348
Y1,Hybrid (Ridge->GBM) + phys,427,10,16.86,15.269614052829711
Y1,Hybrid (Ridge->GBM) + phys,472,10,16.99,15.528659953138009
Y1,Hybrid (Ridge->GBM) + phys,473,10,16.69,15.599365986514131
Y1,Hybrid (Ridge->GBM) + phys,474,10,16.56,15.481060466616826
Y1,Hybrid (Ridge->GBM) + phys,475,10,16.62,15.49728639729719
Y1,Hybrid (Ridge->GBM) + phys,520,10,16.73,15.756332297605487
Y1,Hybrid (Ridge->GBM) + phys,521,10,16.86,15.82703833098161
Y1,Hybrid (Ridge->GBM) + phys,522,10,16.76,15.708732811084305
Y1,Hybrid (Ridge->GBM) + phys,523,10,16.92,15.724958741764668
Y1,Hybrid (Ridge->GBM) + phys,568,10,19.52,16.99685574188076
Y1,Hybrid (Ridge->GBM) + phys,569,10,19.36,17.067561775256884
Y1,Hybrid (Ridge->GBM) + phys,570,10,19.48,16.94925625535958
Y1,Hybrid (Ridge->GBM) + phys,571,10,19.42,16.965482186039942
Y1,Hybrid (Ridge->GBM) + phys,616,10,19.2,17.22452808634824
Y1,Hybrid (Ridge->GBM) + phys,617,10,18.88,17.295234119724363
Y1,Hybrid (Ridge->GBM) + phys,618,10,18.9,17.176928599827058
Y1,Hybrid (Ridge->GBM) + phys,619,10,19.12,17.19315453050742
Y1,Hybrid (Ridge->GBM) + phys,664,10,18.48,17.45220043081572
Y1,Hybrid (Ridge->GBM) + phys,665,10,18.71,17.52290646419184
Y1,Hybrid (Ridge->GBM) + phys,666,10,18.48,17.404600944294536
Y1,Hybrid (Ridge->GBM) + phys,667,10,18.46,17.4208268749749
Y1,Hybrid (Ridge->GBM) + phys,712,10,19.06,17.679872775283197
Y1,Hybrid (Ridge->GBM) + phys,713,10,19.13,17.75057880865932
Y1,Hybrid (Ridge->GBM) + phys,714,10,19.0,17.632273288762015
Y1,Hybrid (Ridge->GBM) + phys,715,10,18.84,17.648499219442378
Y1,Hybrid (Ridge->GBM) + phys,760,10,17.69,17.907545119750676
Y1,Hybrid (Ridge->GBM) + phys,761,10,18.19,17.9782511531268
Y1,Hybrid (Ridge->GBM) + phys,762,10,18.16,17.859945633229493
Y1,Hybrid (Ridge->GBM) + phys,763,10,17.88,17.876171563909857
Y1,Hybrid (Ridge->GBM) + phys,44,11,8.6,11.508048836308621
Y1,Hybrid (Ridge->GBM) + phys,45,11,8.49,11.551951275333009
Y1,Hybrid (Ridge->GBM) + phys,46,11,8.45,11.433132276616707
Y1,Hybrid (Ridge->GBM) + phys,47,11,8.5,11.448485293304772
Y1,Hybrid (Ridge->GBM) + phys,92,11,12.96,16.171489332198334
Y1,Hybrid (Ridge->GBM) + phys,93,11,12.97,16.215391771222727
Y1,Hybrid (Ridge->GBM) + phys,94,11,12.93,16.09657277250642
Y1,Hybrid (Ridge->GBM) + phys,95,11,13.02,16.111925789194487
Y1,Hybrid (Ridge->GBM) + phys,140,11,12.88,16.398783574522763
Y1,Hybrid (Ridge->GBM) + phys,141,11,13.0,16.442686013547153
Y1,Hybrid (Ridge->GBM) + phys,142,11,12.97,16.32386701483085
Y1,Hybrid (Ridge->GBM) + phys,143,11,13.04,16.339220031518913
Y1,Hybrid (Ridge->GBM) + phys,188,11,12.68,16.62607781684719
Y1,Hybrid (Ridge->GBM) + phys,189,11,12.63,16.66998025587158
Y1,Hybrid (Ridge->GBM) + phys,190,11,12.71,16.551161257155275
Y1,Hybrid (Ridge->GBM) + phys,191,11,12.73,16.56651427384334
Y1,Hybrid (Ridge->GBM) + phys,236,11,12.85,16.853372059171615
Y1,Hybrid (Ridge->GBM) + phys,237,11,13.04,16.897274498196005
Y1,Hybrid (Ridge->GBM) + phys,238,11,13.0,16.7784554994797
Y1,Hybrid (Ridge->GBM) + phys,239,11,13.0,16.793808516167765
Y1,Hybrid (Ridge->GBM) + phys,284,11,12.59,17.08066630149604
Y1,Hybrid (Ridge->GBM) + phys,285,11,12.74,17.12456874052043
Y1,Hybrid (Ridge->GBM) + phys,286,11,12.8,17.00574974180413
Y1,Hybrid (Ridge->GBM) + phys,287,11,12.62,17.021102758492194
Y1,Hybrid (Ridge->GBM) + phys,332,11,15.09,18.847510068684883
Y1,Hybrid (Ridge->GBM) + phys,333,11,15.12,18.891412507709273
Y1,Hybrid (Ridge->GBM) + phys,334,11,15.08,18.77259350899297
Y1,Hybrid (Ridge->GBM) + phys,335,11,15.16,18.787946525681036
Y1,Hybrid (Ridge->GBM) + phys,380,11,14.34,19.07480431100931
Y1,Hybrid (Ridge->GBM) + phys,381,11,14.66,19.118706750033702
Y1,Hybrid (Ridge->GBM) + phys,382,11,14.6,18.9998877513174
Y1,Hybrid (Ridge->GBM) + phys,383,11,14.6,19.015240768005462
Y1,Hybrid (Ridge->GBM) + phys,428,11,13.91,19.302098553333735
Y1,Hybrid (Ridge->GBM) + phys,429,11,14.34,19.346000992358128
Y1,Hybrid (Ridge->GBM) + phys,430,11,13.95,19.227181993641825
Y1,Hybrid (Ridge->GBM) + phys,431,11,13.99,19.242535010329888
Y1,Hybrid (Ridge->GBM) + phys,476,11,14.33,19.52939279565816
Y1,Hybrid (Ridge->GBM) + phys,477,11,14.61,19.573295234682554
Y1,Hybrid (Ridge->GBM) + phys,478,11,14.61,19.45447623596625
Y1,Hybrid (Ridge->GBM) + phys,479,11,14.65,19.469829252654314
Y1,Hybrid (Ridge->GBM) + phys,524,11,13.68,19.75668703798259
Y1,Hybrid (Ridge->GBM) + phys,525,11,13.99,19.80058947700698
Y1,Hybrid (Ridge->GBM) + phys,526,11,14.16,19.681770478290677
Y1,Hybrid (Ridge->GBM) + phys,527,11,13.86,19.69712349497874
Y1,Hybrid (Ridge->GBM) + phys,572,11,15.09,20.94992829267948
Y1,Hybrid (Ridge->GBM) + phys,573,11,17.17,20.99383073170387
Y1,Hybrid (Ridge->GBM) + phys,574,11,17.14,20.875011732987566
Y1,Hybrid (Ridge->GBM) + phys,575,11,17.14,20.89036474967563
Y1,Hybrid (Ridge->GBM) + phys,620,11,16.76,21.177222535003907
Y1,Hybrid (Ridge->GBM) + phys,621,11,17.23,21.221124974028296
Y1,Hybrid (Ridge->GBM) + phys,622,11,17.26,21.102305975311992
Y1,Hybrid (Ridge->GBM) + phys,623,11,17.15,21.11765899200006
Y1,Hybrid (Ridge->GBM) + phys,668,11,16.47,21.404516777328332
Y1,Hybrid (Ridge->GBM) + phys,669,11,16.35,21.448419216352722
Y1,Hybrid (Ridge->GBM) + phys,670,11,16.55,21.32960021763642
Y1,Hybrid (Ridge->GBM) + phys,671,11,16.74,21.344953234324485
Y1,Hybrid (Ridge->GBM) + phys,716,11,16.44,21.63181101965276
Y1,Hybrid (Ridge->GBM) + phys,717,11,16.9,21.675713458677148
Y1,Hybrid (Ridge->GBM) + phys,718,11,16.94,21.556894459960844
Y1,Hybrid (Ridge->GBM) + phys,719,11,16.77,21.57224747664891
Y1,Hybrid (Ridge->GBM) + phys,764,11,16.54,21.859105261977184
Y1,Hybrid (Ridge->GBM) + phys,765,11,16.44,21.903007701001577
Y1,Hybrid (Ridge->GBM) + phys,766,11,16.48,21.784188702285274
Y1,Hybrid (Ridge->GBM) + phys,767,11,16.64,21.799541718973337
Y2,Ridge,0,0,21.33,32.61338270653364
Y2,Ridge,1,0,21.33,32.71760658713066
Y2,Ridge,2,0,21.33,32.82183046772767
Y2,Ridge,3,0,21.33,32.92605434832468
Y2,Ridge,48,0,26.47,33.86129484772563
Y2,Ridge,49,0,26.37,33.96551872832264
Y2,Ridge,50,0,26.44,34.06974260891966
Y2,Ridge,51,0,26.29,34.17396648951667
Y2,Ridge,96,0,25.95,33.91667971122704
Y2,Ridge,97,0,25.63,34.02090359182405
Y2,Ridge,98,0,26.13,34.12512747242107
Y2,Ridge,99,0,25.89,34.22935135301808
Y2,Ridge,144,0,25.68,33.97206457472845
Y2,Ridge,145,0,26.02,34.07628845532546
Y2,Ridge,146,0,25.84,34.18051233592247
Y2,Ridge,147,0,26.14,34.28473621651949
Y2,Ridge,192,0,25.91,34.02744943822985
Y2,Ridge,193,0,25.72,34.13167331882687
Y2,Ridge,194,0,26.18,34.23589719942389
Y2,Ridge,195,0,25.87,34.3401210800209
Y2,Ridge,240,0,25.64,34.08283430173127
Y2,Ridge,241,0,25.98,34.18705818232828
Y2,Ridge,242,0,25.88,34.29128206292529
Y2,Ridge,243,0,26.18,34.39550594352231
Y2,Ridge,288,0,29.79,35.65008576426149
Y2,Ridge,289,0,29.79,35.75430964485851
Y2,Ridge,290,0,29.28,35.85853352545553
Y2,Ridge,291,0,29.49,35.96275740605254
Y2,Ridge,336,0,29.62,35.70547062776291
Y2,Ridge,337,0,29.69,35.80969450835992
Y2,Ridge,338,0,30.18,35.91391838895693
Y2,Ridge,339,0,30.02,36.01814226955395
Y2,Ridge,384,0,29.43,35.76085549126431
Y2,Ridge,385,0,29.78,35.86507937186133
Y2,Ridge,386,0,30.1,35.969303252458346
Y2,Ridge,387,0,30.19,36.07352713305536
Y2,Ridge,432,0,29.61,35.816240354765725
Y2,Ridge,433,0,29.59,35.920464235362736
Y2,Ridge,434,0,30.19,36.02468811595975
Y2,Ridge,435,0,30.12,36.128911996556766
Y2,Ridge,480,0,29.53,35.87162521826713
Y2,Ridge,481,0,29.77,35.975849098864146
Y2,Ridge,482,0,30.0,36.080072979461164
Y2,Ridge,483,0,30.2,36.184296860058176
Y2,Ridge,528,0,33.37,37.438876680797364
Y2,Ridge,529,0,33.34,37.543100561394375
Y2,Ridge,530,0,32.83,37.64732444199139
Y2,Ridge,531,0,33.04,37.751548322588405
Y2,Ridge,576,0,32.96,37.494261544298766
Y2,Ridge,577,0,33.13,37.598485424895784
Y2,Ridge,578,0,33.94,37.7027093054928
Y2,Ridge,579,0,33.78,37.806933186089815
Y2,Ridge,624,0,32.78,37.54964640780018
Y2,Ridge,625,0,33.24,37.653870288397194
Y2,Ridge,626,0,33.86,37.758094168994205
Y2,Ridge,627,0,34.0,37.862318049591224
Y2,Ridge,672,0,32.95,37.605031271301584
Y2,Ridge,673,0,33.06,37.7092551518986
Y2,Ridge,674,0,33.95,37.81347903249562
Y2,Ridge,675,0,33.88,37.91770291309263
Y2,Ridge,720,0,32.88,37.660416134803
Y2,Ridge,721,0,33.23,37.76464001540001
Y2,Ridge,722,0,33.76,37.86886389599702
Y2,Ridge,723,0,34.01,37.97308777659404
Y2,Ridge,4,1,28.28,29.219813371686627
Y2,Ridge,5,1,25.38,29.31349993885081
Y2,Ridge,6,1,25.16,29.407186506014988
Y2,Ridge,7,1,29.6,29.500873073179164
Y2,Ridge,52,1,32.92,30.533160151433762
Y2,Ridge,53,1,29.87,30.62684671859794
Y2,Ridge,54,1,29.58,30.72053328576212
Y2,Ridge,55,1,34.33,30.814219852926296
Y2,Ridge,100,1,32.54,30.59996912663972
Y2,Ridge,101,1,29.44,30.6936556938039
Y2,Ridge,102,1,29.36,30.78734226096808
Y2,Ridge,103,1,34.2,30.88102882813226
Y2,Ridge,148,1,34.14,30.666778101845683
Y2,Ridge,149,1,32.85,30.760464669009863
Y2,Ridge,150,1,30.08,30.85415123617404
Y2,Ridge,151,1,29.67,30.94783780333822
Y2,Ridge,196,1,29.34,30.733587077051645
Y2,Ridge,197,1,33.91,30.827273644215825
Y2,Ridge,198,1,32.83,30.920960211380002
Y2,Ridge,199,1,29.92,31.014646778544183
Y2,Ridge,244,1,29.82,30.800396052257607
Y2,Ridge,245,1,29.52,30.894082619421788
Y2,Ridge,246,1,34.45,30.987769186585965
Y2,Ridge,247,1,33.01,31.081455753750145
Y2,Ridge,292,1,36.12,32.40296685824551
Y2,Ridge,293,1,33.17,32.49665342540969
Y2,Ridge,294,1,32.71,32.590339992573874
Y2,Ridge,295,1,37.58,32.68402655973805
Y2,Ridge,340,1,35.56,32.46977583345148
Y2,Ridge,341,1,32.64,32.563462400615656
Y2,Ridge,342,1,32.77,32.65714896777983
Y2,Ridge,343,1,37.72,32.75083553494402
Y2,Ridge,388,1,36.35,32.53658480865744
Y2,Ridge,389,1,35.1,32.63027137582162
Y2,Ridge,390,1,32.83,32.7239579429858
Y2,Ridge,391,1,32.46,32.817644510149975
Y2,Ridge,436,1,32.12,32.603393783863396
Y2,Ridge,437,1,37.12,32.69708035102758
Y2,Ridge,438,1,36.16,32.79076691819176
Y2,Ridge,439,1,33.16,32.884453485355934
Y2,Ridge,484,1,32.25,32.67020275906936
Y2,Ridge,485,1,32.0,32.76388932623354
Y2,Ridge,486,1,37.19,32.85757589339772
Y2,Ridge,487,1,35.62,32.9512624605619
Y2,Ridge,532,1,39.28,34.27277356505727
Y2,Ridge,533,1,36.38,34.36646013222145
Y2,Ridge,534,1,35.92,34.46014669938563
Y2,Ridge,535,1,40.99,34.5538332665498
Y2,Ridge,580,1,38.35,34.33958254026323
Y2,Ridge,581,1,35.39,34.43326910742741
Y2,Ridge,582,1,34.94,34.52695567459159
Y2,Ridge,583,1,40.66,34.62064224175577
Y2,Ridge,628,1,37.26,34.406391515469195
Y2,Ridge,629,1,35.04,34.50007808263337
Y2,Ridge,630,1,33.82,34.59376464979755
Y2,Ridge,631,1,33.31,34.68745121696173
Y2,Ridge,676,1,33.98,34.473200490675154
Y2,Ridge,677,1,39.92,34.56688705783934
Y2,Ridge,678,1,39.22,34.66057362500351
Y2,Ridge,679,1,36.1,34.75426019216769
Y2,Ridge,724,1,33.94,34.54000946588111
Y2,Ridge,725,1,33.14,34.6336960330453
Y2,Ridge,726,1,38.79,34.727382600209474
Y2,Ridge,727,1,37.27,34.82106916737365
Y2,Ridge,8,2,27.3,26.708225982322503
Y2,Ridge,9,2,21.97,26.806240907695635
Y2,Ridge,10,2,23.49,26.90425583306877
Y2,Ridge,11,2,27.87,27.002270758441902
Y2,Ridge,56,2,30.89,28.035897985514936
Y2,Ridge,57,2,25.6,28.13391291088807
Y2,Ridge,58,2,27.03,28.231927836261207
Y2,Ridge,59,2,31.73,28.32994276163434
Y2,Ridge,104,2,30.91,28.09676601361097
Y2,Ridge,105,2,25.63,28.194780938984106
Y2,Ridge,106,2,27.36,28.292795864357238
Y2,Ridge,107,2,31.9,28.390810789730374
Y2,Ridge,152,2,31.73,28.157634041707006
Y2,Ridge,153,2,31.01,28.25564896708014
Y2,Ridge,154,2,25.9,28.353663892453277
Y2,Ridge,155,2,27.4,28.451678817826412
Y2,Ridge,200,2,27.17,28.218502069803044
Y2,Ridge,201,2,31.76,28.316516995176176
Y2,Ridge,202,2,31.06,28.41453192054931
Y2,Ridge,203,2,25.81,28.512546845922444
Y2,Ridge,248,2,25.82,28.27937009789908
Y2,Ridge,249,2,27.33,28.37738502327221
Y2,Ridge,250,2,32.04,28.475399948645347
Y2,Ridge,251,2,31.28,28.573414874018482
Y2,Ridge,296,2,33.98,29.936103948159534
Y2,Ridge,297,2,28.61,30.03411887353267
Y2,Ridge,298,2,30.12,30.132133798905805
Y2,Ridge,299,2,34.73,30.230148724278937
Y2,Ridge,344,2,33.37,29.996971976255573
Y2,Ridge,345,2,27.89,30.094986901628705
Y2,Ridge,346,2,29.9,30.19300182700184
Y2,Ridge,347,2,34.52,30.291016752374972
Y2,Ridge,392,2,33.52,30.057840004351604
Y2,Ridge,393,2,32.93,30.15585492972474
Y2,Ridge,394,2,28.38,30.253869855097875
Y2,Ridge,395,2,29.82,30.35188478047101
Y2,Ridge,440,2,29.45,30.118708032447643
Y2,Ridge,441,2,34.19,30.216722957820778
Y2,Ridge,442,2,33.93,30.31473788319391
Y2,Ridge,443,2,28.31,30.412752808567046
Y2,Ridge,488,2,28.02,30.179576060543678
Y2,Ridge,489,2,29.43,30.27759098591681
Y2,Ridge,490,2,34.15,30.375605911289945
Y2,Ridge,491,2,33.47,30.47362083666308
Y2,Ridge,536,2,35.99,31.836309910804133
Y2,Ridge,537,2,30.66,31.934324836177268
Y2,Ridge,538,2,31.7,32.0323397615504
Y2,Ridge,539,2,36.73,32.13035468692354
Y2,Ridge,584,2,35.48,31.89717793890017
Y2,Ridge,585,2,30.53,31.995192864273303
Y2,Ridge,586,2,32.28,32.09320778964644
Y2,Ridge,587,2,36.86,32.19122271501957
Y2,Ridge,632,2,35.22,31.958045966996206
Y2,Ridge,633,2,34.7,32.05606089236934
Y2,Ridge,634,2,30.11,32.15407581774247
Y2,Ridge,635,2,31.6,32.25209074311561
Y2,Ridge,680,2,31.53,32.01891399509224
Y2,Ridge,681,2,36.2,32.11692892046538
Y2,Ridge,682,2,36.21,32.214943845838505
Y2,Ridge,683,2,31.0,32.31295877121164
Y2,Ridge,728,2,29.69,32.07978202318827
Y2,Ridge,729,2,31.2,32.17779694856141
Y2,Ridge,730,2,36.26,32.27581187393454
Y2,Ridge,731,2,35.71,32.37382679930768
Y2,Ridge,12,3,23.77,28.49663776598821
Y2,Ridge,13,3,21.46,28.594677566983236
Y2,Ridge,14,3,21.16,28.69271736797826
Y2,Ridge,15,3,24.93,28.790757168973286
Y2,Ridge,60,3,27.31,29.838025533587075
Y2,Ridge,61,3,24.91,29.9360653345821
Y2,Ridge,62,3,24.61,30.034105135577125
Y2,Ridge,63,3,28.51,30.13214493657215
Y2,Ridge,108,3,27.38,29.899943774703896
Y2,Ridge,109,3,25.02,29.99798357569892
Y2,Ridge,110,3,24.8,30.096023376693946
Y2,Ridge,111,3,28.79,30.19406317768897
Y2,Ridge,156,3,28.68,29.961862015820714
Y2,Ridge,157,3,27.54,30.05990181681574
Y2,Ridge,158,3,25.35,30.157941617810764
Y2,Ridge,159,3,24.93,30.25598141880579
Y2,Ridge,204,3,24.61,30.023780256937535
Y2,Ridge,205,3,28.61,30.12182005793256
Y2,Ridge,206,3,27.57,30.219859858927585
Y2,Ridge,207,3,25.16,30.31789965992261
Y2,Ridge,252,3,25.11,30.085698498054352
Y2,Ridge,253,3,24.77,30.183738299049377
Y2,Ridge,254,3,28.88,30.281778100044402
Y2,Ridge,255,3,27.69,30.379817901039427
Y2,Ridge,300,3,30.17,31.75722982331014
Y2,Ridge,301,3,27.84,31.855269624305166
Y2,Ridge,302,3,27.25,31.95330942530019
Y2,Ridge,303,3,31.39,32.051349226295216
Y2,Ridge,348,3,28.27,31.81914806442696
Y2,Ridge,349,3,26.96,31.917187865421987
Y2,Ridge,350,3,26.72,32.01522766641701
Y2,Ridge,351,3,29.88,32.11326746741204
Y2,Ridge,396,3,28.77,31.88106630554378
Y2,Ridge,397,3,27.76,31.979106106538804
Y2,Ridge,398,3,26.95,32.07714590753383
Y2,Ridge,399,3,26.41,32.17518570852886
Y2,Ridge,444,3,26.3,31.9429845466606
Y2,Ridge,445,3,29.43,32.04102434765562
Y2,Ridge,446,3,28.76,32.13906414865065
Y2,Ridge,447,3,27.34,32.23710394964567
Y2,Ridge,492,3,26.53,32.00490278777742
Y2,Ridge,493,3,26.08,32.10294258877244
Y2,Ridge,494,3,29.31,32.20098238976747
Y2,Ridge,495,3,28.14,32.29902219076249
Y2,Ridge,540,3,31.71,33.67643411303321
Y2,Ridge,541,3,29.13,33.774473914028235
Y2,Ridge,542,3,28.99,33.87251371502326
Y2,Ridge,543,3,33.54,33.970553516018285
Y2,Ridge,588,3,30.34,33.738352354150024
Y2,Ridge,589,3,27.93,33.83639215514505
Y2,Ridge,590,3,28.95,33.934431956140074
Y2,Ridge,591,3,32.92,34.0324717571351
Y2,Ridge,636,3,32.43,33.800270595266845
Y2,Ridge,637,3,30.65,33.89831039626187
Y2,Ridge,638,3,29.77,33.996350197256895
Y2,Ridge,639,3,29.64,34.09438999825192
Y2,Ridge,684,3,28.2,33.862188836383666
Y2,Ridge,685,3,32.35,33.96022863737869
Y2,Ridge,686,3,31.14,34.058268438373716
Y2,Ridge,687,3,28.43,34.15630823936874
Y2,Ridge,732,3,29.93,33.92410707750048
Y2,Ridge,733,3,29.56,34.022146878495505
Y2,Ridge,734,3,33.84,34.12018667949053
Y2,Ridge,735,3,32.54,34.218226480485555
Y2,Ridge,16,4,37.73,27.48190194794317
Y2,Ridge,17,4,31.27,27.595806709847935
Y2,Ridge,18,4,30.93,27.709711471752698
Y2,Ridge,19,4,39.44,27.823616233657457
Y2,Ridge,64,4,41.68,28.967001502622786
Y2,Ridge,65,4,35.28,29.08090626452755
Y2,Ridge,66,4,34.43,29.19481102643231
Y2,Ridge,67,4,43.33,29.30871578833707
Y2,Ridge,112,4,41.07,29.004815276258903
Y2,Ridge,113,4,34.62,29.118720038163666
Y2,Ridge,114,4,33.87,29.23262480006843
Y2,Ridge,115,4,42.86,29.34652956197319
Y2,Ridge,160,4,43.12,29.04262904989502
Y2,Ridge,161,4,41.22,29.156533811799783
Y2,Ridge,162,4,35.1,29.270438573704546
Y2,Ridge,163,4,34.29,29.38434333560931
Y2,Ridge,208,4,34.25,29.08044282353114
Y2,Ridge,209,4,43.3,29.1943475854359
Y2,Ridge,210,4,41.86,29.308252347340662
Y2,Ridge,211,4,35.29,29.422157109245425
Y2,Ridge,256,4,34.99,29.118256597167257
Y2,Ridge,257,4,34.18,29.232161359072016
Y2,Ridge,258,4,43.14,29.34606612097678
Y2,Ridge,259,4,41.26,29.459970882881542
Y2,Ridge,304,4,43.8,31.13793017418803
Y2,Ridge,305,4,37.81,31.25183493609279
Y2,Ridge,306,4,36.85,31.36573969799755
Y2,Ridge,307,4,45.52,31.479644459902314
Y2,Ridge,352,4,43.86,31.175743947824145
Y2,Ridge,353,4,37.41,31.289648709728908
Y2,Ridge,354,4,36.77,31.40355347163367
Y2,Ridge,355,4,45.97,31.51745823353843
Y2,Ridge,400,4,45.13,31.213557721460262
Y2,Ridge,401,4,43.66,31.327462483365025
Y2,Ridge,402,4,37.76,31.441367245269788
Y2,Ridge,403,4,36.87,31.55527200717455
Y2,Ridge,448,4,36.26,31.251371495096382
Y2,Ridge,449,4,45.48,31.365276257001142
Y2,Ridge,450,4,44.16,31.479181018905905
Y2,Ridge,451,4,37.26,31.593085780810668
Y2,Ridge,496,4,37.54,31.2891852687325
Y2,Ridge,497,4,36.66,31.40309003063726
Y2,Ridge,498,4,45.28,31.51699479254202
Y2,Ridge,499,4,43.73,31.630899554446785
Y2,Ridge,544,4,45.29,33.30885884575327
Y2,Ridge,545,4,39.07,33.422763607658034
Y2,Ridge,546,4,38.35,33.5366683695628
Y2,Ridge,547,4,46.94,33.65057313146755
Y2,Ridge,592,4,45.59,33.34667261938939
Y2,Ridge,593,4,39.41,33.46057738129415
Y2,Ridge,594,4,38.84,33.574482143198914
Y2,Ridge,595,4,48.03,33.68838690510368
Y2,Ridge,640,4,46.44,33.384486393025504
Y2,Ridge,641,4,44.18,33.49839115493027
Y2,Ridge,642,4,38.81,33.61229591683503
Y2,Ridge,643,4,38.23,33.726200678739794
Y2,Ridge,688,4,38.33,33.42230016666163
Y2,Ridge,689,4,47.59,33.536204928566384
Y2,Ridge,690,4,46.23,33.65010969047115
Y2,Ridge,691,4,39.56,33.76401445237591
Y2,Ridge,736,4,38.56,33.460113940297745
Y2,Ridge,737,4,37.7,33.57401870220251
Y2,Ridge,738,4,47.01,33.687923464107264
Y2,Ridge,739,4,44.87,33.80182822601203
Y2,Ridge,20,5,29.79,34.48523408861896
Y2,Ridge,21,5,29.68,34.61434333231644
Y2,Ridge,22,5,29.79,34.743452576013915
Y2,Ridge,23,5,29.4,34.87256181971139
Y2,Ridge,68,5,33.87,35.9250392708924
Y2,Ridge,69,5,34.07,36.054148514589876
Y2,Ridge,70,5,34.14,36.183257758287354
Y2,Ridge,71,5,33.67,36.31236700198483
Y2,Ridge,116,5,33.91,35.96789551151907
Y2,Ridge,117,5,34.07,36.097004755216545
Y2,Ridge,118,5,34.17,36.22611399891402
Y2,Ridge,119,5,33.78,36.3552232426115
Y2,Ridge,164,5,33.85,36.01075175214574
Y2,Ridge,165,5,34.11,36.13986099584321
Y2,Ridge,166,5,34.48,36.26897023954069
Y2,Ridge,167,5,34.5,36.39807948323817
Y2,Ridge,212,5,34.11,36.0536079927724
Y2,Ridge,213,5,33.62,36.182717236469884
Y2,Ridge,214,5,33.89,36.311826480167355
Y2,Ridge,215,5,34.05,36.44093572386484
Y2,Ridge,260,5,34.25,36.09646423339907
Y2,Ridge,261,5,34.35,36.225573477096546
Y2,Ridge,262,5,33.64,36.35468272079403
Y2,Ridge,263,5,33.88,36.4837919644915
Y2,Ridge,308,5,36.85,38.02046268336255
Y2,Ridge,309,5,37.58,38.14957192706004
Y2,Ridge,310,5,37.45,38.278681170757515
Y2,Ridge,311,5,36.62,38.40779041445499
Y2,Ridge,356,5,36.87,38.06331892398923
Y2,Ridge,357,5,37.35,38.1924281676867
Y2,Ridge,358,5,37.28,38.321537411384185
Y2,Ridge,359,5,36.81,38.45064665508166
Y2,Ridge,404,5,36.07,38.10617516461589
Y2,Ridge,405,5,36.44,38.235284408313376
Y2,Ridge,406,5,37.28,38.36439365201085
Y2,Ridge,407,5,37.29,38.49350289570833
Y2,Ridge,452,5,37.2,38.14903140524256
Y2,Ridge,453,5,36.76,38.27814064894004
Y2,Ridge,454,5,37.05,38.40724989263752
Y2,Ridge,455,5,37.51,38.536359136334994
Y2,Ridge,500,5,36.93,38.19188764586923
Y2,Ridge,501,5,37.01,38.32099688956671
Y2,Ridge,502,5,35.73,38.450106133264185
Y2,Ridge,503,5,36.15,38.57921537696166
Y2,Ridge,548,5,39.55,40.11588609583272
Y2,Ridge,549,5,40.85,40.24499533953019
Y2,Ridge,550,5,40.63,40.37410458322768
Y2,Ridge,551,5,39.48,40.503213826925155
Y2,Ridge,596,5,39.48,40.15874233645938
Y2,Ridge,597,5,40.4,40.28785158015687
Y2,Ridge,598,5,40.47,40.41696082385434
Y2,Ridge,599,5,39.7,40.546070067551824
Y2,Ridge,644,5,38.17,40.20159857708605
Y2,Ridge,645,5,38.48,40.33070782078353
Y2,Ridge,646,5,39.66,40.459817064481015
Y2,Ridge,647,5,40.1,40.588926308178486
Y2,Ridge,692,5,40.36,40.24445481771272
Y2,Ridge,693,5,39.67,40.3735640614102
Y2,Ridge,694,5,39.85,40.50267330510768
Y2,Ridge,695,5,40.77,40.631782548805155
Y2,Ridge,740,5,39.37,40.287311058339384
Y2,Ridge,741,5,39.8,40.41642030203687
Y2,Ridge,742,5,37.79,40.54552954573435
Y2,Ridge,743,5,38.18,40.674638789431825
Y2,Ridge,24,6,10.9,9.622086726694027
Y2,Ridge,25,6,11.19,9.744165158066576
Y2,Ridge,26,6,10.94,9.866243589439124
Y2,Ridge,27,6,11.17,9.988322020811673
Y2,Ridge,72,6,13.43,11.145494739216753
Y2,Ridge,73,6,13.71,11.267573170589301
Y2,Ridge,74,6,13.48,11.389651601961852
Y2,Ridge,75,6,13.7,11.5117300333344
Y2,Ridge,120,6,13.39,11.192763460308695
Y2,Ridge,121,6,13.72,11.314841891681244
Y2,Ridge,122,6,13.57,11.436920323053794
Y2,Ridge,123,6,13.79,11.558998754426343
Y2,Ridge,168,6,13.6,11.240032181400638
Y2,Ridge,169,6,13.36,11.362110612773186
Y2,Ridge,170,6,13.65,11.484189044145735
Y2,Ridge,171,6,13.49,11.606267475518283
Y2,Ridge,216,6,13.2,11.287300902492579
Y2,Ridge,217,6,13.36,11.409379333865129
Y2,Ridge,218,6,13.21,11.531457765237677
Y2,Ridge,219,6,13.53,11.653536196610226
Y2,Ridge,264,6,13.65,11.334569623584521
Y2,Ridge,265,6,13.44,11.45664805495707
Y2,Ridge,266,6,13.72,11.578726486329618
Y2,Ridge,267,6,13.5,11.700804917702168
Y2,Ridge,312,6,15.19,13.359703676362932
Y2,Ridge,313,6,15.5,13.48178210773548
Y2,Ridge,314,6,15.28,13.60386053910803
Y2,Ridge,315,6,15.5,13.725938970480579
Y2,Ridge,360,6,14.73,13.406972397454874
Y2,Ridge,361,6,15.1,13.529050828827422
Y2,Ridge,362,6,15.18,13.651129260199973
Y2,Ridge,363,6,15.44,13.773207691572521
Y2,Ridge,408,6,14.49,13.454241118546816
Y2,Ridge,409,6,13.79,13.576319549919365
Y2,Ridge,410,6,14.72,13.698397981291913
Y2,Ridge,411,6,14.76,13.820476412664462
Y2,Ridge,456,6,14.92,13.501509839638757
Y2,Ridge,457,6,15.24,13.623588271011307
Y2,Ridge,458,6,15.03,13.745666702383856
Y2,Ridge,459,6,15.35,13.867745133756404
Y2,Ridge,504,6,14.48,13.5487785607307
Y2,Ridge,505,6,14.58,13.670856992103248
Y2,Ridge,506,6,14.81,13.792935423475797
Y2,Ridge,507,6,14.03,13.915013854848347
Y2,Ridge,552,6,16.94,15.573912613509108
Y2,Ridge,553,6,17.25,15.695991044881659
Y2,Ridge,554,6,17.03,15.818069476254207
Y2,Ridge,555,6,17.25,15.940147907626756
Y2,Ridge,600,6,16.43,15.62118133460105
Y2,Ridge,601,6,16.93,15.7432597659736
Y2,Ridge,602,6,16.99,15.865338197346148
Y2,Ridge,603,6,17.03,15.987416628718698
Y2,Ridge,648,6,16.08,15.668450055692993
Y2,Ridge,649,6,15.39,15.790528487065542
Y2,Ridge,650,6,16.57,15.91260691843809
Y2,Ridge,651,6,16.6,16.03468534981064
Y2,Ridge,696,6,16.61,15.715718776784934
Y2,Ridge,697,6,16.74,15.837797208157482
Y2,Ridge,698,6,16.9,15.959875639530033
Y2,Ridge,699,6,17.32,16.081954070902583
Y2,Ridge,744,6,16.69,15.762987497876876
Y2,Ridge,745,6,16.62,15.885065929249425
Y2,Ridge,746,6,16.94,16.007144360621975
Y2,Ridge,747,6,16.7,16.129222791994522
Y2,Ridge,28,7,11.27,11.115174171551711
Y2,Ridge,29,7,11.72,11.237241398442467
Y2,Ridge,30,7,11.29,11.359308625333224
Y2,Ridge,31,7,11.67,11.48137585222398
Y2,Ridge,76,7,13.8,12.658369132920825
Y2,Ridge,77,7,14.28,12.780436359811581
Y2,Ridge,78,7,13.87,12.902503586702338
Y2,Ridge,79,7,14.27,13.024570813593094
Y2,Ridge,124,7,13.67,12.71058196129338
Y2,Ridge,125,7,14.11,12.832649188184137
Y2,Ridge,126,7,13.8,12.954716415074893
Y2,Ridge,127,7,14.21,13.07678364196565
Y2,Ridge,172,7,14.14,12.762794789665938
Y2,Ridge,173,7,13.77,12.884862016556694
Y2,Ridge,174,7,14.3,13.00692924344745
Y2,Ridge,175,7,13.87,13.128996470338206
Y2,Ridge,220,7,13.67,12.815007618038493
Y2,Ridge,221,7,14.12,12.93707484492925
Y2,Ridge,222,7,13.79,13.059142071820006
Y2,Ridge,223,7,14.2,13.181209298710762
Y2,Ridge,268,7,14.18,12.86722044641105
Y2,Ridge,269,7,13.75,12.989287673301806
Y2,Ridge,270,7,14.26,13.111354900192563
Y2,Ridge,271,7,13.89,13.233422127083319
Y2,Ridge,316,7,15.42,14.89484233241566
Y2,Ridge,317,7,15.85,15.016909559306416
Y2,Ridge,318,7,15.44,15.138976786197173
Y2,Ridge,319,7,15.81,15.261044013087929
Y2,Ridge,364,7,14.91,14.947055160788217
Y2,Ridge,365,7,15.4,15.069122387678973
Y2,Ridge,366,7,14.94,15.19118961456973
Y2,Ridge,367,7,15.32,15.313256841460486
Y2,Ridge,412,7,14.92,14.999267989160774
Y2,Ridge,413,7,14.74,15.12133521605153
Y2,Ridge,414,7,15.57,15.243402442942287
Y2,Ridge,415,7,14.94,15.365469669833043
Y2,Ridge,460,7,14.67,15.051480817533331
Y2,Ridge,461,7,15.09,15.173548044424088
Y2,Ridge,462,7,15.2,15.295615271314844
Y2,Ridge,463,7,15.64,15.4176824982056
Y2,Ridge,508,7,15.27,15.103693645905889
Y2,Ridge,509,7,14.71,15.225760872796645
Y2,Ridge,510,7,15.23,15.347828099687401
Y2,Ridge,511,7,14.97,15.469895326578158
Y2,Ridge,556,7,17.1,17.1313155319105
Y2,Ridge,557,7,17.51,17.253382758801255
Y2,Ridge,558,7,17.12,17.37544998569201
Y2,Ridge,559,7,17.47,17.497517212582768
Y2,Ridge,604,7,16.77,17.183528360283056
Y2,Ridge,605,7,17.37,17.305595587173812
Y2,Ridge,606,7,17.27,17.42766281406457
Y2,Ridge,607,7,17.51,17.549730040955325
Y2,Ridge,652,7,16.11,17.23574118865561
Y2,Ridge,653,7,15.47,17.357808415546366
Y2,Ridge,654,7,16.7,17.479875642437122
Y2,Ridge,655,7,16.1,17.60194286932788
Y2,Ridge,700,7,16.85,17.287954017028166
Y2,Ridge,701,7,17.2,17.410021243918923
Y2,Ridge,702,7,17.23,17.53208847080968
Y2,Ridge,703,7,17.74,17.654155697700435
Y2,Ridge,748,7,15.59,17.340166845400724
Y2,Ridge,749,7,14.58,17.46223407229148
Y2,Ridge,750,7,15.33,17.584301299182236
Y2,Ridge,751,7,15.31,17.706368526072993
Y2,Ridge,32,8,11.74,11.990478606668525
Y2,Ridge,33,8,12.05,12.110848354567684
Y2,Ridge,34,8,11.73,12.231218102466844
Y2,Ridge,35,8,11.93,12.351587850366004
Y2,Ridge,80,8,14.28,13.528905397805485
Y2,Ridge,81,8,14.61,13.649275145704646
Y2,Ridge,82,8,14.3,13.769644893603804
Y2,Ridge,83,8,14.45,13.890014641502965
Y2,Ridge,128,8,13.2,13.57061570911096
Y2,Ridge,129,8,13.54,13.690985457010122
Y2,Ridge,130,8,13.32,13.81135520490928
Y2,Ridge,131,8,13.51,13.931724952808441
Y2,Ridge,176,8,14.44,13.612326020416436
Y2,Ridge,177,8,14.27,13.732695768315596
Y2,Ridge,178,8,14.67,13.853065516214755
Y2,Ridge,179,8,14.4,13.973435264113915
Y2,Ridge,224,8,14.29,13.654036331721912
Y2,Ridge,225,8,14.49,13.77440607962107
Y2,Ridge,226,8,14.42,13.894775827520231
Y2,Ridge,227,8,14.73,14.015145575419389
Y2,Ridge,272,8,14.55,13.695746643027386
Y2,Ridge,273,8,14.28,13.816116390926545
Y2,Ridge,274,8,14.46,13.936486138825705
Y2,Ridge,275,8,14.39,14.056855886724865
Y2,Ridge,320,8,15.21,15.773980117552714
Y2,Ridge,321,8,15.63,15.894349865451874
Y2,Ridge,322,8,15.48,16.014719613351033
Y2,Ridge,323,8,15.78,16.135089361250195
Y2,Ridge,368,8,15.52,15.81569042885819
Y2,Ridge,369,8,15.85,15.93606017675735
Y2,Ridge,370,8,15.66,16.05642992465651
Y2,Ridge,371,8,15.99,16.176799672555667
Y2,Ridge,416,8,14.92,15.857400740163666
Y2,Ridge,417,8,14.38,15.977770488062824
Y2,Ridge,418,8,15.44,16.098140235961985
Y2,Ridge,419,8,15.17,16.218509983861143
Y2,Ridge,464,8,15.37,15.89911105146914
Y2,Ridge,465,8,15.73,16.0194807993683
Y2,Ridge,466,8,15.83,16.139850547267457
Y2,Ridge,467,8,16.13,16.26022029516662
Y2,Ridge,512,8,15.14,15.940821362774614
Y2,Ridge,513,8,14.97,16.061191110673775
Y2,Ridge,514,8,15.22,16.181560858572933
Y2,Ridge,515,8,14.6,16.301930606472094
Y2,Ridge,560,8,16.5,18.019054837299944
Y2,Ridge,561,8,17.0,18.1394245851991
Y2,Ridge,562,8,16.87,18.259794333098263
Y2,Ridge,563,8,17.2,18.38016408099742
Y2,Ridge,608,8,16.44,18.06076514860542
Y2,Ridge,609,8,17.01,18.181134896504577
Y2,Ridge,610,8,17.23,18.30150464440374
Y2,Ridge,611,8,17.22,18.421874392302897
Y2,Ridge,656,8,16.35,18.10247545991089
Y2,Ridge,657,8,15.84,18.222845207810053
Y2,Ridge,658,8,16.99,18.343214955709215
Y2,Ridge,659,8,17.02,18.463584703608372
Y2,Ridge,704,8,16.81,18.144185771216367
Y2,Ridge,705,8,16.88,18.26455551911553
Y2,Ridge,706,8,16.9,18.384925267014687
Y2,Ridge,707,8,17.39,18.505295014913848
Y2,Ridge,752,8,16.63,18.185896082521843
Y2,Ridge,753,8,15.87,18.306265830421005
Y2,Ridge,754,8,16.54,18.426635578320163
Y2,Ridge,755,8,16.74,18.54700532621932
Y2,Ridge,36,9,12.4,13.177427767309265
Y2,Ridge,37,9,12.23,13.301209279914307
Y2,Ridge,38,9,12.4,13.424990792519349
Y2,Ridge,39,9,12.14,13.54877230512439
Y2,Ridge,84,9,13.9,14.689926314982692
Y2,Ridge,85,9,13.72,14.813707827587734
Y2,Ridge,86,9,13.88,14.937489340192776
Y2,Ridge,87,9,13.65,15.061270852797819
Y2,Ridge,132,9,14.86,14.73182844335997
Y2,Ridge,133,9,14.75,14.855609955965011
Y2,Ridge,134,9,15.0,14.979391468570054
Y2,Ridge,135,9,14.74,15.103172981175094
Y2,Ridge,180,9,13.46,14.773730571737245
Y2,Ridge,181,9,13.7,14.897512084342287
Y2,Ridge,182,9,13.59,15.021293596947329
Y2,Ridge,183,9,13.83,15.145075109552371
Y2,Ridge,228,9,14.86,14.81563270011452
Y2,Ridge,229,9,14.67,14.939414212719562
Y2,Ridge,230,9,15.0,15.063195725324604
Y2,Ridge,231,9,14.83,15.186977237929646
Y2,Ridge,276,9,14.54,14.857534828491797
Y2,Ridge,277,9,14.81,14.98131634109684
Y2,Ridge,278,9,14.65,15.105097853701881
Y2,Ridge,279,9,14.87,15.228879366306924
Y2,Ridge,324,9,16.39,16.89582094392692
Y2,Ridge,325,9,16.27,17.019602456531963
Y2,Ridge,326,9,16.39,17.143383969137005
Y2,Ridge,327,9,16.19,17.267165481742047
Y2,Ridge,372,9,15.89,16.937723072304195
Y2,Ridge,373,9,15.85,17.061504584909237
Y2,Ridge,374,9,16.22,17.18528609751428
Y2,Ridge,375,9,15.87,17.30906761011932
Y2,Ridge,420,9,15.53,16.979625200681472
Y2,Ridge,421,9,15.8,17.103406713286514
Y2,Ridge,422,9,16.14,17.227188225891556
Y2,Ridge,423,9,16.26,17.350969738496598
Y2,Ridge,468,9,15.95,17.02152732905875
Y2,Ridge,469,9,15.59,17.14530884166379
Y2,Ridge,470,9,16.17,17.269090354268833
Y2,Ridge,471,9,16.14,17.392871866873875
Y2,Ridge,516,9,15.83,17.063429457436023
Y2,Ridge,517,9,16.03,17.187210970041065
Y2,Ridge,518,9,15.8,17.310992482646107
Y2,Ridge,519,9,16.06,17.43477399525115
Y2,Ridge,564,9,18.14,19.101715572871147
Y2,Ridge,565,9,18.03,19.22549708547619
Y2,Ridge,566,9,18.14,19.34927859808123
Y2,Ridge,567,9,17.95,19.473060110686273
Y2,Ridge,612,9,17.85,19.143617701248424
Y2,Ridge,613,9,17.89,19.267399213853466
Y2,Ridge,614,9,18.36,19.391180726458508
Y2,Ridge,615,9,18.15,19.51496223906355
Y2,Ridge,660,9,17.04,19.185519829625697
Y2,Ridge,661,9,17.63,19.30930134223074
Y2,Ridge,662,9,18.1,19.43308285483578
Y2,Ridge,663,9,18.22,19.556864367440824
Y2,Ridge,708,9,17.86,19.227421958002978
Y2,Ridge,709,9,17.82,19.35120347060802
Y2,Ridge,710,9,18.36,19.474984983213062
Y2,Ridge,711,9,18.24,19.5987664958181
Y2,Ridge,756,9,17.64,19.26932408638025
Y2,Ridge,757,9,17.79,19.393105598985294
Y2,Ridge,758,9,17.55,19.516887111590336
Y2,Ridge,759,9,18.06,19.640668624195378
Y2,Ridge,40,10,16.78,12.725695405380037
Y2,Ridge,41,10,16.8,12.849067954399645
Y2,Ridge,42,10,16.75,12.972440503419254
Y2,Ridge,43,10,16.67,13.09581305243886
Y2,Ridge,88,10,19.37,14.275922688601256
Y2,Ridge,89,10,19.43,14.399295237620864
Y2,Ridge,90,10,19.34,14.522667786640472
Y2,Ridge,91,10,19.32,14.646040335660079
Y2,Ridge,136,10,19.23,14.330129793624401
Y2,Ridge,137,10,19.34,14.45350234264401
Y2,Ridge,138,10,19.32,14.576874891663618
Y2,Ridge,139,10,19.3,14.700247440683224
Y2,Ridge,184,10,19.14,14.384336898647547
Y2,Ridge,185,10,19.18,14.507709447667155
Y2,Ridge,186,10,19.37,14.631081996686763
Y2,Ridge,187,10,19.29,14.75445454570637
Y2,Ridge,232,10,19.24,14.438544003670692
Y2,Ridge,233,10,19.25,14.5619165526903
Y2,Ridge,234,10,19.42,14.685289101709909
Y2,Ridge,235,10,19.48,14.808661650729515
Y2,Ridge,280,10,19.24,14.49275110869384
Y2,Ridge,281,10,19.18,14.616123657713448
Y2,Ridge,282,10,19.26,14.739496206733055
Y2,Ridge,283,10,19.29,14.862868755752663
Y2,Ridge,328,10,21.13,16.519952955898365
Y2,Ridge,329,10,21.19,16.64332550491797
Y2,Ridge,330,10,21.09,16.76669805393758
Y2,Ridge,331,10,21.08,16.890070602957188
Y2,Ridge,376,10,20.47,16.57416006092151
Y2,Ridge,377,10,20.56,16.697532609941117
Y2,Ridge,378,10,20.48,16.820905158960727
Y2,Ridge,379,10,20.43,16.944277707980334
Y2,Ridge,424,10,19.87,16.628367165944656
Y2,Ridge,425,10,20.03,16.751739714964263
Y2,Ridge,426,10,20.46,16.875112263983873
Y2,Ridge,427,10,20.28,16.99848481300348
Y2,Ridge,472,10,19.65,16.6825742709678
Y2,Ridge,473,10,19.76,16.80594681998741
Y2,Ridge,474,10,20.37,16.92931936900702
Y2,Ridge,475,10,19.9,17.052691918026625
Y2,Ridge,520,10,20.13,16.736781375990947
Y2,Ridge,521,10,20.01,16.860153925010557
Y2,Ridge,522,10,20.19,16.983526474030164
Y2,Ridge,523,10,20.29,17.10689902304977
Y2,Ridge,568,10,22.72,18.763983223195474
Y2,Ridge,569,10,22.73,18.88735577221508
Y2,Ridge,570,10,22.72,19.010728321234687
Y2,Ridge,571,10,22.53,19.134100870254294
Y2,Ridge,616,10,21.72,18.81819032821862
Y2,Ridge,617,10,22.07,18.941562877238226
Y2,Ridge,618,10,22.09,19.064935426257833
Y2,Ridge,619,10,21.93,19.188307975277443
Y2,Ridge,664,10,20.78,18.872397433241765
Y2,Ridge,665,10,20.72,18.995769982261372
Y2,Ridge,666,10,21.54,19.11914253128098
Y2,Ridge,667,10,21.53,19.24251508030059
Y2,Ridge,712,10,21.68,18.92660453826491
Y2,Ridge,713,10,21.54,19.049977087284518
Y2,Ridge,714,10,22.25,19.173349636304124
Y2,Ridge,715,10,22.49,19.296722185323734
Y2,Ridge,760,10,20.82,18.980811643288057
Y2,Ridge,761,10,20.21,19.104184192307663
Y2,Ridge,762,10,20.71,19.22755674132727
Y2,Ridge,763,10,21.4,19.35092929034688
Y2,Ridge,44,11,12.07,16.37513610469643
Y2,Ridge,45,11,12.22,16.514531062679623
Y2,Ridge,46,11,12.08,16.653926020662816
Y2,Ridge,47,11,12.04,16.79332097864601
Y2,Ridge,92,11,14.34,17.920288624278665
Y2,Ridge,93,11,14.5,18.059683582261858
Y2,Ridge,94,11,14.33,18.19907854024505
Y2,Ridge,95,11,14.27,18.338473498228247
Y2,Ridge,140,11,14.37,17.971485202448452
Y2,Ridge,141,11,14.57,18.110880160431645
Y2,Ridge,142,11,14.27,18.250275118414837
Y2,Ridge,143,11,14.24,18.389670076398033
Y2,Ridge,188,11,14.09,18.02268178061824
Y2,Ridge,189,11,14.23,18.16207673860143
Y2,Ridge,190,11,14.14,18.301471696584624
Y2,Ridge,191,11,13.89,18.44086665456782
Y2,Ridge,236,11,14.37,18.073878358788026
Y2,Ridge,237,11,14.34,18.213273316771218
Y2,Ridge,238,11,14.28,18.35266827475441
Y2,Ridge,239,11,14.47,18.492063232737607
Y2,Ridge,284,11,14.24,18.125074936957812
Y2,Ridge,285,11,13.97,18.264469894941005
Y2,Ridge,286,11,13.99,18.403864852924197
Y2,Ridge,287,11,14.15,18.543259810907394
Y2,Ridge,332,11,15.77,20.16122253639734
Y2,Ridge,333,11,15.95,20.300617494380532
Y2,Ridge,334,11,15.77,20.440012452363725
Y2,Ridge,335,11,15.76,20.579407410346917
Y2,Ridge,380,11,15.32,20.212419114567126
Y2,Ridge,381,11,15.64,20.35181407255032
Y2,Ridge,382,11,15.14,20.49120903053351
Y2,Ridge,383,11,15.3,20.630603988516704
Y2,Ridge,428,11,14.89,20.263615692736913
Y2,Ridge,429,11,14.96,20.403010650720105
Y2,Ridge,430,11,14.89,20.542405608703298
Y2,Ridge,431,11,14.35,20.68180056668649
Y2,Ridge,476,11,15.41,20.3148122709067
Y2,Ridge,477,11,15.56,20.454207228889892
Y2,Ridge,478,11,15.07,20.593602186873085
Y2,Ridge,479,11,15.38,20.732997144856277
Y2,Ridge,524,11,15.19,20.366008849076486
Y2,Ridge,525,11,14.61,20.50540380705968
Y2,Ridge,526,11,14.61,20.64479876504287
Y2,Ridge,527,11,14.75,20.784193723026064
Y2,Ridge,572,11,17.2,22.402156448516013
Y2,Ridge,573,11,17.21,22.541551406499206
Y2,Ridge,574,11,17.15,22.6809463644824
Y2,Ridge,575,11,17.2,22.82034132246559
Y2,Ridge,620,11,17.36,22.4533530266858
Y2,Ridge,621,11,17.38,22.592747984668993
Y2,Ridge,622,11,16.86,22.732142942652185
Y2,Ridge,623,11,16.99,22.871537900635378
Y2,Ridge,668,11,16.9,22.504549604855587
Y2,Ridge,669,11,17.14,22.64394456283878
Y2,Ridge,670,11,16.56,22.783339520821972
Y2,Ridge,671,11,16.0,22.922734478805165
Y2,Ridge,716,11,17.1,22.555746183025374
Y2,Ridge,717,11,16.79,22.695141141008566
Y2,Ridge,718,11,16.58,22.83453609899176
Y2,Ridge,719,11,16.79,22.97393105697495
Y2,Ridge,764,11,16.88,22.60694276119516
Y2,Ridge,765,11,17.11,22.746337719178353
Y2,Ridge,766,11,16.61,22.885732677161545
Y2,Ridge,767,11,16.03,23.025127635144738
Y2,kNN,0,0,21.33,29.340000000000007
Y2,kNN,1,0,21.33,28.092000000000002
Y2,kNN,2,0,21.33,28.485999999999997
Y2,kNN,3,0,21.33,29.783333333333335
Y2,kNN,48,0,26.47,31.354000000000003
Y2,kNN,49,0,26.37,30.37466666666667
Y2,kNN,50,0,26.44,30.684
Y2,kNN,51,0,26.29,31.56133333333333
Y2,kNN,96,0,25.95,32.23866666666667
Y2,kNN,97,0,25.63,31.786000000000005
Y2,kNN,98,0,26.13,31.367999999999995
Y2,kNN,99,0,25.89,31.886666666666663
Y2,kNN,144,0,25.68,32.260000000000005
Y2,kNN,145,0,26.02,31.983333333333334
Y2,kNN,146,0,25.84,31.59666666666666
Y2,kNN,147,0,26.14,31.64533333333333
Y2,kNN,192,0,25.91,31.608000000000004
Y2,kNN,193,0,25.72,32.29866666666667
Y2,kNN,194,0,26.18,32.4
Y2,kNN,195,0,25.87,31.694
Y2,kNN,240,0,25.64,31.433333333333334
Y2,kNN,241,0,25.98,32.306
Y2,kNN,242,0,25.88,32.687333333333335
Y2,kNN,243,0,26.18,32.315999999999995
Y2,kNN,288,0,29.79,34.338
Y2,kNN,289,0,29.79,33.07866666666667
Y2,kNN,290,0,29.28,33.328
Y2,kNN,291,0,29.49,34.690666666666665
Y2,kNN,336,0,29.62,34.55733333333334
Y2,kNN,337,0,29.69,33.88666666666667
Y2,kNN,338,0,30.18,33.53466666666666
Y2,kNN,339,0,30.02,34.41799999999999
Y2,kNN,384,0,29.43,34.426
Y2,kNN,385,0,29.78,33.90266666666667
Y2,kNN,386,0,30.1,34.102
Y2,kNN,387,0,30.19,34.132000000000005
Y2,kNN,432,0,29.61,33.48933333333333
Y2,kNN,433,0,29.59,34.333333333333336
Y2,kNN,434,0,30.19,34.32066666666666
Y2,kNN,435,0,30.12,33.704
Y2,kNN,480,0,29.53,32.403999999999996
Y2,kNN,481,0,29.77,34.06133333333334
Y2,kNN,482,0,30.0,34.61266666666666
Y2,kNN,483,0,30.2,34.10466666666667
Y2,kNN,528,0,33.37,35.213333333333345
Y2,kNN,529,0,33.34,34.814
Y2,kNN,530,0,32.83,35.11066666666667
Y2,kNN,531,0,33.04,35.36333333333333
Y2,kNN,576,0,32.96,36.19733333333333
Y2,kNN,577,0,33.13,35.367333333333335
Y2,kNN,578,0,33.94,35.25999999999999
Y2,kNN,579,0,33.78,36.04533333333334
Y2,kNN,624,0,32.78,35.63466666666667
Y2,kNN,625,0,33.24,35.8
Y2,kNN,626,0,33.86,35.665333333333336
Y2,kNN,627,0,34.0,35.462666666666664
Y2,kNN,672,0,32.95,34.75333333333333
Y2,kNN,673,0,33.06,35.80533333333333
Y2,kNN,674,0,33.95,36.07066666666666
Y2,kNN,675,0,33.88,35.321333333333335
Y2,kNN,720,0,32.88,34.116
Y2,kNN,721,0,33.23,35.404666666666664
Y2,kNN,722,0,33.76,36.00333333333333
Y2,kNN,723,0,34.01,35.48533333333333
Y2,kNN,4,1,28.28,26.57466666666667
Y2,kNN,5,1,25.38,24.613999999999994
Y2,kNN,6,1,25.16,24.747333333333337
Y2,kNN,7,1,29.6,27.13266666666667
Y2,kNN,52,1,32.92,26.854666666666667
Y2,kNN,53,1,29.87,26.552666666666667
Y2,kNN,54,1,29.58,26.97533333333333
Y2,kNN,55,1,34.33,27.480666666666668
Y2,kNN,100,1,32.54,28.084
Y2,kNN,101,1,29.44,27.436666666666664
Y2,kNN,102,1,29.36,27.115333333333336
Y2,kNN,103,1,34.2,27.82133333333333
Y2,kNN,148,1,34.14,28.233333333333334
Y2,kNN,149,1,32.85,28.07133333333334
Y2,kNN,150,1,30.08,27.579999999999995
Y2,kNN,151,1,29.67,27.148000000000003
Y2,kNN,196,1,29.34,27.615333333333336
Y2,kNN,197,1,33.91,28.163999999999998
Y2,kNN,198,1,32.83,28.21933333333333
Y2,kNN,199,1,29.92,27.43466666666667
Y2,kNN,244,1,29.82,27.79333333333334
Y2,kNN,245,1,29.52,27.68
Y2,kNN,246,1,34.45,28.43733333333333
Y2,kNN,247,1,33.01,29.190666666666665
Y2,kNN,292,1,36.12,31.365999999999996
Y2,kNN,293,1,33.17,29.407333333333334
Y2,kNN,294,1,32.71,29.796666666666663
Y2,kNN,295,1,37.58,31.806666666666672
Y2,kNN,340,1,35.56,30.64666666666667
Y2,kNN,341,1,32.64,30.034666666666666
Y2,kNN,342,1,32.77,29.825333333333333
Y2,kNN,343,1,37.72,30.688666666666663
Y2,kNN,388,1,36.35,30.537333333333336
Y2,kNN,389,1,35.1,30.45133333333333
Y2,kNN,390,1,32.83,30.184666666666665
Y2,kNN,391,1,32.46,29.651333333333334
Y2,kNN,436,1,32.12,29.72266666666667
Y2,kNN,437,1,37.12,30.427333333333323
Y2,kNN,438,1,36.16,30.66133333333334
Y2,kNN,439,1,33.16,29.735333333333333
Y2,kNN,484,1,32.25,29.660666666666664
Y2,kNN,485,1,32.0,29.894
Y2,kNN,486,1,37.19,30.935333333333332
Y2,kNN,487,1,35.62,31.618
Y2,kNN,532,1,39.28,33.28666666666667
Y2,kNN,533,1,36.38,31.711999999999996
Y2,kNN,534,1,35.92,32.176
Y2,kNN,535,1,40.99,33.96066666666667
Y2,kNN,580,1,38.35,32.70666666666666
Y2,kNN,581,1,35.39,32.272666666666666
Y2,kNN,582,1,34.94,32.234
Y2,kNN,583,1,40.66,32.907333333333334
Y2,kNN,628,1,37.26,32.715333333333334
Y2,kNN,629,1,35.04,32.84133333333333
Y2,kNN,630,1,33.82,32.74
Y2,kNN,631,1,33.31,32.27733333333333
Y2,kNN,676,1,33.98,32.17133333333333
Y2,kNN,677,1,39.92,32.88066666666667
Y2,kNN,678,1,39.22,33.287333333333336
Y2,kNN,679,1,36.1,32.452666666666666
Y2,kNN,724,1,33.94,31.931333333333335
Y2,kNN,725,1,33.14,32.608666666666664
Y2,kNN,726,1,38.79,33.51733333333333
Y2,kNN,727,1,37.27,33.66866666666667
Y2,kNN,8,2,27.3,28.47733333333333
Y2,kNN,9,2,21.97,26.982666666666667
Y2,kNN,10,2,23.49,27.413333333333334
Y2,kNN,11,2,27.87,29.148666666666664
Y2,kNN,56,2,30.89,29.757333333333335
Y2,kNN,57,2,25.6,27.67733333333333
Y2,kNN,58,2,27.03,27.814666666666668
Y2,kNN,59,2,31.73,30.387999999999998
Y2,kNN,104,2,30.91,30.500000000000004
Y2,kNN,105,2,25.63,27.774666666666672
Y2,kNN,106,2,27.36,27.589333333333336
Y2,kNN,107,2,31.9,30.31133333333333
Y2,kNN,152,2,31.73,30.82
Y2,kNN,153,2,31.01,28.516
Y2,kNN,154,2,25.9,27.967333333333336
Y2,kNN,155,2,27.4,29.05466666666667
Y2,kNN,200,2,27.17,29.438000000000002
Y2,kNN,201,2,31.76,28.6
Y2,kNN,202,2,31.06,28.69666666666667
Y2,kNN,203,2,25.81,29.68866666666667
Y2,kNN,248,2,25.82,29.522000000000002
Y2,kNN,249,2,27.33,29.44533333333333
Y2,kNN,250,2,32.04,31.064000000000004
Y2,kNN,251,2,31.28,30.784
Y2,kNN,296,2,33.98,32.126666666666665
Y2,kNN,297,2,28.61,30.802000000000003
Y2,kNN,298,2,30.12,31.13866666666667
Y2,kNN,299,2,34.73,32.940666666666665
Y2,kNN,344,2,33.37,32.01933333333333
Y2,kNN,345,2,27.89,29.663333333333334
Y2,kNN,346,2,29.9,29.641999999999996
Y2,kNN,347,2,34.52,32.156666666666666
Y2,kNN,392,2,33.52,32.17466666666667
Y2,kNN,393,2,32.93,30.1
Y2,kNN,394,2,28.38,29.658666666666665
Y2,kNN,395,2,29.82,30.84
Y2,kNN,440,2,29.45,30.592
Y2,kNN,441,2,34.19,30.066666666666666
Y2,kNN,442,2,33.93,30.280666666666665
Y2,kNN,443,2,28.31,31.012
Y2,kNN,488,2,28.02,30.103333333333335
Y2,kNN,489,2,29.43,30.949333333333335
Y2,kNN,490,2,34.15,32.553999999999995
Y2,kNN,491,2,33.47,32.099333333333334
Y2,kNN,536,2,35.99,34.90933333333333
Y2,kNN,537,2,30.66,33.15933333333333
Y2,kNN,538,2,31.7,33.60333333333333
Y2,kNN,539,2,36.73,35.57866666666667
Y2,kNN,584,2,35.48,34.220666666666666
Y2,kNN,585,2,30.53,31.79733333333333
Y2,kNN,586,2,32.28,31.931333333333328
Y2,kNN,587,2,36.86,34.605333333333334
Y2,kNN,632,2,35.22,34.22666666666667
Y2,kNN,633,2,34.7,32.063333333333325
Y2,kNN,634,2,30.11,31.67066666666667
Y2,kNN,635,2,31.6,33.06666666666666
Y2,kNN,680,2,31.53,32.876666666666665
Y2,kNN,681,2,36.2,32.57333333333334
Y2,kNN,682,2,36.21,32.96866666666667
Y2,kNN,683,2,31.0,33.59533333333333
Y2,kNN,728,2,29.69,32.845333333333336
Y2,kNN,729,2,31.2,33.31933333333333
Y2,kNN,730,2,36.26,35.054
Y2,kNN,731,2,35.71,34.38733333333333
Y2,kNN,12,3,23.77,31.512666666666675
Y2,kNN,13,3,21.46,29.69333333333333
Y2,kNN,14,3,21.16,30.024
Y2,kNN,15,3,24.93,32.392
Y2,kNN,60,3,27.31,33.58800000000001
Y2,kNN,61,3,24.91,32.03066666666667
Y2,kNN,62,3,24.61,32.421333333333344
Y2,kNN,63,3,28.51,34.54533333333333
Y2,kNN,108,3,27.38,35.014
Y2,kNN,109,3,25.02,32.98933333333334
Y2,kNN,110,3,24.8,32.422
Y2,kNN,111,3,28.79,34.23133333333333
Y2,kNN,156,3,28.68,35.42066666666667
Y2,kNN,157,3,27.54,34.32733333333333
Y2,kNN,158,3,25.35,33.254666666666665
Y2,kNN,159,3,24.93,32.82
Y2,kNN,204,3,24.61,33.62866666666667
Y2,kNN,205,3,28.61,34.50333333333334
Y2,kNN,206,3,27.57,34.537333333333336
Y2,kNN,207,3,25.16,33.89266666666667
Y2,kNN,252,3,25.11,32.827999999999996
Y2,kNN,253,3,24.77,33.79933333333334
Y2,kNN,254,3,28.88,35.391333333333336
Y2,kNN,255,3,27.69,35.19133333333333
Y2,kNN,300,3,30.17,36.361999999999995
Y2,kNN,301,3,27.84,35.144
Y2,kNN,302,3,27.25,35.32266666666667
Y2,kNN,303,3,31.39,37.408
Y2,kNN,348,3,28.27,38.34133333333334
Y2,kNN,349,3,26.96,35.584666666666664
Y2,kNN,350,3,26.72,35.147333333333336
Y2,kNN,351,3,29.88,37.82399999999999
Y2,kNN,396,3,28.77,38.31066666666667
Y2,kNN,397,3,27.76,36.28266666666666
Y2,kNN,398,3,26.95,35.95466666666666
Y2,kNN,399,3,26.41,35.711999999999996
Y2,kNN,444,3,26.3,36.214000000000006
Y2,kNN,445,3,29.43,36.879333333333335
Y2,kNN,446,3,28.76,37.031333333333336
Y2,kNN,447,3,27.34,36.44533333333333
Y2,kNN,492,3,26.53,33.49733333333333
Y2,kNN,493,3,26.08,36.40666666666666
Y2,kNN,494,3,29.31,38.74933333333333
Y2,kNN,495,3,28.14,37.29200000000001
Y2,kNN,540,3,31.71,38.940666666666665
Y2,kNN,541,3,29.13,36.851333333333336
Y2,kNN,542,3,28.99,37.14066666666667
Y2,kNN,543,3,33.54,39.45
Y2,kNN,588,3,30.34,39.10733333333333
Y2,kNN,589,3,27.93,37.41266666666666
Y2,kNN,590,3,28.95,37.04066666666667
Y2,kNN,591,3,32.92,38.620000000000005
Y2,kNN,636,3,32.43,39.292666666666676
Y2,kNN,637,3,30.65,38.49733333333334
Y2,kNN,638,3,29.77,37.784
Y2,kNN,639,3,29.64,37.232666666666674
Y2,kNN,684,3,28.2,37.205333333333336
Y2,kNN,685,3,32.35,38.50266666666668
Y2,kNN,686,3,31.14,38.892
Y2,kNN,687,3,28.43,37.961999999999996
Y2,kNN,732,3,29.93,36.008
Y2,kNN,733,3,29.56,37.748666666666665
Y2,kNN,734,3,33.84,39.522
Y2,kNN,735,3,32.54,38.779999999999994
Y2,kNN,16,4,37.73,25.918888888888887
Y2,kNN,17,4,31.27,23.954444444444444
Y2,kNN,18,4,30.93,24.336666666666666
Y2,kNN,19,4,39.44,26.743333333333332
Y2,kNN,64,4,41.68,27.37777777777778
Y2,kNN,65,4,35.28,25.436666666666664
Y2,kNN,66,4,34.43,25.78666666666667
Y2,kNN,67,4,43.33,27.73
Y2,kNN,112,4,41.07,27.18111111111111
Y2,kNN,113,4,34.62,26.17777777777778
Y2,kNN,114,4,33.87,26.051111111111112
Y2,kNN,115,4,42.86,27.103333333333335
Y2,kNN,160,4,43.12,27.494444444444444
Y2,kNN,161,4,41.22,26.61777777777778
Y2,kNN,162,4,35.1,26.41888888888889
Y2,kNN,163,4,34.29,26.45555555555556
Y2,kNN,208,4,34.25,26.685555555555553
Y2,kNN,209,4,43.3,26.79111111111111
Y2,kNN,210,4,41.86,26.72222222222222
Y2,kNN,211,4,35.29,26.835555555555555
Y2,kNN,256,4,34.99,26.694444444444443
Y2,kNN,257,4,34.18,26.722222222222218
Y2,kNN,258,4,43.14,27.708888888888886
Y2,kNN,259,4,41.26,28.22222222222222
Y2,kNN,304,4,43.8,29.154444444444444
Y2,kNN,305,4,37.81,27.762222222222224
Y2,kNN,306,4,36.85,28.195555555555554
Y2,kNN,307,4,45.52,29.691111111111113
Y2,kNN,352,4,43.86,28.984444444444446
Y2,kNN,353,4,37.41,27.854444444444447
Y2,kNN,354,4,36.77,27.906666666666666
Y2,kNN,355,4,45.97,29.425555555555555
Y2,kNN,400,4,45.13,29.124444444444446
Y2,kNN,401,4,43.66,27.76888888888889
Y2,kNN,402,4,37.76,27.801111111111112
Y2,kNN,403,4,36.87,27.827777777777776
Y2,kNN,448,4,36.26,27.45888888888889
Y2,kNN,449,4,45.48,27.765555555555558
Y2,kNN,450,4,44.16,27.797777777777775
Y2,kNN,451,4,37.26,27.645555555555557
Y2,kNN,496,4,37.54,27.19777777777778
Y2,kNN,497,4,36.66,27.796666666666667
Y2,kNN,498,4,45.28,29.54777777777777
Y2,kNN,499,4,43.73,28.757777777777783
Y2,kNN,544,4,45.29,31.694444444444443
Y2,kNN,545,4,39.07,29.577777777777776
Y2,kNN,546,4,38.35,30.02
Y2,kNN,547,4,46.94,32.558888888888895
Y2,kNN,592,4,45.59,30.459999999999997
Y2,kNN,593,4,39.41,29.988888888888887
Y2,kNN,594,4,38.84,30.168888888888887
Y2,kNN,595,4,48.03,30.99777777777778
Y2,kNN,640,4,46.44,30.646666666666665
Y2,kNN,641,4,44.18,30.195555555555554
Y2,kNN,642,4,38.81,30.197777777777773
Y2,kNN,643,4,38.23,30.26666666666667
Y2,kNN,688,4,38.33,30.14333333333333
Y2,kNN,689,4,47.59,30.874444444444446
Y2,kNN,690,4,46.23,30.880000000000003
Y2,kNN,691,4,39.56,30.735555555555557
Y2,kNN,736,4,38.56,29.88111111111111
Y2,kNN,737,4,37.7,30.327777777777776
Y2,kNN,738,4,47.01,31.466666666666665
Y2,kNN,739,4,44.87,31.561111111111114
Y2,kNN,20,5,29.79,35.033333333333324
Y2,kNN,21,5,29.68,36.52933333333332
Y2,kNN,22,5,29.79,36.27133333333334
Y2,kNN,23,5,29.4,34.51800000000001
Y2,kNN,68,5,33.87,38.819999999999986
Y2,kNN,69,5,34.07,37.406
Y2,kNN,70,5,34.14,36.82466666666666
Y2,kNN,71,5,33.67,37.742
Y2,kNN,116,5,33.91,40.26266666666667
Y2,kNN,117,5,34.07,38.88000000000001
Y2,kNN,118,5,34.17,38.108
Y2,kNN,119,5,33.78,38.68066666666667
Y2,kNN,164,5,33.85,39.335333333333324
Y2,kNN,165,5,34.11,38.812000000000005
Y2,kNN,166,5,34.48,38.821999999999996
Y2,kNN,167,5,34.5,38.670666666666655
Y2,kNN,212,5,34.11,39.68933333333334
Y2,kNN,213,5,33.62,39.46666666666667
Y2,kNN,214,5,33.89,39.563333333333325
Y2,kNN,215,5,34.05,39.913333333333334
Y2,kNN,260,5,34.25,40.124
Y2,kNN,261,5,34.35,39.769333333333336
Y2,kNN,262,5,33.64,40.14733333333333
Y2,kNN,263,5,33.88,39.756
Y2,kNN,308,5,36.85,41.12
Y2,kNN,309,5,37.58,39.21933333333333
Y2,kNN,310,5,37.45,39.21333333333334
Y2,kNN,311,5,36.62,40.04533333333333
Y2,kNN,356,5,36.87,41.67666666666666
Y2,kNN,357,5,37.35,39.87533333333334
Y2,kNN,358,5,37.28,38.891333333333336
Y2,kNN,359,5,36.81,40.226
Y2,kNN,404,5,36.07,41.544000000000004
Y2,kNN,405,5,36.44,40.87133333333332
Y2,kNN,406,5,37.28,39.60600000000001
Y2,kNN,407,5,37.29,40.093333333333334
Y2,kNN,452,5,37.2,41.01133333333333
Y2,kNN,453,5,36.76,41.08599999999999
Y2,kNN,454,5,37.05,40.85133333333333
Y2,kNN,455,5,37.51,40.84133333333333
Y2,kNN,500,5,36.93,40.004666666666665
Y2,kNN,501,5,37.01,41.034
Y2,kNN,502,5,35.73,41.772
Y2,kNN,503,5,36.15,41.50066666666667
Y2,kNN,548,5,39.55,41.81133333333334
Y2,kNN,549,5,40.85,40.83200000000001
Y2,kNN,550,5,40.63,40.812666666666665
Y2,kNN,551,5,39.48,40.465333333333334
Y2,kNN,596,5,39.48,42.255333333333326
Y2,kNN,597,5,40.4,41.53866666666667
Y2,kNN,598,5,40.47,40.85666666666667
Y2,kNN,599,5,39.7,40.79933333333334
Y2,kNN,644,5,38.17,42.43666666666668
Y2,kNN,645,5,38.48,42.257999999999996
Y2,kNN,646,5,39.66,41.45333333333333
Y2,kNN,647,5,40.1,41.926
Y2,kNN,692,5,40.36,41.75933333333333
Y2,kNN,693,5,39.67,42.032
Y2,kNN,694,5,39.85,42.19733333333333
Y2,kNN,695,5,40.77,42.174
Y2,kNN,740,5,39.37,42.424
Y2,kNN,741,5,39.8,42.01533333333334
Y2,kNN,742,5,37.79,42.45
Y2,kNN,743,5,38.18,42.205999999999996
Y2,kNN,24,6,10.9,12.991111111111111
Y2,kNN,25,6,11.19,12.68
Y2,kNN,26,6,10.94,12.742222222222221
Y2,kNN,27,6,11.17,13.024444444444443
Y2,kNN,72,6,13.43,13.986666666666666
Y2,kNN,73,6,13.71,13.967777777777778
Y2,kNN,74,6,13.48,13.952222222222222
Y2,kNN,75,6,13.7,14.141111111111108
Y2,kNN,120,6,13.39,13.95
Y2,kNN,121,6,13.72,13.97111111111111
Y2,kNN,122,6,13.57,14.053333333333335
Y2,kNN,123,6,13.79,14.15
Y2,kNN,168,6,13.6,14.113333333333335
Y2,kNN,169,6,13.36,13.93
Y2,kNN,170,6,13.65,14.018888888888888
Y2,kNN,171,6,13.49,14.197777777777777
Y2,kNN,216,6,13.2,14.02888888888889
Y2,kNN,217,6,13.36,13.997777777777777
Y2,kNN,218,6,13.21,13.994444444444445
Y2,kNN,219,6,13.53,14.321111111111113
Y2,kNN,264,6,13.65,14.293333333333331
Y2,kNN,265,6,13.44,14.058888888888887
Y2,kNN,266,6,13.72,14.222222222222221
Y2,kNN,267,6,13.5,14.415555555555553
Y2,kNN,312,6,15.19,15.142222222222223
Y2,kNN,313,6,15.5,15.486666666666666
Y2,kNN,314,6,15.28,15.469999999999999
Y2,kNN,315,6,15.5,15.353333333333333
Y2,kNN,360,6,14.73,15.244444444444447
Y2,kNN,361,6,15.1,15.243333333333332
Y2,kNN,362,6,15.18,15.334444444444443
Y2,kNN,363,6,15.44,15.525555555555558
Y2,kNN,408,6,14.49,14.988888888888887
Y2,kNN,409,6,13.79,15.04888888888889
Y2,kNN,410,6,14.72,15.20444444444444
Y2,kNN,411,6,14.76,15.194444444444445
Y2,kNN,456,6,14.92,15.032222222222224
Y2,kNN,457,6,15.24,15.044444444444443
Y2,kNN,458,6,15.03,15.121111111111112
Y2,kNN,459,6,15.35,15.513333333333334
Y2,kNN,504,6,14.48,14.804444444444442
Y2,kNN,505,6,14.58,14.83
Y2,kNN,506,6,14.81,15.072222222222223
Y2,kNN,507,6,14.03,14.886666666666665
Y2,kNN,552,6,16.94,16.45888888888889
Y2,kNN,553,6,17.25,16.82888888888889
Y2,kNN,554,6,17.03,17.028888888888886
Y2,kNN,555,6,17.25,16.78
Y2,kNN,600,6,16.43,16.503333333333334
Y2,kNN,601,6,16.93,16.824444444444445
Y2,kNN,602,6,16.99,16.94666666666667
Y2,kNN,603,6,17.03,16.938888888888886
Y2,kNN,648,6,16.08,16.46
Y2,kNN,649,6,15.39,16.774444444444445
Y2,kNN,650,6,16.57,16.954444444444448
Y2,kNN,651,6,16.6,16.646666666666665
Y2,kNN,696,6,16.61,16.005555555555556
Y2,kNN,697,6,16.74,16.11777777777778
Y2,kNN,698,6,16.9,16.184444444444445
Y2,kNN,699,6,17.32,16.549999999999997
Y2,kNN,744,6,16.69,15.967777777777778
Y2,kNN,745,6,16.62,15.870000000000001
Y2,kNN,746,6,16.94,16.206666666666663
Y2,kNN,747,6,16.7,16.272222222222222
Y2,kNN,28,7,11.27,12.952666666666666
Y2,kNN,29,7,11.72,12.626000000000001
Y2,kNN,30,7,11.29,12.668666666666667
Y2,kNN,31,7,11.67,12.938666666666668
Y2,kNN,76,7,13.8,13.785333333333334
Y2,kNN,77,7,14.28,13.56133333333333
Y2,kNN,78,7,13.87,13.589999999999998
Y2,kNN,79,7,14.27,13.902666666666669
Y2,kNN,124,7,13.67,14.044000000000002
Y2,kNN,125,7,14.11,13.857333333333333
Y2,kNN,126,7,13.8,13.932666666666666
Y2,kNN,127,7,14.21,14.166666666666666
Y2,kNN,172,7,14.14,13.848666666666668
Y2,kNN,173,7,13.77,13.859999999999996
Y2,kNN,174,7,14.3,13.889999999999999
Y2,kNN,175,7,13.87,14.003333333333334
Y2,kNN,220,7,13.67,14.138666666666666
Y2,kNN,221,7,14.12,14.010666666666667
Y2,kNN,222,7,13.79,14.068000000000003
Y2,kNN,223,7,14.2,14.298666666666666
Y2,kNN,268,7,14.18,14.249999999999998
Y2,kNN,269,7,13.75,14.095333333333334
Y2,kNN,270,7,14.26,14.147333333333334
Y2,kNN,271,7,13.89,14.322000000000001
Y2,kNN,316,7,15.42,15.225999999999997
Y2,kNN,317,7,15.85,15.31
Y2,kNN,318,7,15.44,15.402666666666667
Y2,kNN,319,7,15.81,15.451999999999996
Y2,kNN,364,7,14.91,14.889333333333331
Y2,kNN,365,7,15.4,15.177999999999999
Y2,kNN,366,7,14.94,15.373333333333333
Y2,kNN,367,7,15.32,15.261333333333331
Y2,kNN,412,7,14.92,14.961999999999998
Y2,kNN,413,7,14.74,15.148000000000003
Y2,kNN,414,7,15.57,15.250666666666666
Y2,kNN,415,7,14.94,15.307333333333336
Y2,kNN,460,7,14.67,14.820666666666664
Y2,kNN,461,7,15.09,15.024666666666665
Y2,kNN,462,7,15.2,15.146666666666667
Y2,kNN,463,7,15.64,15.115999999999998
Y2,kNN,508,7,15.27,15.132666666666665
Y2,kNN,509,7,14.71,14.994
Y2,kNN,510,7,15.23,15.082666666666665
Y2,kNN,511,7,14.97,15.219333333333331
Y2,kNN,556,7,17.1,16.381333333333334
Y2,kNN,557,7,17.51,16.785333333333334
Y2,kNN,558,7,17.12,16.92733333333333
Y2,kNN,559,7,17.47,16.74
Y2,kNN,604,7,16.77,16.417333333333335
Y2,kNN,605,7,17.37,16.683333333333334
Y2,kNN,606,7,17.27,16.945333333333334
Y2,kNN,607,7,17.51,16.905333333333335
Y2,kNN,652,7,16.11,16.264
Y2,kNN,653,7,15.47,16.61
Y2,kNN,654,7,16.7,16.790666666666667
Y2,kNN,655,7,16.1,16.820666666666664
Y2,kNN,700,7,16.85,16.310666666666666
Y2,kNN,701,7,17.2,16.534
Y2,kNN,702,7,17.23,16.75066666666667
Y2,kNN,703,7,17.74,16.822
Y2,kNN,748,7,15.59,16.188666666666666
Y2,kNN,749,7,14.58,16.498000000000005
Y2,kNN,750,7,15.33,16.608
Y2,kNN,751,7,15.31,16.481333333333332
Y2,kNN,32,8,11.74,13.792666666666666
Y2,kNN,33,8,12.05,13.302
Y2,kNN,34,8,11.73,13.298666666666668
Y2,kNN,35,8,11.93,13.798000000000002
Y2,kNN,80,8,14.28,14.367333333333333
Y2,kNN,81,8,14.61,13.962666666666665
Y2,kNN,82,8,14.3,13.960666666666667
Y2,kNN,83,8,14.45,14.408
Y2,kNN,128,8,13.2,14.379333333333333
Y2,kNN,129,8,13.54,14.110000000000003
Y2,kNN,130,8,13.32,14.144000000000002
Y2,kNN,131,8,13.51,14.494666666666667
Y2,kNN,176,8,14.44,14.495999999999999
Y2,kNN,177,8,14.27,14.036
Y2,kNN,178,8,14.67,14.136
Y2,kNN,179,8,14.4,14.592
Y2,kNN,224,8,14.29,14.451999999999998
Y2,kNN,225,8,14.49,14.244666666666665
Y2,kNN,226,8,14.42,14.233333333333333
Y2,kNN,227,8,14.73,14.648666666666667
Y2,kNN,272,8,14.55,14.724
Y2,kNN,273,8,14.28,14.641999999999998
Y2,kNN,274,8,14.46,14.736666666666666
Y2,kNN,275,8,14.39,14.843333333333334
Y2,kNN,320,8,15.21,16.010666666666665
Y2,kNN,321,8,15.63,16.13
Y2,kNN,322,8,15.48,16.108666666666668
Y2,kNN,323,8,15.78,16.069333333333333
Y2,kNN,368,8,15.52,15.858666666666668
Y2,kNN,369,8,15.85,15.573999999999996
Y2,kNN,370,8,15.66,15.65
Y2,kNN,371,8,15.99,16.082666666666665
Y2,kNN,416,8,14.92,15.630666666666668
Y2,kNN,417,8,14.38,15.371333333333332
Y2,kNN,418,8,15.44,15.552
Y2,kNN,419,8,15.17,15.910666666666664
Y2,kNN,464,8,15.37,15.620000000000001
Y2,kNN,465,8,15.73,15.382666666666665
Y2,kNN,466,8,15.83,15.464
Y2,kNN,467,8,16.13,15.997333333333334
Y2,kNN,512,8,15.14,15.641333333333332
Y2,kNN,513,8,14.97,15.591999999999997
Y2,kNN,514,8,15.22,15.76066666666667
Y2,kNN,515,8,14.6,15.773333333333335
Y2,kNN,560,8,16.5,17.346
Y2,kNN,561,8,17.0,17.825333333333333
Y2,kNN,562,8,16.87,17.864
Y2,kNN,563,8,17.2,17.55933333333333
Y2,kNN,608,8,16.44,17.33133333333333
Y2,kNN,609,8,17.01,17.288
Y2,kNN,610,8,17.23,17.412666666666663
Y2,kNN,611,8,17.22,17.69133333333333
Y2,kNN,656,8,16.35,17.176
Y2,kNN,657,8,15.84,17.187333333333335
Y2,kNN,658,8,16.99,17.41
Y2,kNN,659,8,17.02,17.67
Y2,kNN,704,8,16.81,16.96933333333333
Y2,kNN,705,8,16.88,16.80466666666667
Y2,kNN,706,8,16.9,16.901333333333334
Y2,kNN,707,8,17.39,17.492666666666665
Y2,kNN,752,8,16.63,16.784
Y2,kNN,753,8,15.87,17.02266666666667
Y2,kNN,754,8,16.54,17.206
Y2,kNN,755,8,16.74,17.127333333333333
Y2,kNN,36,9,12.4,14.647333333333332
Y2,kNN,37,9,12.23,14.880000000000003
Y2,kNN,38,9,12.4,14.864666666666666
Y2,kNN,39,9,12.14,14.627333333333336
Y2,kNN,84,9,13.9,16.02466666666667
Y2,kNN,85,9,13.72,16.17533333333333
Y2,kNN,86,9,13.88,16.172666666666668
Y2,kNN,87,9,13.65,16.073333333333334
Y2,kNN,132,9,14.86,16.569333333333333
Y2,kNN,133,9,14.75,17.148666666666664
Y2,kNN,134,9,15.0,17.166666666666668
Y2,kNN,135,9,14.74,16.631333333333334
Y2,kNN,180,9,13.46,16.514000000000003
Y2,kNN,181,9,13.7,17.27533333333333
Y2,kNN,182,9,13.59,17.278000000000002
Y2,kNN,183,9,13.83,16.618
Y2,kNN,228,9,14.86,16.616
Y2,kNN,229,9,14.67,17.291333333333334
Y2,kNN,230,9,15.0,17.384666666666668
Y2,kNN,231,9,14.83,16.78333333333333
Y2,kNN,276,9,14.54,16.758
Y2,kNN,277,9,14.81,16.654
Y2,kNN,278,9,14.65,16.73933333333333
Y2,kNN,279,9,14.87,16.802666666666664
Y2,kNN,324,9,16.39,17.662666666666667
Y2,kNN,325,9,16.27,18.425333333333334
Y2,kNN,326,9,16.39,18.470000000000002
Y2,kNN,327,9,16.19,17.75733333333333
Y2,kNN,372,9,15.89,18.068666666666665
Y2,kNN,373,9,15.85,18.53066666666667
Y2,kNN,374,9,16.22,18.610666666666663
Y2,kNN,375,9,15.87,18.258
Y2,kNN,420,9,15.53,17.794666666666664
Y2,kNN,421,9,15.8,18.19533333333333
Y2,kNN,422,9,16.14,18.242666666666665
Y2,kNN,423,9,16.26,18.087333333333333
Y2,kNN,468,9,15.95,17.752666666666663
Y2,kNN,469,9,15.59,18.154
Y2,kNN,470,9,16.17,18.314
Y2,kNN,471,9,16.14,18.081999999999997
Y2,kNN,516,9,15.83,17.191333333333333
Y2,kNN,517,9,16.03,17.758
Y2,kNN,518,9,15.8,17.838666666666665
Y2,kNN,519,9,16.06,17.296666666666667
Y2,kNN,564,9,18.14,19.029333333333337
Y2,kNN,565,9,18.03,19.400666666666666
Y2,kNN,566,9,18.14,19.464
Y2,kNN,567,9,17.95,19.218000000000004
Y2,kNN,612,9,17.85,18.96533333333333
Y2,kNN,613,9,17.89,19.866
Y2,kNN,614,9,18.36,20.002666666666663
Y2,kNN,615,9,18.15,19.32
Y2,kNN,660,9,17.04,18.714666666666666
Y2,kNN,661,9,17.63,19.64
Y2,kNN,662,9,18.1,19.779999999999998
Y2,kNN,663,9,18.22,19.13066666666667
Y2,kNN,708,9,17.86,18.515333333333334
Y2,kNN,709,9,17.82,19.289333333333335
Y2,kNN,710,9,18.36,19.577999999999996
Y2,kNN,711,9,18.24,19.062
Y2,kNN,756,9,17.64,18.380666666666666
Y2,kNN,757,9,17.79,18.569333333333336
Y2,kNN,758,9,17.55,18.736666666666668
Y2,kNN,759,9,18.06,18.591333333333335
Y2,kNN,40,10,16.78,13.466666666666669
Y2,kNN,41,10,16.8,12.906
Y2,kNN,42,10,16.75,12.878000000000004
Y2,kNN,43,10,16.67,13.41
Y2,kNN,88,10,19.37,14.231333333333334
Y2,kNN,89,10,19.43,14.192666666666666
Y2,kNN,90,10,19.34,14.186000000000002
Y2,kNN,91,10,19.32,14.178666666666665
Y2,kNN,136,10,19.23,14.326666666666664
Y2,kNN,137,10,19.34,14.304
Y2,kNN,138,10,19.32,14.258666666666668
Y2,kNN,139,10,19.3,14.300666666666666
Y2,kNN,184,10,19.14,14.475333333333333
Y2,kNN,185,10,19.18,14.246000000000004
Y2,kNN,186,10,19.37,14.304666666666668
Y2,kNN,187,10,19.29,14.485999999999999
Y2,kNN,232,10,19.24,14.461999999999996
Y2,kNN,233,10,19.25,14.386000000000003
Y2,kNN,234,10,19.42,14.399333333333335
Y2,kNN,235,10,19.48,14.529333333333332
Y2,kNN,280,10,19.24,14.685333333333334
Y2,kNN,281,10,19.18,14.576000000000002
Y2,kNN,282,10,19.26,14.593333333333334
Y2,kNN,283,10,19.29,14.712
Y2,kNN,328,10,21.13,15.752666666666666
Y2,kNN,329,10,21.19,15.790000000000001
Y2,kNN,330,10,21.09,15.78
Y2,kNN,331,10,21.08,15.739999999999998
Y2,kNN,376,10,20.47,15.689333333333334
Y2,kNN,377,10,20.56,15.750000000000004
Y2,kNN,378,10,20.48,15.755999999999998
Y2,kNN,379,10,20.43,15.694000000000004
Y2,kNN,424,10,19.87,15.398666666666665
Y2,kNN,425,10,20.03,15.499333333333333
Y2,kNN,426,10,20.46,15.515333333333333
Y2,kNN,427,10,20.28,15.524666666666667
Y2,kNN,472,10,19.65,15.496000000000004
Y2,kNN,473,10,19.76,15.431333333333335
Y2,kNN,474,10,20.37,15.45066666666667
Y2,kNN,475,10,19.9,15.544000000000002
Y2,kNN,520,10,20.13,15.535333333333332
Y2,kNN,521,10,20.01,15.492666666666667
Y2,kNN,522,10,20.19,15.401333333333332
Y2,kNN,523,10,20.29,15.486666666666666
Y2,kNN,568,10,22.72,16.991333333333333
Y2,kNN,569,10,22.73,17.386000000000003
Y2,kNN,570,10,22.72,17.355999999999998
Y2,kNN,571,10,22.53,17.022666666666666
Y2,kNN,616,10,21.72,17.16133333333333
Y2,kNN,617,10,22.07,17.526666666666664
Y2,kNN,618,10,22.09,17.540666666666667
Y2,kNN,619,10,21.93,17.20466666666667
Y2,kNN,664,10,20.78,17.035333333333334
Y2,kNN,665,10,20.72,17.350666666666665
Y2,kNN,666,10,21.54,17.327333333333335
Y2,kNN,667,10,21.53,17.122666666666667
Y2,kNN,712,10,21.68,17.058
Y2,kNN,713,10,21.54,17.294666666666664
Y2,kNN,714,10,22.25,17.302
Y2,kNN,715,10,22.49,17.067333333333334
Y2,kNN,760,10,20.82,16.796
Y2,kNN,761,10,20.21,16.973333333333333
Y2,kNN,762,10,20.71,16.978666666666665
Y2,kNN,763,10,21.4,16.767333333333333
Y2,kNN,44,11,12.07,16.468
Y2,kNN,45,11,12.22,16.326
Y2,kNN,46,11,12.08,16.285999999999998
Y2,kNN,47,11,12.04,16.45
Y2,kNN,92,11,14.34,17.796
Y2,kNN,93,11,14.5,18.459333333333333
Y2,kNN,94,11,14.33,18.477999999999998
Y2,kNN,95,11,14.27,17.758000000000003
Y2,kNN,140,11,14.37,18.262
Y2,kNN,141,11,14.57,18.88
Y2,kNN,142,11,14.27,18.92866666666667
Y2,kNN,143,11,14.24,18.327333333333335
Y2,kNN,188,11,14.09,18.479333333333336
Y2,kNN,189,11,14.23,19.076666666666664
Y2,kNN,190,11,14.14,19.163333333333334
Y2,kNN,191,11,13.89,18.61733333333333
Y2,kNN,236,11,14.37,18.093333333333337
Y2,kNN,237,11,14.34,18.71933333333333
Y2,kNN,238,11,14.28,18.84333333333333
Y2,kNN,239,11,14.47,18.318666666666665
Y2,kNN,284,11,14.24,17.966
Y2,kNN,285,11,13.97,18.235333333333333
Y2,kNN,286,11,13.99,18.362666666666666
Y2,kNN,287,11,14.15,18.151333333333337
Y2,kNN,332,11,15.77,19.8
Y2,kNN,333,11,15.95,19.956666666666663
Y2,kNN,334,11,15.77,20.008
Y2,kNN,335,11,15.76,19.827333333333332
Y2,kNN,380,11,15.32,19.875999999999998
Y2,kNN,381,11,15.64,20.06066666666667
Y2,kNN,382,11,15.14,20.153999999999996
Y2,kNN,383,11,15.3,19.983333333333334
Y2,kNN,428,11,14.89,19.927999999999997
Y2,kNN,429,11,14.96,19.853333333333335
Y2,kNN,430,11,14.89,19.994666666666664
Y2,kNN,431,11,14.35,20.238
Y2,kNN,476,11,15.41,19.506666666666664
Y2,kNN,477,11,15.56,19.718000000000004
Y2,kNN,478,11,15.07,19.88266666666667
Y2,kNN,479,11,15.38,19.839999999999996
Y2,kNN,524,11,15.19,19.175333333333334
Y2,kNN,525,11,14.61,19.362666666666666
Y2,kNN,526,11,14.61,19.537333333333336
Y2,kNN,527,11,14.75,19.474666666666664
Y2,kNN,572,11,17.2,20.15933333333333
Y2,kNN,573,11,17.21,20.729333333333333
Y2,kNN,574,11,17.15,20.795333333333335
Y2,kNN,575,11,17.2,20.28066666666667
Y2,kNN,620,11,17.36,20.358
Y2,kNN,621,11,17.38,21.08866666666667
Y2,kNN,622,11,16.86,21.24266666666666
Y2,kNN,623,11,16.99,20.652
Y2,kNN,668,11,16.9,20.321333333333335
Y2,kNN,669,11,17.14,21.020666666666667
Y2,kNN,670,11,16.56,21.266666666666666
Y2,kNN,671,11,16.0,20.762666666666668
Y2,kNN,716,11,17.1,19.815999999999995
Y2,kNN,717,11,16.79,20.50466666666666
Y2,kNN,718,11,16.58,20.797333333333334
Y2,kNN,719,11,16.79,20.371333333333332
Y2,kNN,764,11,16.88,19.482666666666663
Y2,kNN,765,11,17.11,19.921333333333333
Y2,kNN,766,11,16.61,20.184000000000005
Y2,kNN,767,11,16.03,19.929333333333332
Y2,SVR (RBF),0,0,21.33,27.784159022952796
Y2,SVR (RBF),1,0,21.33,28.07531533716875
Y2,SVR (RBF),2,0,21.33,28.182248729301666
Y2,SVR (RBF),3,0,21.33,28.095089847471428
Y2,SVR (RBF),48,0,26.47,29.590693615744886
Y2,SVR (RBF),49,0,26.37,29.962601782980478
Y2,SVR (RBF),50,0,26.44,30.092993901202135
Y2,SVR (RBF),51,0,26.29,29.969822295395367
Y2,SVR (RBF),96,0,25.95,29.798183495753854
Y2,SVR (RBF),97,0,25.63,30.18681856282111
Y2,SVR (RBF),98,0,26.13,30.32640911950962
Y2,SVR (RBF),99,0,25.89,30.204045322806486
Y2,SVR (RBF),144,0,25.68,29.858767912425073
Y2,SVR (RBF),145,0,26.02,30.258267424962828
Y2,SVR (RBF),146,0,25.84,30.405696924723642
Y2,SVR (RBF),147,0,26.14,30.287409725250786
Y2,SVR (RBF),192,0,25.91,29.76985322550688
Y2,SVR (RBF),193,0,25.72,30.173851228064308
Y2,SVR (RBF),194,0,26.18,30.327392901382332
Y2,SVR (RBF),195,0,25.87,30.216254578240367
Y2,SVR (RBF),240,0,25.64,29.536872281182664
Y2,SVR (RBF),241,0,25.98,29.938800619229674
Y2,SVR (RBF),242,0,25.88,30.096411537476435
Y2,SVR (RBF),243,0,26.18,29.995094054879132
Y2,SVR (RBF),288,0,29.79,31.59288922290704
Y2,SVR (RBF),289,0,29.79,32.04478507771617
Y2,SVR (RBF),290,0,29.28,32.19245270018844
Y2,SVR (RBF),291,0,29.49,32.02224844361328
Y2,SVR (RBF),336,0,29.62,31.793488531944803
Y2,SVR (RBF),337,0,29.69,32.26287279846039
Y2,SVR (RBF),338,0,30.18,32.420714578178966
Y2,SVR (RBF),339,0,30.02,32.252417632386894
Y2,SVR (RBF),384,0,29.43,31.815612071516238
Y2,SVR (RBF),385,0,29.78,32.29536111623743
Y2,SVR (RBF),386,0,30.1,32.46174503014123
Y2,SVR (RBF),387,0,30.19,32.29936547876166
Y2,SVR (RBF),432,0,29.61,31.6585184463134
Y2,SVR (RBF),433,0,29.59,32.14102949048437
Y2,SVR (RBF),434,0,30.19,32.31392268370721
Y2,SVR (RBF),435,0,30.12,32.16118574432583
Y2,SVR (RBF),480,0,29.53,31.330833632848023
Y2,SVR (RBF),481,0,29.77,31.808382771863037
Y2,SVR (RBF),482,0,30.0,31.98541740139415
Y2,SVR (RBF),483,0,30.2,31.84553099853033
Y2,SVR (RBF),528,0,33.37,33.06888237395709
Y2,SVR (RBF),529,0,33.34,33.577288157161675
Y2,SVR (RBF),530,0,32.83,33.73497279421548
Y2,SVR (RBF),531,0,33.04,33.52736733380768
Y2,SVR (RBF),576,0,32.96,33.255511365309616
Y2,SVR (RBF),577,0,33.13,33.781379146687655
Y2,SVR (RBF),578,0,33.94,33.949697211362206
Y2,SVR (RBF),579,0,33.78,33.744901913327624
Y2,SVR (RBF),624,0,32.78,33.24143100064287
Y2,SVR (RBF),625,0,33.24,33.77674539395358
Y2,SVR (RBF),626,0,33.86,33.95387368683224
Y2,SVR (RBF),627,0,34.0,33.756425703909514
Y2,SVR (RBF),672,0,32.95,33.02762851866415
Y2,SVR (RBF),673,0,33.06,33.56393855492723
Y2,SVR (RBF),674,0,33.95,33.74763992659293
Y2,SVR (RBF),675,0,33.88,33.56172294254451
Y2,SVR (RBF),720,0,32.88,32.625325887342
Y2,SVR (RBF),721,0,33.23,33.15414157081015
Y2,SVR (RBF),722,0,33.76,33.34184210218403
Y2,SVR (RBF),723,0,34.01,33.17103699444792
Y2,SVR (RBF),4,1,28.28,26.298285576637795
Y2,SVR (RBF),5,1,25.38,26.62006352451587
Y2,SVR (RBF),6,1,25.16,26.75882122841329
Y2,SVR (RBF),7,1,29.6,26.70164854001243
Y2,SVR (RBF),52,1,32.92,28.650267581730454
Y2,SVR (RBF),53,1,29.87,29.062376764176214
Y2,SVR (RBF),54,1,29.58,29.217687411008825
Y2,SVR (RBF),55,1,34.33,29.101753219580182
Y2,SVR (RBF),100,1,32.54,28.971688325149103
Y2,SVR (RBF),101,1,29.44,29.39376618199272
Y2,SVR (RBF),102,1,29.36,29.548459509164584
Y2,SVR (RBF),103,1,34.2,29.421377197225965
Y2,SVR (RBF),148,1,34.14,29.135427528003046
Y2,SVR (RBF),149,1,32.85,29.56020542983628
Y2,SVR (RBF),150,1,30.08,29.711829826960795
Y2,SVR (RBF),151,1,29.67,29.576192932090358
Y2,SVR (RBF),196,1,29.34,29.134129744303085
Y2,SVR (RBF),197,1,33.91,29.55423392493401
Y2,SVR (RBF),198,1,32.83,29.700494158347798
Y2,SVR (RBF),199,1,29.92,29.559299670929356
Y2,SVR (RBF),244,1,29.82,28.969368001247666
Y2,SVR (RBF),245,1,29.52,29.37769835445303
Y2,SVR (RBF),246,1,34.45,29.516558542027802
Y2,SVR (RBF),247,1,33.01,29.373024463894428
Y2,SVR (RBF),292,1,36.12,31.34761510809553
Y2,SVR (RBF),293,1,33.17,31.86182104092432
Y2,SVR (RBF),294,1,32.71,32.03483241040745
Y2,SVR (RBF),295,1,37.58,31.850566072976783
Y2,SVR (RBF),340,1,35.56,31.672441408111936
Y2,SVR (RBF),341,1,32.64,32.197587615175735
Y2,SVR (RBF),342,1,32.77,32.370846510649756
Y2,SVR (RBF),343,1,37.72,32.1761102118984
Y2,SVR (RBF),388,1,36.35,31.79720768730289
Y2,SVR (RBF),389,1,35.1,32.32441655342561
Y2,SVR (RBF),390,1,32.83,32.495188508960176
Y2,SVR (RBF),391,1,32.46,32.29364522288608
Y2,SVR (RBF),436,1,32.12,31.71643197787484
Y2,SVR (RBF),437,1,37.12,32.23675133331512
Y2,SVR (RBF),438,1,36.16,32.402430237785836
Y2,SVR (RBF),439,1,33.16,32.19806235421694
Y2,SVR (RBF),484,1,32.25,31.435392665052085
Y2,SVR (RBF),485,1,32.0,31.94024697584938
Y2,SVR (RBF),486,1,37.19,32.09847310634794
Y2,SVR (RBF),487,1,35.62,31.895356320308604
Y2,SVR (RBF),532,1,39.28,33.47074571792092
Y2,SVR (RBF),533,1,36.38,34.060661510243
Y2,SVR (RBF),534,1,35.92,34.24261769951266
Y2,SVR (RBF),535,1,40.99,33.999708069533355
Y2,SVR (RBF),580,1,38.35,33.7873705352756
Y2,SVR (RBF),581,1,35.39,34.38878056921183
Y2,SVR (RBF),582,1,34.94,34.57181982188479
Y2,SVR (RBF),583,1,40.66,34.319480199444634
Y2,SVR (RBF),628,1,37.26,33.8717244683806
Y2,SVR (RBF),629,1,35.04,34.47459350075861
Y2,SVR (RBF),630,1,33.82,34.65583716456963
Y2,SVR (RBF),631,1,33.31,34.39861304833475
Y2,SVR (RBF),676,1,33.98,33.720243811049095
Y2,SVR (RBF),677,1,39.92,34.31448984078624
Y2,SVR (RBF),678,1,39.22,34.491153921956716
Y2,SVR (RBF),679,1,36.1,34.23381815021881
Y2,SVR (RBF),724,1,33.94,33.341431464967556
Y2,SVR (RBF),725,1,33.14,33.91742697946826
Y2,SVR (RBF),726,1,38.79,34.08694918009563
Y2,SVR (RBF),727,1,37.27,33.83424294254449
Y2,SVR (RBF),8,2,27.3,24.18680338402568
Y2,SVR (RBF),9,2,21.97,24.41606081465273
Y2,SVR (RBF),10,2,23.49,24.531153635478958
Y2,SVR (RBF),11,2,27.87,24.521566696872462
Y2,SVR (RBF),56,2,30.89,26.3003260564969
Y2,SVR (RBF),57,2,25.6,26.614860033628737
Y2,SVR (RBF),58,2,27.03,26.748842795737072
Y2,SVR (RBF),59,2,31.73,26.690012613307807
Y2,SVR (RBF),104,2,30.91,26.548136728316667
Y2,SVR (RBF),105,2,25.63,26.870314068336125
Y2,SVR (RBF),106,2,27.36,27.00390442193412
Y2,SVR (RBF),107,2,31.9,26.936671887722706
Y2,SVR (RBF),152,2,31.73,26.679190131063894
Y2,SVR (RBF),153,2,31.01,27.00301324495148
Y2,SVR (RBF),154,2,25.9,27.133853964024947
Y2,SVR (RBF),155,2,27.4,27.05971794771368
Y2,SVR (RBF),200,2,27.17,26.687687428528662
Y2,SVR (RBF),201,2,31.76,27.007090328799638
Y2,SVR (RBF),202,2,31.06,27.132951683437653
Y2,SVR (RBF),203,2,25.81,27.053723270630925
Y2,SVR (RBF),248,2,25.82,26.5747887337758
Y2,SVR (RBF),249,2,27.33,26.88396855620862
Y2,SVR (RBF),250,2,32.04,27.002861388384563
Y2,SVR (RBF),251,2,31.28,26.92054812948862
Y2,SVR (RBF),296,2,33.98,28.890095446528697
Y2,SVR (RBF),297,2,28.61,29.30801346149299
Y2,SVR (RBF),298,2,30.12,29.464308712776674
Y2,SVR (RBF),299,2,34.73,29.344662984363126
Y2,SVR (RBF),344,2,33.37,29.132712230633494
Y2,SVR (RBF),345,2,27.89,29.55901549614139
Y2,SVR (RBF),346,2,29.9,29.715829862491034
Y2,SVR (RBF),347,2,34.52,29.588778559948338
Y2,SVR (RBF),392,2,33.52,29.21805961038874
Y2,SVR (RBF),393,2,32.93,29.645113361665388
Y2,SVR (RBF),394,2,28.38,29.79972094021938
Y2,SVR (RBF),395,2,29.82,29.667696738195264
Y2,SVR (RBF),440,2,29.45,29.142539294725076
Y2,SVR (RBF),441,2,34.19,29.562683049287145
Y2,SVR (RBF),442,2,33.93,29.712458880889564
Y2,SVR (RBF),443,2,28.31,29.578113349672574
Y2,SVR (RBF),488,2,28.02,28.91122802158739
Y2,SVR (RBF),489,2,29.43,29.31718043029492
Y2,SVR (RBF),490,2,34.15,29.45973317768359
Y2,SVR (RBF),491,2,33.47,29.32578509941807
Y2,SVR (RBF),536,2,35.99,31.035436224181467
Y2,SVR (RBF),537,2,30.66,31.53484925022418
Y2,SVR (RBF),538,2,31.7,31.705440431909683
Y2,SVR (RBF),539,2,36.73,31.531569780287334
Y2,SVR (RBF),584,2,35.48,31.265620654244287
Y2,SVR (RBF),585,2,30.53,31.773883566919636
Y2,SVR (RBF),586,2,32.28,31.945867756108733
Y2,SVR (RBF),587,2,36.86,31.765794282420813
Y2,SVR (RBF),632,2,35.22,31.306160694378555
Y2,SVR (RBF),633,2,34.7,31.81439542486372
Y2,SVR (RBF),634,2,30.11,31.984817457966045
Y2,SVR (RBF),635,2,31.6,31.80177982531349
Y2,SVR (RBF),680,2,31.53,31.155591575992148
Y2,SVR (RBF),681,2,36.2,31.654930937267622
Y2,SVR (RBF),682,2,36.21,31.82090540530711
Y2,SVR (RBF),683,2,31.0,31.638265058722748
Y2,SVR (RBF),728,2,29.69,30.822414316943878
Y2,SVR (RBF),729,2,31.2,31.304460020368346
Y2,SVR (RBF),730,2,36.26,31.46331674802697
Y2,SVR (RBF),731,2,35.71,31.284377483747036
Y2,SVR (RBF),12,3,23.77,26.54225206733934
Y2,SVR (RBF),13,3,21.46,26.77011291192022
Y2,SVR (RBF),14,3,21.16,26.78842202364892
Y2,SVR (RBF),15,3,24.93,26.595610862225463
Y2,SVR (RBF),60,3,27.31,28.86235719486482
Y2,SVR (RBF),61,3,24.91,29.19878553305799
Y2,SVR (RBF),62,3,24.61,29.25356394298634
Y2,SVR (RBF),63,3,28.51,29.021750904520808
Y2,SVR (RBF),108,3,27.38,29.139893539852693
Y2,SVR (RBF),109,3,25.02,29.50185260792483
Y2,SVR (RBF),110,3,24.8,29.572742993149646
Y2,SVR (RBF),111,3,28.79,29.346125179141072
Y2,SVR (RBF),156,3,28.68,29.243406891026584
Y2,SVR (RBF),157,3,27.54,29.625197818202345
Y2,SVR (RBF),158,3,25.35,29.711587111890637
Y2,SVR (RBF),159,3,24.93,29.49469177751687
Y2,SVR (RBF),204,3,24.61,29.16837285341206
Y2,SVR (RBF),205,3,28.61,29.563351878747362
Y2,SVR (RBF),206,3,27.57,29.663877051427193
Y2,SVR (RBF),207,3,25.16,29.460746263649334
Y2,SVR (RBF),252,3,25.11,28.91958528744915
Y2,SVR (RBF),253,3,24.77,29.320505730436977
Y2,SVR (RBF),254,3,28.88,29.433117765033384
Y2,SVR (RBF),255,3,27.69,29.24708854555585
Y2,SVR (RBF),300,3,30.17,31.499145712658702
Y2,SVR (RBF),301,3,27.84,31.950818510001753
Y2,SVR (RBF),302,3,27.25,32.03874540988403
Y2,SVR (RBF),303,3,31.39,31.754921576943598
Y2,SVR (RBF),348,3,28.27,31.77762007741636
Y2,SVR (RBF),349,3,26.96,32.2564995511387
Y2,SVR (RBF),350,3,26.72,32.36219751079296
Y2,SVR (RBF),351,3,29.88,32.085057468227866
Y2,SVR (RBF),396,3,28.77,31.840448636568553
Y2,SVR (RBF),397,3,27.76,32.33900768578388
Y2,SVR (RBF),398,3,26.95,32.461330718990354
Y2,SVR (RBF),399,3,26.41,32.19621336470367
Y2,SVR (RBF),444,3,26.3,31.685065136651616
Y2,SVR (RBF),445,3,29.43,32.194838675932616
Y2,SVR (RBF),446,3,28.76,32.33183622726421
Y2,SVR (RBF),447,3,27.34,32.0834842148481
Y2,SVR (RBF),492,3,26.53,31.320022660789917
Y2,SVR (RBF),493,3,26.08,31.8320342351292
Y2,SVR (RBF),494,3,29.31,31.981043814846764
Y2,SVR (RBF),495,3,28.14,31.753353722011354
Y2,SVR (RBF),540,3,31.71,33.51394076185704
Y2,SVR (RBF),541,3,29.13,34.05789988301524
Y2,SVR (RBF),542,3,28.99,34.174416747606564
Y2,SVR (RBF),543,3,33.54,33.852838517371026
Y2,SVR (RBF),588,3,30.34,33.783812113161076
Y2,SVR (RBF),589,3,27.93,34.355450429026156
Y2,SVR (RBF),590,3,28.95,34.49052674011053
Y2,SVR (RBF),591,3,32.92,34.17666381331749
Y2,SVR (RBF),636,3,32.43,33.807174403897285
Y2,SVR (RBF),637,3,30.65,34.3975165016605
Y2,SVR (RBF),638,3,29.77,34.549533803680205
Y2,SVR (RBF),639,3,29.64,34.24927222160723
Y2,SVR (RBF),684,3,28.2,33.58333942684403
Y2,SVR (RBF),685,3,32.35,34.18251803348219
Y2,SVR (RBF),686,3,31.14,34.349037911215106
Y2,SVR (RBF),687,3,28.43,34.0675919772879
Y2,SVR (RBF),732,3,29.93,33.124002277683836
Y2,SVR (RBF),733,3,29.56,33.72174862565948
Y2,SVR (RBF),734,3,33.84,33.89962925681042
Y2,SVR (RBF),735,3,32.54,33.64127357434276
Y2,SVR (RBF),16,4,37.73,26.09494049109907
Y2,SVR (RBF),17,4,31.27,26.323337878377444
Y2,SVR (RBF),18,4,30.93,26.420189956825624
Y2,SVR (RBF),19,4,39.44,26.376385765577165
Y2,SVR (RBF),64,4,41.68,28.281906798688752
Y2,SVR (RBF),65,4,35.28,28.60244709890288
Y2,SVR (RBF),66,4,34.43,28.722719006968898
Y2,SVR (RBF),67,4,43.33,28.63143350891504
Y2,SVR (RBF),112,4,41.07,28.58318040512106
Y2,SVR (RBF),113,4,34.62,28.9174878159196
Y2,SVR (RBF),114,4,33.87,29.041433386951972
Y2,SVR (RBF),115,4,42.86,28.94338312007566
Y2,SVR (RBF),160,4,43.12,28.74117035490137
Y2,SVR (RBF),161,4,41.22,29.083027779179123
Y2,SVR (RBF),162,4,35.1,29.20876349401022
Y2,SVR (RBF),163,4,34.29,29.10657535579717
Y2,SVR (RBF),208,4,34.25,28.748770750766642
Y2,SVR (RBF),209,4,43.3,29.091620319071865
Y2,SVR (RBF),210,4,41.86,29.217183871760653
Y2,SVR (RBF),211,4,35.29,29.11367536625928
Y2,SVR (RBF),256,4,34.99,28.607762534003086
Y2,SVR (RBF),257,4,34.18,28.94507031032663
Y2,SVR (RBF),258,4,43.14,29.068511685746177
Y2,SVR (RBF),259,4,41.26,28.966499818454643
Y2,SVR (RBF),304,4,43.8,30.799696598466568
Y2,SVR (RBF),305,4,37.81,31.22428381761194
Y2,SVR (RBF),306,4,36.85,31.369744000547666
Y2,SVR (RBF),307,4,45.52,31.2224581501046
Y2,SVR (RBF),352,4,43.86,31.089082255343445
Y2,SVR (RBF),353,4,37.41,31.528228372219047
Y2,SVR (RBF),354,4,36.77,31.67853306328867
Y2,SVR (RBF),355,4,45.97,31.52592392069272
Y2,SVR (RBF),400,4,45.13,31.19607417622646
Y2,SVR (RBF),401,4,43.66,31.64193091682004
Y2,SVR (RBF),402,4,37.76,31.794790170559786
Y2,SVR (RBF),403,4,36.87,31.640340554606034
Y2,SVR (RBF),448,4,36.26,31.11601347310558
Y2,SVR (RBF),449,4,45.48,31.560431931741483
Y2,SVR (RBF),450,4,44.16,31.71344021154954
Y2,SVR (RBF),451,4,37.26,31.560713208489332
Y2,SVR (RBF),496,4,37.54,30.85475105752014
Y2,SVR (RBF),497,4,36.66,31.28971880578344
Y2,SVR (RBF),498,4,45.28,31.440467670230834
Y2,SVR (RBF),499,4,43.73,31.292884343588778
Y2,SVR (RBF),544,4,45.29,32.807570983280094
Y2,SVR (RBF),545,4,39.07,33.31323019638766
Y2,SVR (RBF),546,4,38.35,33.47645433572501
Y2,SVR (RBF),547,4,46.94,33.28198901406963
Y2,SVR (RBF),592,4,45.59,33.07576627916379
Y2,SVR (RBF),593,4,39.41,33.59620263353211
Y2,SVR (RBF),594,4,38.84,33.765191157367326
Y2,SVR (RBF),595,4,48.03,33.56693909088402
Y2,SVR (RBF),640,4,46.44,33.13220573106611
Y2,SVR (RBF),641,4,44.18,33.65835550920259
Y2,SVR (RBF),642,4,38.81,33.83052922409556
Y2,SVR (RBF),643,4,38.23,33.632636811891665
Y2,SVR (RBF),688,4,38.33,32.97463350621784
Y2,SVR (RBF),689,4,47.59,33.49717906140158
Y2,SVR (RBF),690,4,46.23,33.66981247056729
Y2,SVR (RBF),691,4,39.56,33.47640109327469
Y2,SVR (RBF),736,4,38.56,32.612396604959095
Y2,SVR (RBF),737,4,37.7,33.122253681477595
Y2,SVR (RBF),738,4,47.01,33.292603485750305
Y2,SVR (RBF),739,4,44.87,33.107527176140245
Y2,SVR (RBF),20,5,29.79,28.11291759291845
Y2,SVR (RBF),21,5,29.68,28.472283453877658
Y2,SVR (RBF),22,5,29.79,28.54650265818924
Y2,SVR (RBF),23,5,29.4,28.32871783536229
Y2,SVR (RBF),68,5,33.87,30.205224149731976
Y2,SVR (RBF),69,5,34.07,30.645096190520746
Y2,SVR (RBF),70,5,34.14,30.734586631196606
Y2,SVR (RBF),71,5,33.67,30.46541593146513
Y2,SVR (RBF),116,5,33.91,30.581488583004507
Y2,SVR (RBF),117,5,34.07,31.03594860901972
Y2,SVR (RBF),118,5,34.17,31.127637586959974
Y2,SVR (RBF),119,5,33.78,30.848064033040135
Y2,SVR (RBF),164,5,33.85,30.75645869020875
Y2,SVR (RBF),165,5,34.11,31.21833616509957
Y2,SVR (RBF),166,5,34.48,31.311099710228664
Y2,SVR (RBF),167,5,34.5,31.02614966181578
Y2,SVR (RBF),212,5,34.11,30.7220609696901
Y2,SVR (RBF),213,5,33.62,31.183851352981804
Y2,SVR (RBF),214,5,33.89,31.2765263516702
Y2,SVR (RBF),215,5,34.05,30.991485926934292
Y2,SVR (RBF),260,5,34.25,30.480844622674955
Y2,SVR (RBF),261,5,34.35,30.935071915420515
Y2,SVR (RBF),262,5,33.64,31.02649554369806
Y2,SVR (RBF),263,5,33.88,30.746623286484613
Y2,SVR (RBF),308,5,36.85,32.20257797514235
Y2,SVR (RBF),309,5,37.58,32.72108081431373
Y2,SVR (RBF),310,5,37.45,32.82697150176825
Y2,SVR (RBF),311,5,36.62,32.51045047836102
Y2,SVR (RBF),356,5,36.87,32.57989836025233
Y2,SVR (RBF),357,5,37.35,33.113713127959976
Y2,SVR (RBF),358,5,37.28,33.2225102181779
Y2,SVR (RBF),359,5,36.81,32.89621239145854
Y2,SVR (RBF),404,5,36.07,32.724443166172634
Y2,SVR (RBF),405,5,36.44,33.26516143792266
Y2,SVR (RBF),406,5,37.28,33.37548376666453
Y2,SVR (RBF),407,5,37.29,33.04518283145475
Y2,SVR (RBF),452,5,37.2,32.62960923744278
Y2,SVR (RBF),453,5,36.76,33.16851369326011
Y2,SVR (RBF),454,5,37.05,33.27891946101983
Y2,SVR (RBF),455,5,37.51,32.95058277689677
Y2,SVR (RBF),500,5,36.93,32.3007764255384
Y2,SVR (RBF),501,5,37.01,32.829258898529815
Y2,SVR (RBF),502,5,35.73,32.93829828828626
Y2,SVR (RBF),503,5,36.15,32.61776919075942
Y2,SVR (RBF),548,5,39.55,33.52751604637966
Y2,SVR (RBF),549,5,40.85,34.099087744070914
Y2,SVR (RBF),550,5,40.63,34.21612140604579
Y2,SVR (RBF),551,5,39.48,33.86778414680842
Y2,SVR (RBF),596,5,39.48,33.89087926771377
Y2,SVR (RBF),597,5,40.4,34.47784035194734
Y2,SVR (RBF),598,5,40.47,34.5983398878129
Y2,SVR (RBF),599,5,39.7,34.24121572403064
Y2,SVR (RBF),644,5,38.17,34.00135884694305
Y2,SVR (RBF),645,5,38.48,34.59447602176232
Y2,SVR (RBF),646,5,39.66,34.71687217339084
Y2,SVR (RBF),647,5,40.1,34.35720093197666
Y2,SVR (RBF),692,5,40.36,33.85398060307112
Y2,SVR (RBF),693,5,39.67,34.443746915636964
Y2,SVR (RBF),694,5,39.85,34.56639150245157
Y2,SVR (RBF),695,5,40.77,34.210536543454154
Y2,SVR (RBF),740,5,39.37,33.45654129292251
Y2,SVR (RBF),741,5,39.8,34.033629542222386
Y2,SVR (RBF),742,5,37.79,34.15485858668047
Y2,SVR (RBF),743,5,38.18,33.80897379573289
Y2,SVR (RBF),24,6,10.9,12.964230887410686
Y2,SVR (RBF),25,6,11.19,12.781338551081296
Y2,SVR (RBF),26,6,10.94,12.847672243127509
Y2,SVR (RBF),27,6,11.17,13.156968502131543
Y2,SVR (RBF),72,6,13.43,13.513489869631993
Y2,SVR (RBF),73,6,13.71,13.369638998226694
Y2,SVR (RBF),74,6,13.48,13.45744027765429
Y2,SVR (RBF),75,6,13.7,13.768625705940362
Y2,SVR (RBF),120,6,13.39,13.428217087815796
Y2,SVR (RBF),121,6,13.72,13.285178595709535
Y2,SVR (RBF),122,6,13.57,13.375725532497162
Y2,SVR (RBF),123,6,13.79,13.691325013632722
Y2,SVR (RBF),168,6,13.6,13.438197786894365
Y2,SVR (RBF),169,6,13.36,13.297802087745787
Y2,SVR (RBF),170,6,13.65,13.38984968709612
Y2,SVR (RBF),171,6,13.49,13.705660199467102
Y2,SVR (RBF),216,6,13.2,13.54324251205703
Y2,SVR (RBF),217,6,13.36,13.40720637887657
Y2,SVR (RBF),218,6,13.21,13.499442283543305
Y2,SVR (RBF),219,6,13.53,13.811246369755578
Y2,SVR (RBF),264,6,13.65,13.739648763698769
Y2,SVR (RBF),265,6,13.44,13.609518139470957
Y2,SVR (RBF),266,6,13.72,13.700617201397762
Y2,SVR (RBF),267,6,13.5,14.004344128140925
Y2,SVR (RBF),312,6,15.19,14.948695696133042
Y2,SVR (RBF),313,6,15.5,14.875385132345041
Y2,SVR (RBF),314,6,15.28,14.988923974548687
Y2,SVR (RBF),315,6,15.5,15.278659192821165
Y2,SVR (RBF),360,6,14.73,14.834609893390182
Y2,SVR (RBF),361,6,15.1,14.762252653350691
Y2,SVR (RBF),362,6,15.18,14.879589819208855
Y2,SVR (RBF),363,6,15.44,15.175605947107435
Y2,SVR (RBF),408,6,14.49,14.793406750386707
Y2,SVR (RBF),409,6,13.79,14.722721036778701
Y2,SVR (RBF),410,6,14.72,14.842197495266337
Y2,SVR (RBF),411,6,14.76,15.14061401870671
Y2,SVR (RBF),456,6,14.92,14.827356502004738
Y2,SVR (RBF),457,6,15.24,14.758993386339377
Y2,SVR (RBF),458,6,15.03,14.87885190000748
Y2,SVR (RBF),459,6,15.35,15.175668529107801
Y2,SVR (RBF),504,6,14.48,14.9360806744073
Y2,SVR (RBF),505,6,14.58,14.870615364172668
Y2,SVR (RBF),506,6,14.81,14.989076587456164
Y2,SVR (RBF),507,6,14.03,15.280327018308515
Y2,SVR (RBF),552,6,16.94,16.628647945241276
Y2,SVR (RBF),553,6,17.25,16.627909573606644
Y2,SVR (RBF),554,6,17.03,16.761301235840133
Y2,SVR (RBF),555,6,17.25,17.01633649062812
Y2,SVR (RBF),600,6,16.43,16.494761717107533
Y2,SVR (RBF),601,6,16.93,16.495163767938323
Y2,SVR (RBF),602,6,16.99,16.633205085298393
Y2,SVR (RBF),603,6,17.03,16.89595843809891
Y2,SVR (RBF),648,6,16.08,16.40834676830859
Y2,SVR (RBF),649,6,15.39,16.409482569755056
Y2,SVR (RBF),650,6,16.57,16.55018708397627
Y2,SVR (RBF),651,6,16.6,16.817278287879994
Y2,SVR (RBF),696,6,16.61,16.373832370882262
Y2,SVR (RBF),697,6,16.74,16.375272403634185
Y2,SVR (RBF),698,6,16.9,16.516529906834208
Y2,SVR (RBF),699,6,17.32,16.784365915874744
Y2,SVR (RBF),744,6,16.69,16.393984361889512
Y2,SVR (RBF),745,6,16.62,16.39531582076345
Y2,SVR (RBF),746,6,16.94,16.534985961545207
Y2,SVR (RBF),747,6,16.7,16.79989979665976
Y2,SVR (RBF),28,7,11.27,13.18790869925649
Y2,SVR (RBF),29,7,11.72,12.994849254278455
Y2,SVR (RBF),30,7,11.29,13.045729512473677
Y2,SVR (RBF),31,7,11.67,13.335718882196199
Y2,SVR (RBF),76,7,13.8,13.825049124854509
Y2,SVR (RBF),77,7,14.28,13.674485564055335
Y2,SVR (RBF),78,7,13.87,13.747712170929102
Y2,SVR (RBF),79,7,14.27,14.037810259225058
Y2,SVR (RBF),124,7,13.67,13.73408385067486
Y2,SVR (RBF),125,7,14.11,13.583358479951716
Y2,SVR (RBF),126,7,13.8,13.658617002539362
Y2,SVR (RBF),127,7,14.21,13.952742695782586
Y2,SVR (RBF),172,7,14.14,13.732650419325251
Y2,SVR (RBF),173,7,13.77,13.583614465957499
Y2,SVR (RBF),174,7,14.3,13.659822255993848
Y2,SVR (RBF),175,7,13.87,13.954061386749643
Y2,SVR (RBF),220,7,13.67,13.82119673361902
Y2,SVR (RBF),221,7,14.12,13.675635539609083
Y2,SVR (RBF),222,7,13.79,13.75166820498632
Y2,SVR (RBF),223,7,14.2,14.04209324266876
Y2,SVR (RBF),268,7,14.18,13.996907611224335
Y2,SVR (RBF),269,7,13.75,13.856483549615678
Y2,SVR (RBF),270,7,14.26,13.93122379624402
Y2,SVR (RBF),271,7,13.89,14.214043974155974
Y2,SVR (RBF),316,7,15.42,15.391480549405294
Y2,SVR (RBF),317,7,15.85,15.318786741742421
Y2,SVR (RBF),318,7,15.44,15.420972494975192
Y2,SVR (RBF),319,7,15.81,15.68843066084769
Y2,SVR (RBF),364,7,14.91,15.278186729435596
Y2,SVR (RBF),365,7,15.4,15.205726062966031
Y2,SVR (RBF),366,7,14.94,15.311048056302072
Y2,SVR (RBF),367,7,15.32,15.584244877669622
Y2,SVR (RBF),412,7,14.92,15.230208178964261
Y2,SVR (RBF),413,7,14.74,15.158606048517179
Y2,SVR (RBF),414,7,15.57,15.265511846572398
Y2,SVR (RBF),415,7,14.94,15.540863022447162
Y2,SVR (RBF),460,7,14.67,15.250233288855544
Y2,SVR (RBF),461,7,15.09,15.18008897346477
Y2,SVR (RBF),462,7,15.2,15.286953640052207
Y2,SVR (RBF),463,7,15.64,15.560763084486043
Y2,SVR (RBF),508,7,15.27,15.338639740861506
Y2,SVR (RBF),509,7,14.71,15.27052336239296
Y2,SVR (RBF),510,7,15.23,15.375722652264976
Y2,SVR (RBF),511,7,14.97,15.644325018381156
Y2,SVR (RBF),556,7,17.1,17.177049113213535
Y2,SVR (RBF),557,7,17.51,17.183802565042427
Y2,SVR (RBF),558,7,17.12,17.30929755842452
Y2,SVR (RBF),559,7,17.47,17.541768472292468
Y2,SVR (RBF),604,7,16.77,17.050781559905598
Y2,SVR (RBF),605,7,17.37,17.05825073661349
Y2,SVR (RBF),606,7,17.27,17.187811632686135
Y2,SVR (RBF),607,7,17.51,17.42731195505159
Y2,SVR (RBF),652,7,16.11,16.96300252273537
Y2,SVR (RBF),653,7,15.47,16.97058582221226
Y2,SVR (RBF),654,7,16.7,17.102276913726406
Y2,SVR (RBF),655,7,16.1,17.34571829004888
Y2,SVR (RBF),700,7,16.85,16.918298627724653
Y2,SVR (RBF),701,7,17.2,16.925403230186646
Y2,SVR (RBF),702,7,17.23,17.05718961772249
Y2,SVR (RBF),703,7,17.74,17.301286094443803
Y2,SVR (RBF),748,7,15.59,16.920000809248737
Y2,SVR (RBF),749,7,14.58,16.926092943637677
Y2,SVR (RBF),750,7,15.33,17.055933959445504
Y2,SVR (RBF),751,7,15.31,17.297329791077185
Y2,SVR (RBF),32,8,11.74,13.681896837899536
Y2,SVR (RBF),33,8,12.05,13.526153010219971
Y2,SVR (RBF),34,8,11.73,13.58058882539364
Y2,SVR (RBF),35,8,11.93,13.840147855464545
Y2,SVR (RBF),80,8,14.28,14.360953069205078
Y2,SVR (RBF),81,8,14.61,14.248623391450831
Y2,SVR (RBF),82,8,14.3,14.324087989555913
Y2,SVR (RBF),83,8,14.45,14.580329902114151
Y2,SVR (RBF),128,8,13.2,14.262911668470391
Y2,SVR (RBF),129,8,13.54,14.150310083969728
Y2,SVR (RBF),130,8,13.32,14.227842260877168
Y2,SVR (RBF),131,8,13.51,14.488286280090236
Y2,SVR (RBF),176,8,14.44,14.242869628646064
Y2,SVR (RBF),177,8,14.27,14.131393095315556
Y2,SVR (RBF),178,8,14.67,14.20998326972007
Y2,SVR (RBF),179,8,14.4,14.471307062393358
Y2,SVR (RBF),224,8,14.29,14.30228996619002
Y2,SVR (RBF),225,8,14.49,14.19330183077438
Y2,SVR (RBF),226,8,14.42,14.271894781619094
Y2,SVR (RBF),227,8,14.73,14.530723209764986
Y2,SVR (RBF),272,8,14.55,14.439757488456813
Y2,SVR (RBF),273,8,14.28,14.33454161388509
Y2,SVR (RBF),274,8,14.46,14.412076670397976
Y2,SVR (RBF),275,8,14.39,14.665104275247257
Y2,SVR (RBF),320,8,15.21,15.95857639198172
Y2,SVR (RBF),321,8,15.63,15.923818809726445
Y2,SVR (RBF),322,8,15.48,16.026270563518388
Y2,SVR (RBF),323,8,15.78,16.256416000709983
Y2,SVR (RBF),368,8,15.52,15.840496260231905
Y2,SVR (RBF),369,8,15.85,15.805995822444823
Y2,SVR (RBF),370,8,15.66,15.911672929569995
Y2,SVR (RBF),371,8,15.99,16.14769948824685
Y2,SVR (RBF),416,8,14.92,15.775747031711752
Y2,SVR (RBF),417,8,14.38,15.741684676832097
Y2,SVR (RBF),418,8,15.44,15.849143094838118
Y2,SVR (RBF),419,8,15.17,16.088115762496265
Y2,SVR (RBF),464,8,15.37,15.767938042907357
Y2,SVR (RBF),465,8,15.73,15.73449367799682
Y2,SVR (RBF),466,8,15.83,15.842208606967986
Y2,SVR (RBF),467,8,16.13,16.081040016567762
Y2,SVR (RBF),512,8,15.14,15.818777901261718
Y2,SVR (RBF),513,8,14.97,15.786138330880748
Y2,SVR (RBF),514,8,15.22,15.892567191192398
Y2,SVR (RBF),515,8,14.6,16.1281297685466
Y2,SVR (RBF),560,8,16.5,17.740126700279056
Y2,SVR (RBF),561,8,17.0,17.783114162620812
Y2,SVR (RBF),562,8,16.87,17.90711532532885
Y2,SVR (RBF),563,8,17.2,18.1006208120992
Y2,SVR (RBF),608,8,16.44,17.61177071042829
Y2,SVR (RBF),609,8,17.01,17.65564882696776
Y2,SVR (RBF),610,8,17.23,17.783866328139766
Y2,SVR (RBF),611,8,17.22,17.98451001839471
Y2,SVR (RBF),656,8,16.35,17.509940819292993
Y2,SVR (RBF),657,8,15.84,17.553688006279806
Y2,SVR (RBF),658,8,16.99,17.684321155365318
Y2,SVR (RBF),659,8,17.02,17.88969026565183
Y2,SVR (RBF),704,8,16.81,17.440002452692354
Y2,SVR (RBF),705,8,16.88,17.482622052254094
Y2,SVR (RBF),706,8,16.9,17.61375832842328
Y2,SVR (RBF),707,8,17.39,17.82120247765096
Y2,SVR (RBF),752,8,16.63,17.40648593321177
Y2,SVR (RBF),753,8,15.87,17.447067031407666
Y2,SVR (RBF),754,8,16.54,17.576764407596347
Y2,SVR (RBF),755,8,16.74,17.783491778282666
Y2,SVR (RBF),36,9,12.4,14.224048982957225
Y2,SVR (RBF),37,9,12.23,14.100620611397769
Y2,SVR (RBF),38,9,12.4,14.177953060492108
Y2,SVR (RBF),39,9,12.14,14.448960427488624
Y2,SVR (RBF),84,9,13.9,14.867978068544637
Y2,SVR (RBF),85,9,13.72,14.779003771660285
Y2,SVR (RBF),86,9,13.88,14.86983790403573
Y2,SVR (RBF),87,9,13.65,15.132134597861967
Y2,SVR (RBF),132,9,14.86,14.792243396365022
Y2,SVR (RBF),133,9,14.75,14.698973403869548
Y2,SVR (RBF),134,9,15.0,14.787079770986537
Y2,SVR (RBF),135,9,14.74,15.048452785522421
Y2,SVR (RBF),180,9,13.46,14.789305849837
Y2,SVR (RBF),181,9,13.7,14.692619873367462
Y2,SVR (RBF),182,9,13.59,14.776595272188626
Y2,SVR (RBF),183,9,13.83,15.033487070676161
Y2,SVR (RBF),228,9,14.86,14.859715990627025
Y2,SVR (RBF),229,9,14.67,14.760676670076256
Y2,SVR (RBF),230,9,15.0,14.839322888095847
Y2,SVR (RBF),231,9,14.83,15.088384863508182
Y2,SVR (RBF),276,9,14.54,15.001448248594771
Y2,SVR (RBF),277,9,14.81,14.901272848986446
Y2,SVR (RBF),278,9,14.65,14.973646480894011
Y2,SVR (RBF),279,9,14.87,15.21186230291303
Y2,SVR (RBF),324,9,16.39,16.335347499235333
Y2,SVR (RBF),325,9,16.27,16.312509847369327
Y2,SVR (RBF),326,9,16.39,16.42345803374309
Y2,SVR (RBF),327,9,16.19,16.65798737727653
Y2,SVR (RBF),372,9,15.89,16.233897708305992
Y2,SVR (RBF),373,9,15.85,16.206581399342237
Y2,SVR (RBF),374,9,16.22,16.315421988645333
Y2,SVR (RBF),375,9,15.87,16.550393310900173
Y2,SVR (RBF),420,9,15.53,16.18253217040353
Y2,SVR (RBF),421,9,15.8,16.15057745564872
Y2,SVR (RBF),422,9,16.14,16.255580195947374
Y2,SVR (RBF),423,9,16.26,16.48785154318074
Y2,SVR (RBF),468,9,15.95,16.184129463290365
Y2,SVR (RBF),469,9,15.59,16.147618218533857
Y2,SVR (RBF),470,9,16.17,16.2472437038765
Y2,SVR (RBF),471,9,16.14,16.473796389979118
Y2,SVR (RBF),516,9,15.83,16.239872249224117
Y2,SVR (RBF),517,9,16.03,16.199143811401388
Y2,SVR (RBF),518,9,15.8,16.292109814571518
Y2,SVR (RBF),519,9,16.06,16.51015913340324
Y2,SVR (RBF),564,9,18.14,17.963496330441124
Y2,SVR (RBF),565,9,18.03,18.00595059652468
Y2,SVR (RBF),566,9,18.14,18.13114407293504
Y2,SVR (RBF),567,9,17.95,18.32755331907604
Y2,SVR (RBF),612,9,17.85,17.844561751172364
Y2,SVR (RBF),613,9,17.89,17.882661626830735
Y2,SVR (RBF),614,9,18.36,18.006455602237907
Y2,SVR (RBF),615,9,18.15,18.20453376738884
Y2,SVR (RBF),660,9,17.04,17.751237838176305
Y2,SVR (RBF),661,9,17.63,17.783821142319404
Y2,SVR (RBF),662,9,18.1,17.904250145730792
Y2,SVR (RBF),663,9,18.22,18.101409056886688
Y2,SVR (RBF),708,9,17.86,17.68840106626319
Y2,SVR (RBF),709,9,17.82,17.714588514161747
Y2,SVR (RBF),710,9,18.36,17.829854832284255
Y2,SVR (RBF),711,9,18.24,18.02354424521709
Y2,SVR (RBF),756,9,17.64,17.660178378234587
Y2,SVR (RBF),757,9,17.79,17.679431872238204
Y2,SVR (RBF),758,9,17.55,17.78798478420228
Y2,SVR (RBF),759,9,18.06,17.975785252010766
Y2,SVR (RBF),40,10,16.78,13.451155557784777
Y2,SVR (RBF),41,10,16.8,13.30335322531378
Y2,SVR (RBF),42,10,16.75,13.345930869837712
Y2,SVR (RBF),43,10,16.67,13.575236110839205
Y2,SVR (RBF),88,10,19.37,14.266714726470632
Y2,SVR (RBF),89,10,19.43,14.164918149032477
Y2,SVR (RBF),90,10,19.34,14.22779744772783
Y2,SVR (RBF),91,10,19.32,14.449832964970998
Y2,SVR (RBF),136,10,19.23,14.270818056578404
Y2,SVR (RBF),137,10,19.34,14.172966173948867
Y2,SVR (RBF),138,10,19.32,14.23934718195162
Y2,SVR (RBF),139,10,19.3,14.464105267079155
Y2,SVR (RBF),184,10,19.14,14.33103135696743
Y2,SVR (RBF),185,10,19.18,14.238160869333175
Y2,SVR (RBF),186,10,19.37,14.307228017233738
Y2,SVR (RBF),187,10,19.29,14.532111119933488
Y2,SVR (RBF),232,10,19.24,14.445212276345417
Y2,SVR (RBF),233,10,19.25,14.358143061937541
Y2,SVR (RBF),234,10,19.42,14.42895111383174
Y2,SVR (RBF),235,10,19.48,14.65133200835306
Y2,SVR (RBF),280,10,19.24,14.609863987826175
Y2,SVR (RBF),281,10,19.18,14.529190798107562
Y2,SVR (RBF),282,10,19.26,14.600701925252851
Y2,SVR (RBF),283,10,19.29,14.81800294070831
Y2,SVR (RBF),328,10,21.13,15.7871877737376
Y2,SVR (RBF),329,10,21.19,15.757460523535002
Y2,SVR (RBF),330,10,21.09,15.844589417995222
Y2,SVR (RBF),331,10,21.08,16.04082591063817
Y2,SVR (RBF),376,10,20.47,15.743299846715413
Y2,SVR (RBF),377,10,20.56,15.716888891751143
Y2,SVR (RBF),378,10,20.48,15.808389050284168
Y2,SVR (RBF),379,10,20.43,16.0096351054413
Y2,SVR (RBF),424,10,19.87,15.732254458096179
Y2,SVR (RBF),425,10,20.03,15.709075523810053
Y2,SVR (RBF),426,10,20.46,15.80374240648553
Y2,SVR (RBF),427,10,20.28,16.0077792502437
Y2,SVR (RBF),472,10,19.65,15.755330502351072
Y2,SVR (RBF),473,10,19.76,15.73516621879128
Y2,SVR (RBF),474,10,20.37,15.831642297252369
Y2,SVR (RBF),475,10,19.9,16.0360932825399
Y2,SVR (RBF),520,10,20.13,15.813274966559197
Y2,SVR (RBF),521,10,20.01,15.795812297926329
Y2,SVR (RBF),522,10,20.19,15.892643934894219
Y2,SVR (RBF),523,10,20.29,16.095045827699575
Y2,SVR (RBF),568,10,22.72,17.403731586012565
Y2,SVR (RBF),569,10,22.73,17.444683146220385
Y2,SVR (RBF),570,10,22.72,17.55139436798414
Y2,SVR (RBF),571,10,22.53,17.714304134941383
Y2,SVR (RBF),616,10,21.72,17.318404065428332
Y2,SVR (RBF),617,10,22.07,17.36200801440565
Y2,SVR (RBF),618,10,22.09,17.47373440550527
Y2,SVR (RBF),619,10,21.93,17.64354639776105
Y2,SVR (RBF),664,10,20.78,17.24217136375321
Y2,SVR (RBF),665,10,20.72,17.287268988722424
Y2,SVR (RBF),666,10,21.54,17.40248270159451
Y2,SVR (RBF),667,10,21.53,17.577435903492805
Y2,SVR (RBF),712,10,21.68,17.179406442791574
Y2,SVR (RBF),713,10,21.54,17.22478808775627
Y2,SVR (RBF),714,10,22.25,17.34179269797149
Y2,SVR (RBF),715,10,22.49,17.519856307690226
Y2,SVR (RBF),760,10,20.82,17.134768051653467
Y2,SVR (RBF),761,10,20.21,17.179253121771872
Y2,SVR (RBF),762,10,20.71,17.296257185620725
Y2,SVR (RBF),763,10,21.4,17.475191139792877
Y2,SVR (RBF),44,11,12.07,17.707704579842908
Y2,SVR (RBF),45,11,12.22,17.587633399607352
Y2,SVR (RBF),46,11,12.08,17.631129504502187
Y2,SVR (RBF),47,11,12.04,17.834044212332373
Y2,SVR (RBF),92,11,14.34,18.409266478175
Y2,SVR (RBF),93,11,14.5,18.32338426770766
Y2,SVR (RBF),94,11,14.33,18.377949904872207
Y2,SVR (RBF),95,11,14.27,18.567770767222967
Y2,SVR (RBF),140,11,14.37,18.354250467781856
Y2,SVR (RBF),141,11,14.57,18.263569516453696
Y2,SVR (RBF),142,11,14.27,18.314240251069617
Y2,SVR (RBF),143,11,14.24,18.501418102481978
Y2,SVR (RBF),188,11,14.09,18.35322364810761
Y2,SVR (RBF),189,11,14.23,18.258269031644662
Y2,SVR (RBF),190,11,14.14,18.30397540332214
Y2,SVR (RBF),191,11,13.89,18.485947386235456
Y2,SVR (RBF),236,11,14.37,18.406597380840218
Y2,SVR (RBF),237,11,14.34,18.30811327501634
Y2,SVR (RBF),238,11,14.28,18.348027110802335
Y2,SVR (RBF),239,11,14.47,18.522472005313837
Y2,SVR (RBF),284,11,14.24,18.513202464316056
Y2,SVR (RBF),285,11,13.97,18.41215364007341
Y2,SVR (RBF),286,11,13.99,18.445732269664028
Y2,SVR (RBF),287,11,14.15,18.610653209484617
Y2,SVR (RBF),332,11,15.77,19.864980899339493
Y2,SVR (RBF),333,11,15.95,19.844935484498333
Y2,SVR (RBF),334,11,15.77,19.91954497539519
Y2,SVR (RBF),335,11,15.76,20.08175811956874
Y2,SVR (RBF),380,11,15.32,19.78909666587877
Y2,SVR (RBF),381,11,15.64,19.764067020438453
Y2,SVR (RBF),382,11,15.14,19.835247543414148
Y2,SVR (RBF),383,11,15.3,19.995891516567653
Y2,SVR (RBF),428,11,14.89,19.74454509857151
Y2,SVR (RBF),429,11,14.96,19.714018649573234
Y2,SVR (RBF),430,11,14.89,19.78037596466022
Y2,SVR (RBF),431,11,14.35,19.93730611456613
Y2,SVR (RBF),476,11,15.41,19.733830416767635
Y2,SVR (RBF),477,11,15.56,19.697572408496423
Y2,SVR (RBF),478,11,15.07,19.757946685580723
Y2,SVR (RBF),479,11,15.38,19.909188178321703
Y2,SVR (RBF),524,11,15.19,19.75877528757105
Y2,SVR (RBF),525,11,14.61,19.71687447975203
Y2,SVR (RBF),526,11,14.61,19.770400405506702
Y2,SVR (RBF),527,11,14.75,19.914217047241088
Y2,SVR (RBF),572,11,17.2,21.426903540440534
Y2,SVR (RBF),573,11,17.21,21.471753106304625
Y2,SVR (RBF),574,11,17.15,21.56245506675263
Y2,SVR (RBF),575,11,17.2,21.690472332739457
Y2,SVR (RBF),620,11,17.36,21.336636397918742
Y2,SVR (RBF),621,11,17.38,21.376642403894383
Y2,SVR (RBF),622,11,16.86,21.46454365694231
Y2,SVR (RBF),623,11,16.99,21.5920496781776
Y2,SVR (RBF),668,11,16.9,21.254264550432076
Y2,SVR (RBF),669,11,17.14,21.28793021518287
Y2,SVR (RBF),670,11,16.56,21.371384571065402
Y2,SVR (RBF),671,11,16.0,21.496738271688844
Y2,SVR (RBF),716,11,17.1,21.184093877083004
Y2,SVR (RBF),717,11,16.79,21.210240071631794
Y2,SVR (RBF),718,11,16.58,21.287817450273536
Y2,SVR (RBF),719,11,16.79,21.409472822879113
Y2,SVR (RBF),764,11,16.88,21.130659846142972
Y2,SVR (RBF),765,11,17.11,21.148511879403106
Y2,SVR (RBF),766,11,16.61,21.219071158069333
Y2,SVR (RBF),767,11,16.03,21.33562930300426
Y2,Random forest,0,0,21.33,27.13980000000004
Y2,Random forest,1,0,21.33,25.66140000000004
Y2,Random forest,2,0,21.33,25.565600000000003
Y2,Random forest,3,0,21.33,28.79699999999996
Y2,Random forest,48,0,26.47,32.02900000000002
Y2,Random forest,49,0,26.37,29.530699999999957
Y2,Random forest,50,0,26.44,29.39939999999997
Y2,Random forest,51,0,26.29,32.987799999999964
Y2,Random forest,96,0,25.95,32.06559999999999
Y2,Random forest,97,0,25.63,29.51680000000002
Y2,Random forest,98,0,26.13,29.386200000000002
Y2,Random forest,99,0,25.89,33.18389999999997
Y2,Random forest,144,0,25.68,33.07329999999999
Y2,Random forest,145,0,26.02,31.914999999999974
Y2,Random forest,146,0,25.84,30.13969999999997
Y2,Random forest,147,0,26.14,30.564400000000013
Y2,Random forest,192,0,25.91,30.26310000000001
Y2,Random forest,193,0,25.72,32.61509999999999
Y2,Random forest,194,0,26.18,31.875599999999977
Y2,Random forest,195,0,25.87,30.11940000000003
Y2,Random forest,240,0,25.64,29.75270000000002
Y2,Random forest,241,0,25.98,30.189899999999998
Y2,Random forest,242,0,25.88,32.70339999999998
Y2,Random forest,243,0,26.18,32.50770000000005
Y2,Random forest,288,0,29.79,35.40779999999995
Y2,Random forest,289,0,29.79,33.34530000000002
Y2,Random forest,290,0,29.28,32.82030000000002
Y2,Random forest,291,0,29.49,36.685299999999955
Y2,Random forest,336,0,29.62,35.396599999999964
Y2,Random forest,337,0,29.69,33.057299999999984
Y2,Random forest,338,0,30.18,32.803899999999985
Y2,Random forest,339,0,30.02,36.67559999999994
Y2,Random forest,384,0,29.43,35.472699999999946
Y2,Random forest,385,0,29.78,34.720999999999954
Y2,Random forest,386,0,30.1,32.924999999999976
Y2,Random forest,387,0,30.19,32.93180000000001
Y2,Random forest,432,0,29.61,33.37629999999995
Y2,Random forest,433,0,29.59,36.08619999999994
Y2,Random forest,434,0,30.19,35.54829999999996
Y2,Random forest,435,0,30.12,33.516299999999966
Y2,Random forest,480,0,29.53,32.36299999999999
Y2,Random forest,481,0,29.77,32.853399999999986
Y2,Random forest,482,0,30.0,35.86340000000002
Y2,Random forest,483,0,30.2,35.03149999999995
Y2,Random forest,528,0,33.37,37.698100000000046
Y2,Random forest,529,0,33.34,36.09420000000005
Y2,Random forest,530,0,32.83,35.63640000000004
Y2,Random forest,531,0,33.04,39.94049999999992
Y2,Random forest,576,0,32.96,37.30579999999999
Y2,Random forest,577,0,33.13,35.33139999999999
Y2,Random forest,578,0,33.94,34.896100000000025
Y2,Random forest,579,0,33.78,39.09869999999995
Y2,Random forest,624,0,32.78,36.44380000000005
Y2,Random forest,625,0,33.24,35.20759999999999
Y2,Random forest,626,0,33.86,33.975000000000044
Y2,Random forest,627,0,34.0,34.19029999999997
Y2,Random forest,672,0,32.95,35.03360000000003
Y2,Random forest,673,0,33.06,37.88170000000001
Y2,Random forest,674,0,33.95,37.647099999999966
Y2,Random forest,675,0,33.88,35.56189999999995
Y2,Random forest,720,0,32.88,33.65780000000003
Y2,Random forest,721,0,33.23,34.09169999999999
Y2,Random forest,722,0,33.76,37.03859999999998
Y2,Random forest,723,0,34.01,36.57639999999998
Y2,Random forest,4,1,28.28,24.688699999999987
Y2,Random forest,5,1,25.38,22.61189999999999
Y2,Random forest,6,1,25.16,22.667299999999987
Y2,Random forest,7,1,29.6,24.925799999999967
Y2,Random forest,52,1,32.92,28.17639999999998
Y2,Random forest,53,1,29.87,25.8617
Y2,Random forest,54,1,29.58,26.008500000000012
Y2,Random forest,55,1,34.33,28.50210000000002
Y2,Random forest,100,1,32.54,28.33479999999999
Y2,Random forest,101,1,29.44,25.96430000000003
Y2,Random forest,102,1,29.36,26.14780000000001
Y2,Random forest,103,1,34.2,28.859700000000025
Y2,Random forest,148,1,34.14,28.721199999999985
Y2,Random forest,149,1,32.85,27.75070000000002
Y2,Random forest,150,1,30.08,26.29260000000002
Y2,Random forest,151,1,29.67,27.135200000000022
Y2,Random forest,196,1,29.34,27.001200000000008
Y2,Random forest,197,1,33.91,28.68060000000001
Y2,Random forest,198,1,32.83,28.40259999999999
Y2,Random forest,199,1,29.92,26.33599999999998
Y2,Random forest,244,1,29.82,26.126600000000003
Y2,Random forest,245,1,29.52,26.554899999999993
Y2,Random forest,246,1,34.45,28.599000000000004
Y2,Random forest,247,1,33.01,28.497800000000016
Y2,Random forest,292,1,36.12,31.02350000000001
Y2,Random forest,293,1,33.17,28.868700000000004
Y2,Random forest,294,1,32.71,29.178899999999988
Y2,Random forest,295,1,37.58,32.07130000000001
Y2,Random forest,340,1,35.56,30.473799999999972
Y2,Random forest,341,1,32.64,28.494300000000017
Y2,Random forest,342,1,32.77,29.23840000000001
Y2,Random forest,343,1,37.72,31.63810000000002
Y2,Random forest,388,1,36.35,30.589199999999984
Y2,Random forest,389,1,35.1,30.017600000000005
Y2,Random forest,390,1,32.83,28.93590000000003
Y2,Random forest,391,1,32.46,29.195400000000017
Y2,Random forest,436,1,32.12,29.24300000000001
Y2,Random forest,437,1,37.12,31.160199999999985
Y2,Random forest,438,1,36.16,30.802600000000012
Y2,Random forest,439,1,33.16,29.122999999999983
Y2,Random forest,484,1,32.25,28.4284
Y2,Random forest,485,1,32.0,29.048999999999978
Y2,Random forest,486,1,37.19,30.817800000000002
Y2,Random forest,487,1,35.62,30.886799999999965
Y2,Random forest,532,1,39.28,33.367099999999965
Y2,Random forest,533,1,36.38,31.020299999999988
Y2,Random forest,534,1,35.92,31.437499999999954
Y2,Random forest,535,1,40.99,34.32739999999999
Y2,Random forest,580,1,38.35,33.0857
Y2,Random forest,581,1,35.39,30.72270000000001
Y2,Random forest,582,1,34.94,31.389000000000024
Y2,Random forest,583,1,40.66,34.300500000000014
Y2,Random forest,628,1,37.26,33.47279999999998
Y2,Random forest,629,1,35.04,32.86829999999997
Y2,Random forest,630,1,33.82,31.318200000000004
Y2,Random forest,631,1,33.31,31.70039999999998
Y2,Random forest,676,1,33.98,31.6188
Y2,Random forest,677,1,39.92,33.58689999999996
Y2,Random forest,678,1,39.22,33.9114
Y2,Random forest,679,1,36.1,31.56369999999999
Y2,Random forest,724,1,33.94,30.633100000000017
Y2,Random forest,725,1,33.14,31.376599999999982
Y2,Random forest,726,1,38.79,34.05950000000003
Y2,Random forest,727,1,37.27,33.686700000000016
Y2,Random forest,8,2,27.3,25.141800000000007
Y2,Random forest,9,2,21.97,23.85050000000002
Y2,Random forest,10,2,23.49,23.5759
Y2,Random forest,11,2,27.87,25.56949999999998
Y2,Random forest,56,2,30.89,29.66519999999999
Y2,Random forest,57,2,25.6,28.066999999999947
Y2,Random forest,58,2,27.03,28.03049999999999
Y2,Random forest,59,2,31.73,30.350899999999992
Y2,Random forest,104,2,30.91,29.671599999999998
Y2,Random forest,105,2,25.63,27.969600000000014
Y2,Random forest,106,2,27.36,27.855000000000018
Y2,Random forest,107,2,31.9,30.320099999999993
Y2,Random forest,152,2,31.73,30.175199999999982
Y2,Random forest,153,2,31.01,29.470799999999972
Y2,Random forest,154,2,25.9,28.304099999999984
Y2,Random forest,155,2,27.4,28.345100000000013
Y2,Random forest,200,2,27.17,28.451699999999995
Y2,Random forest,201,2,31.76,30.000099999999993
Y2,Random forest,202,2,31.06,29.603199999999983
Y2,Random forest,203,2,25.81,28.438000000000006
Y2,Random forest,248,2,25.82,28.194100000000002
Y2,Random forest,249,2,27.33,28.505500000000005
Y2,Random forest,250,2,32.04,30.359200000000005
Y2,Random forest,251,2,31.28,29.655200000000022
Y2,Random forest,296,2,33.98,32.85849999999998
Y2,Random forest,297,2,28.61,31.428700000000013
Y2,Random forest,298,2,30.12,31.222900000000017
Y2,Random forest,299,2,34.73,33.542899999999975
Y2,Random forest,344,2,33.37,32.34029999999997
Y2,Random forest,345,2,27.89,30.991200000000003
Y2,Random forest,346,2,29.9,31.10249999999998
Y2,Random forest,347,2,34.52,33.126199999999976
Y2,Random forest,392,2,33.52,32.63219999999996
Y2,Random forest,393,2,32.93,31.91869999999999
Y2,Random forest,394,2,28.38,31.24109999999997
Y2,Random forest,395,2,29.82,31.43110000000001
Y2,Random forest,440,2,29.45,31.428399999999964
Y2,Random forest,441,2,34.19,32.756199999999964
Y2,Random forest,442,2,33.93,32.520099999999985
Y2,Random forest,443,2,28.31,31.598099999999974
Y2,Random forest,488,2,28.02,30.576100000000007
Y2,Random forest,489,2,29.43,30.749799999999997
Y2,Random forest,490,2,34.15,32.67519999999999
Y2,Random forest,491,2,33.47,32.46519999999996
Y2,Random forest,536,2,35.99,35.532500000000034
Y2,Random forest,537,2,30.66,34.29640000000005
Y2,Random forest,538,2,31.7,33.9167
Y2,Random forest,539,2,36.73,36.74819999999996
Y2,Random forest,584,2,35.48,34.992900000000006
Y2,Random forest,585,2,30.53,33.489599999999996
Y2,Random forest,586,2,32.28,33.465100000000014
Y2,Random forest,587,2,36.86,36.12620000000001
Y2,Random forest,632,2,35.22,34.72810000000003
Y2,Random forest,633,2,34.7,33.76299999999999
Y2,Random forest,634,2,30.11,33.28450000000002
Y2,Random forest,635,2,31.6,33.80559999999998
Y2,Random forest,680,2,31.53,33.8684
Y2,Random forest,681,2,36.2,35.42819999999998
Y2,Random forest,682,2,36.21,35.63669999999997
Y2,Random forest,683,2,31.0,34.24009999999998
Y2,Random forest,728,2,29.69,33.08120000000001
Y2,Random forest,729,2,31.2,33.429099999999984
Y2,Random forest,730,2,36.26,35.29100000000001
Y2,Random forest,731,2,35.71,35.028600000000004
Y2,Random forest,12,3,23.77,30.204600000000028
Y2,Random forest,13,3,21.46,27.221799999999984
Y2,Random forest,14,3,21.16,26.682899999999982
Y2,Random forest,15,3,24.93,31.092099999999977
Y2,Random forest,60,3,27.31,34.30569999999999
Y2,Random forest,61,3,24.91,30.918499999999984
Y2,Random forest,62,3,24.61,30.4482
Y2,Random forest,63,3,28.51,34.81409999999998
Y2,Random forest,108,3,27.38,34.173399999999994
Y2,Random forest,109,3,25.02,30.459200000000013
Y2,Random forest,110,3,24.8,30.217799999999997
Y2,Random forest,111,3,28.79,35.175100000000015
Y2,Random forest,156,3,28.68,34.76909999999999
Y2,Random forest,157,3,27.54,33.27889999999999
Y2,Random forest,158,3,25.35,30.563999999999997
Y2,Random forest,159,3,24.93,31.455600000000018
Y2,Random forest,204,3,24.61,31.794700000000013
Y2,Random forest,205,3,28.61,34.85060000000003
Y2,Random forest,206,3,27.57,34.040799999999976
Y2,Random forest,207,3,25.16,31.428300000000004
Y2,Random forest,252,3,25.11,30.9758
Y2,Random forest,253,3,24.77,31.553199999999983
Y2,Random forest,254,3,28.88,35.00409999999997
Y2,Random forest,255,3,27.69,34.620600000000046
Y2,Random forest,300,3,30.17,37.49839999999999
Y2,Random forest,301,3,27.84,34.1299
Y2,Random forest,302,3,27.25,33.73219999999998
Y2,Random forest,303,3,31.39,38.43799999999997
Y2,Random forest,348,3,28.27,37.50079999999997
Y2,Random forest,349,3,26.96,33.93559999999998
Y2,Random forest,350,3,26.72,33.591799999999985
Y2,Random forest,351,3,29.88,37.825799999999944
Y2,Random forest,396,3,28.77,37.74959999999999
Y2,Random forest,397,3,27.76,36.732999999999954
Y2,Random forest,398,3,26.95,34.144800000000004
Y2,Random forest,399,3,26.41,34.31779999999999
Y2,Random forest,444,3,26.3,34.042999999999985
Y2,Random forest,445,3,29.43,37.65899999999997
Y2,Random forest,446,3,28.76,37.433299999999974
Y2,Random forest,447,3,27.34,34.12909999999999
Y2,Random forest,492,3,26.53,33.42769999999999
Y2,Random forest,493,3,26.08,33.778899999999986
Y2,Random forest,494,3,29.31,38.00180000000003
Y2,Random forest,495,3,28.14,37.28169999999997
Y2,Random forest,540,3,31.71,39.50449999999999
Y2,Random forest,541,3,29.13,36.38300000000004
Y2,Random forest,542,3,28.99,36.12530000000001
Y2,Random forest,543,3,33.54,40.73799999999997
Y2,Random forest,588,3,30.34,39.481399999999994
Y2,Random forest,589,3,27.93,36.161300000000004
Y2,Random forest,590,3,28.95,35.81220000000003
Y2,Random forest,591,3,32.92,40.04850000000001
Y2,Random forest,636,3,32.43,38.988300000000024
Y2,Random forest,637,3,30.65,37.22929999999997
Y2,Random forest,638,3,29.77,35.3186
Y2,Random forest,639,3,29.64,35.94429999999998
Y2,Random forest,684,3,28.2,36.77100000000001
Y2,Random forest,685,3,32.35,40.085699999999996
Y2,Random forest,686,3,31.14,39.79819999999999
Y2,Random forest,687,3,28.43,35.99649999999997
Y2,Random forest,732,3,29.93,34.995400000000004
Y2,Random forest,733,3,29.56,35.004499999999965
Y2,Random forest,734,3,33.84,39.43370000000002
Y2,Random forest,735,3,32.54,38.47009999999998
Y2,Random forest,16,4,37.73,23.737799999999996
Y2,Random forest,17,4,31.27,22.01240000000002
Y2,Random forest,18,4,30.93,21.674600000000023
Y2,Random forest,19,4,39.44,25.01289999999998
Y2,Random forest,64,4,41.68,27.038699999999984
Y2,Random forest,65,4,35.28,25.276699999999988
Y2,Random forest,66,4,34.43,24.975099999999987
Y2,Random forest,67,4,43.33,27.741700000000023
Y2,Random forest,112,4,41.07,27.229100000000038
Y2,Random forest,113,4,34.62,25.399799999999995
Y2,Random forest,114,4,33.87,24.918599999999987
Y2,Random forest,115,4,42.86,27.915599999999994
Y2,Random forest,160,4,43.12,28.09509999999999
Y2,Random forest,161,4,41.22,26.979799999999972
Y2,Random forest,162,4,35.1,25.533599999999975
Y2,Random forest,163,4,34.29,25.851399999999984
Y2,Random forest,208,4,34.25,25.709399999999995
Y2,Random forest,209,4,43.3,27.429299999999998
Y2,Random forest,210,4,41.86,27.12580000000001
Y2,Random forest,211,4,35.29,25.704899999999988
Y2,Random forest,256,4,34.99,25.604799999999997
Y2,Random forest,257,4,34.18,25.847899999999992
Y2,Random forest,258,4,43.14,27.954900000000038
Y2,Random forest,259,4,41.26,27.53380000000003
Y2,Random forest,304,4,43.8,29.389400000000027
Y2,Random forest,305,4,37.81,28.24900000000001
Y2,Random forest,306,4,36.85,27.65459999999999
Y2,Random forest,307,4,45.52,30.17470000000001
Y2,Random forest,352,4,43.86,28.2943
Y2,Random forest,353,4,37.41,27.389000000000028
Y2,Random forest,354,4,36.77,26.997999999999983
Y2,Random forest,355,4,45.97,28.777000000000033
Y2,Random forest,400,4,45.13,28.425200000000004
Y2,Random forest,401,4,43.66,27.812600000000053
Y2,Random forest,402,4,37.76,27.180400000000006
Y2,Random forest,403,4,36.87,27.215000000000003
Y2,Random forest,448,4,36.26,26.97960000000001
Y2,Random forest,449,4,45.48,28.49029999999998
Y2,Random forest,450,4,44.16,28.589800000000018
Y2,Random forest,451,4,37.26,27.499500000000012
Y2,Random forest,496,4,37.54,26.683600000000016
Y2,Random forest,497,4,36.66,26.859099999999966
Y2,Random forest,498,4,45.28,28.75159999999997
Y2,Random forest,499,4,43.73,28.091500000000007
Y2,Random forest,544,4,45.29,31.064100000000025
Y2,Random forest,545,4,39.07,29.42490000000004
Y2,Random forest,546,4,38.35,29.65939999999997
Y2,Random forest,547,4,46.94,32.64839999999999
Y2,Random forest,592,4,45.59,30.291200000000007
Y2,Random forest,593,4,39.41,28.7777
Y2,Random forest,594,4,38.84,29.237899999999968
Y2,Random forest,595,4,48.03,31.968900000000012
Y2,Random forest,640,4,46.44,31.290099999999974
Y2,Random forest,641,4,44.18,30.40190000000002
Y2,Random forest,642,4,38.81,29.94379999999999
Y2,Random forest,643,4,38.23,30.324999999999992
Y2,Random forest,688,4,38.33,29.798299999999962
Y2,Random forest,689,4,47.59,31.44399999999996
Y2,Random forest,690,4,46.23,30.834299999999985
Y2,Random forest,691,4,39.56,29.13799999999997
Y2,Random forest,736,4,38.56,29.87009999999996
Y2,Random forest,737,4,37.7,29.88199999999997
Y2,Random forest,738,4,47.01,32.74740000000001
Y2,Random forest,739,4,44.87,32.08389999999998
Y2,Random forest,20,5,29.79,27.75120000000001
Y2,Random forest,21,5,29.68,25.8541
Y2,Random forest,22,5,29.79,25.096499999999995
Y2,Random forest,23,5,29.4,28.434900000000017
Y2,Random forest,68,5,33.87,31.00179999999999
Y2,Random forest,69,5,34.07,28.328700000000016
Y2,Random forest,70,5,34.14,27.81789999999999
Y2,Random forest,71,5,33.67,31.563299999999984
Y2,Random forest,116,5,33.91,30.90889999999999
Y2,Random forest,117,5,34.07,28.26869999999997
Y2,Random forest,118,5,34.17,27.62039999999997
Y2,Random forest,119,5,33.78,31.934799999999985
Y2,Random forest,164,5,33.85,31.467299999999963
Y2,Random forest,165,5,34.11,30.736699999999978
Y2,Random forest,166,5,34.48,28.365699999999975
Y2,Random forest,167,5,34.5,28.439899999999977
Y2,Random forest,212,5,34.11,28.564199999999985
Y2,Random forest,213,5,33.62,32.013500000000015
Y2,Random forest,214,5,33.89,31.045600000000015
Y2,Random forest,215,5,34.05,28.773600000000005
Y2,Random forest,260,5,34.25,27.847799999999964
Y2,Random forest,261,5,34.35,28.21089999999999
Y2,Random forest,262,5,33.64,31.76819999999999
Y2,Random forest,263,5,33.88,31.191300000000005
Y2,Random forest,308,5,36.85,33.31240000000002
Y2,Random forest,309,5,37.58,30.582699999999992
Y2,Random forest,310,5,37.45,29.77399999999998
Y2,Random forest,311,5,36.62,33.535099999999986
Y2,Random forest,356,5,36.87,33.4412
Y2,Random forest,357,5,37.35,30.48249999999997
Y2,Random forest,358,5,37.28,30.047699999999985
Y2,Random forest,359,5,36.81,34.04189999999998
Y2,Random forest,404,5,36.07,33.885600000000025
Y2,Random forest,405,5,36.44,32.5434
Y2,Random forest,406,5,37.28,30.01980000000002
Y2,Random forest,407,5,37.29,30.157099999999982
Y2,Random forest,452,5,37.2,29.931100000000033
Y2,Random forest,453,5,36.76,33.897200000000005
Y2,Random forest,454,5,37.05,33.18930000000001
Y2,Random forest,455,5,37.51,30.298900000000025
Y2,Random forest,500,5,36.93,29.790399999999995
Y2,Random forest,501,5,37.01,29.89819999999999
Y2,Random forest,502,5,35.73,33.54730000000002
Y2,Random forest,503,5,36.15,33.130400000000016
Y2,Random forest,548,5,39.55,34.86159999999998
Y2,Random forest,549,5,40.85,32.109500000000004
Y2,Random forest,550,5,40.63,31.38149999999999
Y2,Random forest,551,5,39.48,35.60690000000002
Y2,Random forest,596,5,39.48,34.82809999999998
Y2,Random forest,597,5,40.4,31.907899999999977
Y2,Random forest,598,5,40.47,31.643199999999997
Y2,Random forest,599,5,39.7,35.921600000000026
Y2,Random forest,644,5,38.17,34.74430000000001
Y2,Random forest,645,5,38.48,33.786499999999975
Y2,Random forest,646,5,39.66,31.567499999999974
Y2,Random forest,647,5,40.1,31.9031
Y2,Random forest,692,5,40.36,31.741999999999983
Y2,Random forest,693,5,39.67,34.81859999999999
Y2,Random forest,694,5,39.85,34.74920000000001
Y2,Random forest,695,5,40.77,32.36969999999997
Y2,Random forest,740,5,39.37,31.175199999999982
Y2,Random forest,741,5,39.8,30.79509999999997
Y2,Random forest,742,5,37.79,34.86540000000004
Y2,Random forest,743,5,38.18,34.37089999999997
Y2,Random forest,24,6,10.9,20.772855426144634
Y2,Random forest,25,6,11.19,20.734740499404708
Y2,Random forest,26,6,10.94,20.805530487749692
Y2,Random forest,27,6,11.17,20.91793743219414
Y2,Random forest,72,6,13.43,22.448611245878304
Y2,Random forest,73,6,13.71,22.419271745933802
Y2,Random forest,74,6,13.48,22.5010113466109
Y2,Random forest,75,6,13.7,22.628550937575493
Y2,Random forest,120,6,13.39,22.737202926615865
Y2,Random forest,121,6,13.72,22.70438199809993
Y2,Random forest,122,6,13.57,22.790204530289966
Y2,Random forest,123,6,13.79,22.897566343476782
Y2,Random forest,168,6,13.6,22.956158827104268
Y2,Random forest,169,6,13.36,22.928393454143894
Y2,Random forest,170,6,13.65,23.053108812396754
Y2,Random forest,171,6,13.49,23.10542956497751
Y2,Random forest,216,6,13.2,23.014479594253785
Y2,Random forest,217,6,13.36,22.986739978869167
Y2,Random forest,218,6,13.21,23.112727075661265
Y2,Random forest,219,6,13.53,23.151911015055205
Y2,Random forest,264,6,13.65,23.047302510920453
Y2,Random forest,265,6,13.44,23.019562895535838
Y2,Random forest,266,6,13.72,23.145549992327933
Y2,Random forest,267,6,13.5,23.184733931721876
Y2,Random forest,312,6,15.19,25.1429743173983
Y2,Random forest,313,6,15.5,24.984412808302817
Y2,Random forest,314,6,15.28,24.952943410862016
Y2,Random forest,315,6,15.5,25.349619585520696
Y2,Random forest,360,6,14.73,25.110782185363664
Y2,Random forest,361,6,15.1,24.954403414363423
Y2,Random forest,362,6,15.18,24.915178100616703
Y2,Random forest,363,6,15.44,25.309912608608716
Y2,Random forest,408,6,14.49,24.976206077239766
Y2,Random forest,409,6,13.79,24.805781533956242
Y2,Random forest,410,6,14.72,24.887682597639284
Y2,Random forest,411,6,14.76,25.15316320411614
Y2,Random forest,456,6,14.92,24.905186848968032
Y2,Random forest,457,6,15.24,24.86288762081056
Y2,Random forest,458,6,15.03,25.06834391759384
Y2,Random forest,459,6,15.35,25.24621040971283
Y2,Random forest,504,6,14.48,24.845947873074646
Y2,Random forest,505,6,14.58,24.797654756028287
Y2,Random forest,506,6,14.81,25.042798801411
Y2,Random forest,507,6,14.03,25.252704182418878
Y2,Random forest,552,6,16.94,26.89055803467431
Y2,Random forest,553,6,17.25,26.713279678814487
Y2,Random forest,554,6,17.03,26.660699339744806
Y2,Random forest,555,6,17.25,26.983883434677654
Y2,Random forest,600,6,16.43,26.880324701340978
Y2,Random forest,601,6,16.93,26.70304634548115
Y2,Random forest,602,6,16.99,26.638266006411474
Y2,Random forest,603,6,17.03,26.961450101344322
Y2,Random forest,648,6,16.08,26.70082025738882
Y2,Random forest,649,6,15.39,26.519116396478488
Y2,Random forest,650,6,16.57,26.449205963891217
Y2,Random forest,651,6,16.6,26.73689950396226
Y2,Random forest,696,6,16.61,26.67831765947203
Y2,Random forest,697,6,16.74,26.624739113687752
Y2,Random forest,698,6,16.9,26.66410863642293
Y2,Random forest,699,6,17.32,26.86123957728763
Y2,Random forest,744,6,16.69,26.33941849564652
Y2,Random forest,745,6,16.62,26.281621605706395
Y2,Random forest,746,6,16.94,26.369935002720887
Y2,Random forest,747,6,16.7,26.580111514681157
Y2,Random forest,28,7,11.27,11.280000000000003
Y2,Random forest,29,7,11.72,11.412600000000003
Y2,Random forest,30,7,11.29,11.361900000000013
Y2,Random forest,31,7,11.67,11.416999999999998
Y2,Random forest,76,7,13.8,13.778799999999997
Y2,Random forest,77,7,14.28,13.919
Y2,Random forest,78,7,13.87,13.821000000000003
Y2,Random forest,79,7,14.27,13.88060000000001
Y2,Random forest,124,7,13.67,13.513800000000018
Y2,Random forest,125,7,14.11,13.714900000000009
Y2,Random forest,126,7,13.8,13.63150000000001
Y2,Random forest,127,7,14.21,13.751399999999997
Y2,Random forest,172,7,14.14,13.745100000000004
Y2,Random forest,173,7,13.77,13.73139999999999
Y2,Random forest,174,7,14.3,13.886000000000006
Y2,Random forest,175,7,13.87,13.834799999999998
Y2,Random forest,220,7,13.67,13.685400000000008
Y2,Random forest,221,7,14.12,13.798299999999994
Y2,Random forest,222,7,13.79,13.791400000000008
Y2,Random forest,223,7,14.2,13.913299999999998
Y2,Random forest,268,7,14.18,13.916300000000005
Y2,Random forest,269,7,13.75,13.851000000000004
Y2,Random forest,270,7,14.26,13.95580000000002
Y2,Random forest,271,7,13.89,13.891600000000006
Y2,Random forest,316,7,15.42,15.19060000000002
Y2,Random forest,317,7,15.85,15.411700000000007
Y2,Random forest,318,7,15.44,15.372
Y2,Random forest,319,7,15.81,15.503
Y2,Random forest,364,7,14.91,15.064800000000007
Y2,Random forest,365,7,15.4,15.249499999999996
Y2,Random forest,366,7,14.94,15.32530000000001
Y2,Random forest,367,7,15.32,15.442500000000017
Y2,Random forest,412,7,14.92,14.604200000000006
Y2,Random forest,413,7,14.74,14.390499999999998
Y2,Random forest,414,7,15.57,14.922100000000016
Y2,Random forest,415,7,14.94,14.977600000000004
Y2,Random forest,460,7,14.67,15.014400000000006
Y2,Random forest,461,7,15.09,15.141300000000003
Y2,Random forest,462,7,15.2,15.230999999999993
Y2,Random forest,463,7,15.64,15.27689999999999
Y2,Random forest,508,7,15.27,14.739700000000012
Y2,Random forest,509,7,14.71,14.7573
Y2,Random forest,510,7,15.23,14.931299999999982
Y2,Random forest,511,7,14.97,14.580299999999989
Y2,Random forest,556,7,17.1,16.75360000000002
Y2,Random forest,557,7,17.51,17.012
Y2,Random forest,558,7,17.12,17.003599999999985
Y2,Random forest,559,7,17.47,17.165600000000005
Y2,Random forest,604,7,16.77,16.571100000000015
Y2,Random forest,605,7,17.37,16.8874
Y2,Random forest,606,7,17.27,17.022900000000003
Y2,Random forest,607,7,17.51,17.0923
Y2,Random forest,652,7,16.11,16.261499999999984
Y2,Random forest,653,7,15.47,15.9719
Y2,Random forest,654,7,16.7,16.6725
Y2,Random forest,655,7,16.1,16.81999999999998
Y2,Random forest,700,7,16.85,16.637899999999977
Y2,Random forest,701,7,17.2,16.6381
Y2,Random forest,702,7,17.23,16.86830000000002
Y2,Random forest,703,7,17.74,17.13020000000001
Y2,Random forest,748,7,15.59,16.55500000000002
Y2,Random forest,749,7,14.58,16.41779999999999
Y2,Random forest,750,7,15.33,16.684000000000005
Y2,Random forest,751,7,15.31,16.78490000000002
Y2,Random forest,32,8,11.74,11.474999999999993
Y2,Random forest,33,8,12.05,11.698000000000011
Y2,Random forest,34,8,11.73,11.510999999999997
Y2,Random forest,35,8,11.93,11.626499999999995
Y2,Random forest,80,8,14.28,13.906099999999979
Y2,Random forest,81,8,14.61,14.133499999999984
Y2,Random forest,82,8,14.3,13.96849999999998
Y2,Random forest,83,8,14.45,14.183399999999985
Y2,Random forest,128,8,13.2,13.833299999999998
Y2,Random forest,129,8,13.54,14.05689999999999
Y2,Random forest,130,8,13.32,13.946599999999984
Y2,Random forest,131,8,13.51,14.150400000000008
Y2,Random forest,176,8,14.44,13.955300000000012
Y2,Random forest,177,8,14.27,13.912299999999991
Y2,Random forest,178,8,14.67,14.112199999999975
Y2,Random forest,179,8,14.4,13.987199999999984
Y2,Random forest,224,8,14.29,13.800999999999998
Y2,Random forest,225,8,14.49,14.01229999999998
Y2,Random forest,226,8,14.42,13.97089999999998
Y2,Random forest,227,8,14.73,14.176600000000006
Y2,Random forest,272,8,14.55,14.0774
Y2,Random forest,273,8,14.28,13.915099999999995
Y2,Random forest,274,8,14.46,14.154199999999992
Y2,Random forest,275,8,14.39,14.039000000000014
Y2,Random forest,320,8,15.21,15.38890000000001
Y2,Random forest,321,8,15.63,15.673499999999992
Y2,Random forest,322,8,15.48,15.473200000000022
Y2,Random forest,323,8,15.78,15.689099999999986
Y2,Random forest,368,8,15.52,15.036700000000014
Y2,Random forest,369,8,15.85,15.292500000000013
Y2,Random forest,370,8,15.66,15.11810000000002
Y2,Random forest,371,8,15.99,15.380599999999989
Y2,Random forest,416,8,14.92,14.91420000000001
Y2,Random forest,417,8,14.38,14.883200000000002
Y2,Random forest,418,8,15.44,15.340099999999998
Y2,Random forest,419,8,15.17,15.133400000000021
Y2,Random forest,464,8,15.37,14.848100000000006
Y2,Random forest,465,8,15.73,15.04609999999999
Y2,Random forest,466,8,15.83,15.294700000000018
Y2,Random forest,467,8,16.13,15.505900000000027
Y2,Random forest,512,8,15.14,15.143299999999993
Y2,Random forest,513,8,14.97,14.902700000000008
Y2,Random forest,514,8,15.22,15.169700000000017
Y2,Random forest,515,8,14.6,15.060400000000023
Y2,Random forest,560,8,16.5,17.039699999999982
Y2,Random forest,561,8,17.0,17.395699999999987
Y2,Random forest,562,8,16.87,17.236399999999964
Y2,Random forest,563,8,17.2,17.3545
Y2,Random forest,608,8,16.44,16.93969999999998
Y2,Random forest,609,8,17.01,17.309799999999974
Y2,Random forest,610,8,17.23,17.27719999999998
Y2,Random forest,611,8,17.22,17.402099999999994
Y2,Random forest,656,8,16.35,16.213699999999978
Y2,Random forest,657,8,15.84,15.851700000000017
Y2,Random forest,658,8,16.99,16.66910000000002
Y2,Random forest,659,8,17.02,16.471599999999984
Y2,Random forest,704,8,16.81,16.78759999999998
Y2,Random forest,705,8,16.88,16.856900000000017
Y2,Random forest,706,8,16.9,17.104400000000016
Y2,Random forest,707,8,17.39,17.296900000000004
Y2,Random forest,752,8,16.63,15.60259999999998
Y2,Random forest,753,8,15.87,15.10659999999999
Y2,Random forest,754,8,16.54,15.463499999999986
Y2,Random forest,755,8,16.74,15.611699999999976
Y2,Random forest,36,9,12.4,13.65489999999999
Y2,Random forest,37,9,12.23,13.740599999999983
Y2,Random forest,38,9,12.4,13.5091
Y2,Random forest,39,9,12.14,13.569700000000001
Y2,Random forest,84,9,13.9,16.080699999999982
Y2,Random forest,85,9,13.72,16.25899999999999
Y2,Random forest,86,9,13.88,16.10979999999998
Y2,Random forest,87,9,13.65,16.105500000000003
Y2,Random forest,132,9,14.86,15.536400000000015
Y2,Random forest,133,9,14.75,15.680799999999985
Y2,Random forest,134,9,15.0,15.566699999999992
Y2,Random forest,135,9,14.74,15.65339999999999
Y2,Random forest,180,9,13.46,16.044400000000017
Y2,Random forest,181,9,13.7,16.044499999999992
Y2,Random forest,182,9,13.59,16.190399999999997
Y2,Random forest,183,9,13.83,16.146100000000008
Y2,Random forest,228,9,14.86,16.063799999999993
Y2,Random forest,229,9,14.67,16.1485
Y2,Random forest,230,9,15.0,16.24020000000001
Y2,Random forest,231,9,14.83,16.362800000000014
Y2,Random forest,276,9,14.54,16.139399999999984
Y2,Random forest,277,9,14.81,16.095899999999986
Y2,Random forest,278,9,14.65,16.204300000000003
Y2,Random forest,279,9,14.87,16.225600000000014
Y2,Random forest,324,9,16.39,17.510800000000028
Y2,Random forest,325,9,16.27,17.699300000000022
Y2,Random forest,326,9,16.39,17.669800000000002
Y2,Random forest,327,9,16.19,17.817599999999988
Y2,Random forest,372,9,15.89,17.443700000000007
Y2,Random forest,373,9,15.85,17.619799999999987
Y2,Random forest,374,9,16.22,17.57780000000001
Y2,Random forest,375,9,15.87,17.621500000000005
Y2,Random forest,420,9,15.53,16.92900000000001
Y2,Random forest,421,9,15.8,16.85890000000001
Y2,Random forest,422,9,16.14,17.35510000000002
Y2,Random forest,423,9,16.26,17.230800000000006
Y2,Random forest,468,9,15.95,17.04719999999999
Y2,Random forest,469,9,15.59,17.158600000000003
Y2,Random forest,470,9,16.17,17.55369999999999
Y2,Random forest,471,9,16.14,17.467200000000027
Y2,Random forest,516,9,15.83,17.108900000000023
Y2,Random forest,517,9,16.03,16.958200000000012
Y2,Random forest,518,9,15.8,17.150500000000015
Y2,Random forest,519,9,16.06,17.00339999999999
Y2,Random forest,564,9,18.14,19.055900000000012
Y2,Random forest,565,9,18.03,19.3197
Y2,Random forest,566,9,18.14,19.272499999999983
Y2,Random forest,567,9,17.95,19.365200000000005
Y2,Random forest,612,9,17.85,18.72480000000002
Y2,Random forest,613,9,17.89,19.036299999999997
Y2,Random forest,614,9,18.36,19.17589999999999
Y2,Random forest,615,9,18.15,19.193500000000014
Y2,Random forest,660,9,17.04,18.270699999999984
Y2,Random forest,661,9,17.63,18.13659999999999
Y2,Random forest,662,9,18.1,18.832199999999993
Y2,Random forest,663,9,18.22,18.92139999999999
Y2,Random forest,708,9,17.86,18.712999999999994
Y2,Random forest,709,9,17.82,18.719800000000014
Y2,Random forest,710,9,18.36,19.10650000000002
Y2,Random forest,711,9,18.24,19.359300000000015
Y2,Random forest,756,9,17.64,18.23070000000001
Y2,Random forest,757,9,17.79,17.827699999999993
Y2,Random forest,758,9,17.55,18.207499999999992
Y2,Random forest,759,9,18.06,18.599500000000013
Y2,Random forest,40,10,16.78,12.275200000000007
Y2,Random forest,41,10,16.8,12.24300000000001
Y2,Random forest,42,10,16.75,12.2499
Y2,Random forest,43,10,16.67,12.166099999999997
Y2,Random forest,88,10,19.37,14.154099999999998
Y2,Random forest,89,10,19.43,14.205000000000009
Y2,Random forest,90,10,19.34,14.134900000000005
Y2,Random forest,91,10,19.32,14.0493
Y2,Random forest,136,10,19.23,14.588899999999981
Y2,Random forest,137,10,19.34,14.581999999999994
Y2,Random forest,138,10,19.32,14.591899999999995
Y2,Random forest,139,10,19.3,14.431000000000004
Y2,Random forest,184,10,19.14,13.817600000000004
Y2,Random forest,185,10,19.18,13.991200000000015
Y2,Random forest,186,10,19.37,13.950700000000007
Y2,Random forest,187,10,19.29,13.968600000000007
Y2,Random forest,232,10,19.24,14.49519999999998
Y2,Random forest,233,10,19.25,14.546899999999996
Y2,Random forest,234,10,19.42,14.630999999999995
Y2,Random forest,235,10,19.48,14.665099999999997
Y2,Random forest,280,10,19.24,14.447099999999988
Y2,Random forest,281,10,19.18,14.548899999999989
Y2,Random forest,282,10,19.26,14.505600000000006
Y2,Random forest,283,10,19.29,14.566000000000004
Y2,Random forest,328,10,21.13,16.11300000000001
Y2,Random forest,329,10,21.19,16.137100000000004
Y2,Random forest,330,10,21.09,16.086500000000015
Y2,Random forest,331,10,21.08,16.011600000000016
Y2,Random forest,376,10,20.47,15.695800000000004
Y2,Random forest,377,10,20.56,15.741099999999996
Y2,Random forest,378,10,20.48,15.837300000000013
Y2,Random forest,379,10,20.43,15.744299999999983
Y2,Random forest,424,10,19.87,15.394799999999996
Y2,Random forest,425,10,20.03,15.562799999999996
Y2,Random forest,426,10,20.46,15.700100000000013
Y2,Random forest,427,10,20.28,15.63169999999999
Y2,Random forest,472,10,19.65,15.674300000000011
Y2,Random forest,473,10,19.76,15.619099999999985
Y2,Random forest,474,10,20.37,15.767200000000011
Y2,Random forest,475,10,19.9,15.80670000000002
Y2,Random forest,520,10,20.13,15.6341
Y2,Random forest,521,10,20.01,15.631699999999983
Y2,Random forest,522,10,20.19,15.54859999999998
Y2,Random forest,523,10,20.29,15.641499999999983
Y2,Random forest,568,10,22.72,17.630100000000017
Y2,Random forest,569,10,22.73,17.68970000000001
Y2,Random forest,570,10,22.72,17.72140000000002
Y2,Random forest,571,10,22.53,17.644700000000025
Y2,Random forest,616,10,21.72,17.563599999999987
Y2,Random forest,617,10,22.07,17.636400000000027
Y2,Random forest,618,10,22.09,17.66999999999998
Y2,Random forest,619,10,21.93,17.633800000000015
Y2,Random forest,664,10,20.78,17.129499999999997
Y2,Random forest,665,10,20.72,17.396000000000026
Y2,Random forest,666,10,21.54,17.49589999999997
Y2,Random forest,667,10,21.53,17.322900000000004
Y2,Random forest,712,10,21.68,17.363299999999978
Y2,Random forest,713,10,21.54,17.386499999999987
Y2,Random forest,714,10,22.25,17.55859999999997
Y2,Random forest,715,10,22.49,17.51019999999999
Y2,Random forest,760,10,20.82,17.308900000000005
Y2,Random forest,761,10,20.21,17.431599999999978
Y2,Random forest,762,10,20.71,17.24369999999997
Y2,Random forest,763,10,21.4,17.222999999999978
Y2,Random forest,44,11,12.07,16.98639999999998
Y2,Random forest,45,11,12.22,16.889399999999977
Y2,Random forest,46,11,12.08,16.95639999999999
Y2,Random forest,47,11,12.04,16.953600000000016
Y2,Random forest,92,11,14.34,19.32859999999998
Y2,Random forest,93,11,14.5,19.32920000000001
Y2,Random forest,94,11,14.33,19.315199999999972
Y2,Random forest,95,11,14.27,19.308599999999977
Y2,Random forest,140,11,14.37,19.284000000000002
Y2,Random forest,141,11,14.57,19.355099999999982
Y2,Random forest,142,11,14.27,19.352399999999978
Y2,Random forest,143,11,14.24,19.345499999999973
Y2,Random forest,188,11,14.09,19.213300000000025
Y2,Random forest,189,11,14.23,19.22650000000001
Y2,Random forest,190,11,14.14,19.371899999999965
Y2,Random forest,191,11,13.89,19.326699999999978
Y2,Random forest,236,11,14.37,19.23830000000001
Y2,Random forest,237,11,14.34,19.256400000000003
Y2,Random forest,238,11,14.28,19.398100000000003
Y2,Random forest,239,11,14.47,19.456600000000005
Y2,Random forest,284,11,14.24,19.24850000000001
Y2,Random forest,285,11,13.97,19.23410000000001
Y2,Random forest,286,11,13.99,19.279899999999994
Y2,Random forest,287,11,14.15,19.34129999999998
Y2,Random forest,332,11,15.77,20.97000000000004
Y2,Random forest,333,11,15.95,21.06330000000003
Y2,Random forest,334,11,15.77,21.00959999999999
Y2,Random forest,335,11,15.76,20.97499999999998
Y2,Random forest,380,11,15.32,20.417600000000014
Y2,Random forest,381,11,15.64,20.45999999999998
Y2,Random forest,382,11,15.14,20.503
Y2,Random forest,383,11,15.3,20.495500000000007
Y2,Random forest,428,11,14.89,19.98639999999997
Y2,Random forest,429,11,14.96,20.070299999999985
Y2,Random forest,430,11,14.89,20.41370000000001
Y2,Random forest,431,11,14.35,20.275299999999998
Y2,Random forest,476,11,15.41,19.733200000000014
Y2,Random forest,477,11,15.56,19.81619999999999
Y2,Random forest,478,11,15.07,20.303999999999974
Y2,Random forest,479,11,15.38,20.07160000000002
Y2,Random forest,524,11,15.19,19.983300000000032
Y2,Random forest,525,11,14.61,19.960300000000004
Y2,Random forest,526,11,14.61,20.189300000000006
Y2,Random forest,527,11,14.75,20.235999999999994
Y2,Random forest,572,11,17.2,22.3378
Y2,Random forest,573,11,17.21,22.504500000000007
Y2,Random forest,574,11,17.15,22.47589999999999
Y2,Random forest,575,11,17.2,22.4357
Y2,Random forest,620,11,17.36,21.771300000000007
Y2,Random forest,621,11,17.38,21.9747
Y2,Random forest,622,11,16.86,22.039799999999985
Y2,Random forest,623,11,16.99,21.9292
Y2,Random forest,668,11,16.9,21.011099999999995
Y2,Random forest,669,11,17.14,21.041400000000003
Y2,Random forest,670,11,16.56,21.580199999999977
Y2,Random forest,671,11,16.0,21.606699999999996
Y2,Random forest,716,11,17.1,21.39560000000001
Y2,Random forest,717,11,16.79,21.431999999999988
Y2,Random forest,718,11,16.58,21.94609999999999
Y2,Random forest,719,11,16.79,22.061699999999988
Y2,Random forest,764,11,16.88,20.7687
Y2,Random forest,765,11,17.11,20.5818
Y2,Random forest,766,11,16.61,20.941300000000016
Y2,Random forest,767,11,16.03,21.41620000000002
Y2,Gradient boosting,0,0,21.33,27.167986405089998
Y2,Gradient boosting,1,0,21.33,26.612197034747822
Y2,Gradient boosting,2,0,21.33,26.612197034747822
Y2,Gradient boosting,3,0,21.33,28.4942726111826
Y2,Gradient boosting,48,0,26.47,31.217827565406612
Y2,Gradient boosting,49,0,26.37,31.146343119631016
Y2,Gradient boosting,50,0,26.44,31.146343119631016
Y2,Gradient boosting,51,0,26.29,32.51499842296772
Y2,Gradient boosting,96,0,25.95,31.217827565406612
Y2,Gradient boosting,97,0,25.63,31.146343119631016
Y2,Gradient boosting,98,0,26.13,31.146343119631016
Y2,Gradient boosting,99,0,25.89,32.51499842296772
Y2,Gradient boosting,144,0,25.68,31.220182920775866
Y2,Gradient boosting,145,0,26.02,31.14869847500027
Y2,Gradient boosting,146,0,25.84,31.14869847500027
Y2,Gradient boosting,147,0,26.14,31.77313850906633
Y2,Gradient boosting,192,0,25.91,31.220182920775866
Y2,Gradient boosting,193,0,25.72,31.14869847500027
Y2,Gradient boosting,194,0,26.18,31.14869847500027
Y2,Gradient boosting,195,0,25.87,31.77313850906633
Y2,Gradient boosting,240,0,25.64,31.20387473015604
Y2,Gradient boosting,241,0,25.98,31.132390284380445
Y2,Gradient boosting,242,0,25.88,31.132390284380445
Y2,Gradient boosting,243,0,26.18,31.77313850906633
Y2,Gradient boosting,288,0,29.79,34.14489721991547
Y2,Gradient boosting,289,0,29.79,34.07341277413988
Y2,Gradient boosting,290,0,29.28,34.07341277413988
Y2,Gradient boosting,291,0,29.49,35.442068077476556
Y2,Gradient boosting,336,0,29.62,34.0883116783442
Y2,Gradient boosting,337,0,29.69,34.01682723256861
Y2,Gradient boosting,338,0,30.18,34.01682723256861
Y2,Gradient boosting,339,0,30.02,35.38548253590528
Y2,Gradient boosting,384,0,29.43,34.04742459561859
Y2,Gradient boosting,385,0,29.78,33.975940149843
Y2,Gradient boosting,386,0,30.1,33.975940149843
Y2,Gradient boosting,387,0,30.19,34.60038018390906
Y2,Gradient boosting,432,0,29.61,34.04742459561859
Y2,Gradient boosting,433,0,29.59,33.975940149843
Y2,Gradient boosting,434,0,30.19,33.975940149843
Y2,Gradient boosting,435,0,30.12,34.60038018390906
Y2,Gradient boosting,480,0,29.53,34.03111640499876
Y2,Gradient boosting,481,0,29.77,33.959631959223174
Y2,Gradient boosting,482,0,30.0,33.959631959223174
Y2,Gradient boosting,483,0,30.2,34.60038018390906
Y2,Gradient boosting,528,0,33.37,36.22031940665789
Y2,Gradient boosting,529,0,33.34,36.148834960882304
Y2,Gradient boosting,530,0,32.83,36.148834960882304
Y2,Gradient boosting,531,0,33.04,37.587216722405216
Y2,Gradient boosting,576,0,32.96,36.16373386508662
Y2,Gradient boosting,577,0,33.13,36.09224941931103
Y2,Gradient boosting,578,0,33.94,36.09224941931103
Y2,Gradient boosting,579,0,33.78,37.53063118083394
Y2,Gradient boosting,624,0,32.78,35.97181591473054
Y2,Gradient boosting,625,0,33.24,35.90033146895495
Y2,Gradient boosting,626,0,33.86,35.90033146895495
Y2,Gradient boosting,627,0,34.0,36.59449796120725
Y2,Gradient boosting,672,0,32.95,35.97181591473054
Y2,Gradient boosting,673,0,33.06,35.90033146895495
Y2,Gradient boosting,674,0,33.95,35.90033146895495
Y2,Gradient boosting,675,0,33.88,36.59449796120725
Y2,Gradient boosting,720,0,32.88,35.93721957535834
Y2,Gradient boosting,721,0,33.23,35.86573512958275
Y2,Gradient boosting,722,0,33.76,35.86573512958275
Y2,Gradient boosting,723,0,34.01,36.57620981245488
Y2,Gradient boosting,4,1,28.28,23.344285087361442
Y2,Gradient boosting,5,1,25.38,23.0303639474297
Y2,Gradient boosting,6,1,25.16,23.0303639474297
Y2,Gradient boosting,7,1,29.6,24.024929349338876
Y2,Gradient boosting,52,1,32.92,27.400823122520993
Y2,Gradient boosting,53,1,29.87,27.400823122520993
Y2,Gradient boosting,54,1,29.58,27.400823122520993
Y2,Gradient boosting,55,1,34.33,28.1119954852906
Y2,Gradient boosting,100,1,32.54,27.400823122520993
Y2,Gradient boosting,101,1,29.44,27.400823122520993
Y2,Gradient boosting,102,1,29.36,27.400823122520993
Y2,Gradient boosting,103,1,34.2,28.1119954852906
Y2,Gradient boosting,148,1,34.14,27.400823122520993
Y2,Gradient boosting,149,1,32.85,27.400823122520993
Y2,Gradient boosting,150,1,30.08,27.400823122520993
Y2,Gradient boosting,151,1,29.67,27.501142478979517
Y2,Gradient boosting,196,1,29.34,27.400823122520993
Y2,Gradient boosting,197,1,33.91,27.400823122520993
Y2,Gradient boosting,198,1,32.83,27.400823122520993
Y2,Gradient boosting,199,1,29.92,27.501142478979517
Y2,Gradient boosting,244,1,29.82,27.36010067573234
Y2,Gradient boosting,245,1,29.52,27.36010067573234
Y2,Gradient boosting,246,1,34.45,27.36010067573234
Y2,Gradient boosting,247,1,33.01,27.501142478979517
Y2,Gradient boosting,292,1,36.12,30.321552773167685
Y2,Gradient boosting,293,1,33.17,30.321552773167685
Y2,Gradient boosting,294,1,32.71,30.321552773167685
Y2,Gradient boosting,295,1,37.58,31.03272513593729
Y2,Gradient boosting,340,1,35.56,30.29221282030172
Y2,Gradient boosting,341,1,32.64,30.29221282030172
Y2,Gradient boosting,342,1,32.77,30.29221282030172
Y2,Gradient boosting,343,1,37.72,31.003385183071327
Y2,Gradient boosting,388,1,36.35,30.27803815690878
Y2,Gradient boosting,389,1,35.1,30.27803815690878
Y2,Gradient boosting,390,1,32.83,30.27803815690878
Y2,Gradient boosting,391,1,32.46,30.378357513367305
Y2,Gradient boosting,436,1,32.12,30.27803815690878
Y2,Gradient boosting,437,1,37.12,30.27803815690878
Y2,Gradient boosting,438,1,36.16,30.27803815690878
Y2,Gradient boosting,439,1,33.16,30.378357513367305
Y2,Gradient boosting,484,1,32.25,30.23731571012013
Y2,Gradient boosting,485,1,32.0,30.23731571012013
Y2,Gradient boosting,486,1,37.19,30.23731571012013
Y2,Gradient boosting,487,1,35.62,30.378357513367305
Y2,Gradient boosting,532,1,39.28,33.15930802690283
Y2,Gradient boosting,533,1,36.38,33.15930802690283
Y2,Gradient boosting,534,1,35.92,33.173896312132555
Y2,Gradient boosting,535,1,40.99,33.94941791774473
Y2,Gradient boosting,580,1,38.35,33.12996807403687
Y2,Gradient boosting,581,1,35.39,33.12996807403687
Y2,Gradient boosting,582,1,34.94,33.144556359266595
Y2,Gradient boosting,583,1,40.66,33.92007796487877
Y2,Gradient boosting,628,1,37.26,33.095692942022765
Y2,Gradient boosting,629,1,35.04,33.095692942022765
Y2,Gradient boosting,630,1,33.82,33.11028122725249
Y2,Gradient boosting,631,1,33.31,33.274949826553616
Y2,Gradient boosting,676,1,33.98,33.095692942022765
Y2,Gradient boosting,677,1,39.92,33.095692942022765
Y2,Gradient boosting,678,1,39.22,33.11028122725249
Y2,Gradient boosting,679,1,36.1,33.274949826553616
Y2,Gradient boosting,724,1,33.94,33.03741001544463
Y2,Gradient boosting,725,1,33.14,33.03741001544463
Y2,Gradient boosting,726,1,38.79,33.051998300674356
Y2,Gradient boosting,727,1,37.27,33.257389346764135
Y2,Gradient boosting,8,2,27.3,26.25251532747775
Y2,Gradient boosting,9,2,21.97,26.1113097683265
Y2,Gradient boosting,10,2,23.49,26.1113097683265
Y2,Gradient boosting,11,2,27.87,26.964694958845506
Y2,Gradient boosting,56,2,30.89,29.32039116971455
Y2,Gradient boosting,57,2,25.6,29.32039116971455
Y2,Gradient boosting,58,2,27.03,29.32039116971455
Y2,Gradient boosting,59,2,31.73,30.018142231445676
Y2,Gradient boosting,104,2,30.91,29.32039116971455
Y2,Gradient boosting,105,2,25.63,29.32039116971455
Y2,Gradient boosting,106,2,27.36,29.32039116971455
Y2,Gradient boosting,107,2,31.9,30.018142231445676
Y2,Gradient boosting,152,2,31.73,29.32039116971455
Y2,Gradient boosting,153,2,31.01,29.32039116971455
Y2,Gradient boosting,154,2,25.9,29.32039116971455
Y2,Gradient boosting,155,2,27.4,29.447961900167964
Y2,Gradient boosting,200,2,27.17,29.32039116971455
Y2,Gradient boosting,201,2,31.76,29.32039116971455
Y2,Gradient boosting,202,2,31.06,29.32039116971455
Y2,Gradient boosting,203,2,25.81,29.447961900167964
Y2,Gradient boosting,248,2,25.82,29.32039116971455
Y2,Gradient boosting,249,2,27.33,29.32039116971455
Y2,Gradient boosting,250,2,32.04,29.32039116971455
Y2,Gradient boosting,251,2,31.28,29.447961900167964
Y2,Gradient boosting,296,2,33.98,32.12360002717264
Y2,Gradient boosting,297,2,28.61,32.12360002717264
Y2,Gradient boosting,298,2,30.12,32.12360002717264
Y2,Gradient boosting,299,2,34.73,32.821351088903775
Y2,Gradient boosting,344,2,33.37,32.09055217453481
Y2,Gradient boosting,345,2,27.89,32.09055217453481
Y2,Gradient boosting,346,2,29.9,32.09055217453481
Y2,Gradient boosting,347,2,34.52,32.78830323626594
Y2,Gradient boosting,392,2,33.52,32.0486189588294
Y2,Gradient boosting,393,2,32.93,32.0486189588294
Y2,Gradient boosting,394,2,28.38,32.0486189588294
Y2,Gradient boosting,395,2,29.82,32.176189689282815
Y2,Gradient boosting,440,2,29.45,32.0486189588294
Y2,Gradient boosting,441,2,34.19,32.0486189588294
Y2,Gradient boosting,442,2,33.93,32.0486189588294
Y2,Gradient boosting,443,2,28.31,32.176189689282815
Y2,Gradient boosting,488,2,28.02,32.0486189588294
Y2,Gradient boosting,489,2,29.43,32.0486189588294
Y2,Gradient boosting,490,2,34.15,32.0486189588294
Y2,Gradient boosting,491,2,33.47,32.176189689282815
Y2,Gradient boosting,536,2,35.99,34.19894167611835
Y2,Gradient boosting,537,2,30.66,34.19894167611835
Y2,Gradient boosting,538,2,31.7,34.228088985252306
Y2,Gradient boosting,539,2,36.73,34.973251606260845
Y2,Gradient boosting,584,2,35.48,34.165893823480516
Y2,Gradient boosting,585,2,30.53,34.165893823480516
Y2,Gradient boosting,586,2,32.28,34.19504113261447
Y2,Gradient boosting,587,2,36.86,34.94020375362301
Y2,Gradient boosting,632,2,35.22,34.03055770119232
Y2,Gradient boosting,633,2,34.7,34.03055770119232
Y2,Gradient boosting,634,2,30.11,34.059705010326276
Y2,Gradient boosting,635,2,31.6,34.2346873000571
Y2,Gradient boosting,680,2,31.53,34.03055770119232
Y2,Gradient boosting,681,2,36.2,34.03055770119232
Y2,Gradient boosting,682,2,36.21,34.059705010326276
Y2,Gradient boosting,683,2,31.0,34.2346873000571
Y2,Gradient boosting,728,2,29.69,33.97940323987386
Y2,Gradient boosting,729,2,31.2,33.97940323987386
Y2,Gradient boosting,730,2,36.26,34.008550549007815
Y2,Gradient boosting,731,2,35.71,34.183532838738635
Y2,Gradient boosting,12,3,23.77,29.790825842274195
Y2,Gradient boosting,13,3,21.46,29.254252337448442
Y2,Gradient boosting,14,3,21.16,29.254252337448442
Y2,Gradient boosting,15,3,24.93,30.479908607170234
Y2,Gradient boosting,60,3,27.31,32.81213396041594
Y2,Gradient boosting,61,3,24.91,32.73299163671063
Y2,Gradient boosting,62,3,24.61,32.73299163671063
Y2,Gradient boosting,63,3,28.51,33.64700886984847
Y2,Gradient boosting,108,3,27.38,32.81213396041594
Y2,Gradient boosting,109,3,25.02,32.73299163671063
Y2,Gradient boosting,110,3,24.8,32.73299163671063
Y2,Gradient boosting,111,3,28.79,33.64700886984847
Y2,Gradient boosting,156,3,28.68,32.85154922962364
Y2,Gradient boosting,157,3,27.54,32.77240690591833
Y2,Gradient boosting,158,3,25.35,32.77240690591833
Y2,Gradient boosting,159,3,24.93,32.90981829967659
Y2,Gradient boosting,204,3,24.61,32.72424725520931
Y2,Gradient boosting,205,3,28.61,32.83292348073008
Y2,Gradient boosting,206,3,27.57,32.83292348073008
Y2,Gradient boosting,207,3,25.16,32.97033487448834
Y2,Gradient boosting,252,3,25.11,32.5979837787487
Y2,Gradient boosting,253,3,24.77,32.706660004269466
Y2,Gradient boosting,254,3,28.88,32.706660004269466
Y2,Gradient boosting,255,3,27.69,32.97033487448834
Y2,Gradient boosting,300,3,30.17,35.67394224680976
Y2,Gradient boosting,301,3,27.84,35.594799923104446
Y2,Gradient boosting,302,3,27.25,35.594799923104446
Y2,Gradient boosting,303,3,31.39,36.50881715624229
Y2,Gradient boosting,348,3,28.27,35.661820073910356
Y2,Gradient boosting,349,3,26.96,35.58267775020504
Y2,Gradient boosting,350,3,26.72,35.58267775020504
Y2,Gradient boosting,351,3,29.88,36.496694983342884
Y2,Gradient boosting,396,3,28.77,35.61207944255076
Y2,Gradient boosting,397,3,27.76,35.532937118845446
Y2,Gradient boosting,398,3,26.95,35.532937118845446
Y2,Gradient boosting,399,3,26.41,35.6703485126037
Y2,Gradient boosting,444,3,26.3,35.48477746813643
Y2,Gradient boosting,445,3,29.43,35.593453693657196
Y2,Gradient boosting,446,3,28.76,35.593453693657196
Y2,Gradient boosting,447,3,27.34,35.73086508741545
Y2,Gradient boosting,492,3,26.53,35.358513991675814
Y2,Gradient boosting,493,3,26.08,35.46719021719658
Y2,Gradient boosting,494,3,29.31,35.46719021719658
Y2,Gradient boosting,495,3,28.14,35.73086508741545
Y2,Gradient boosting,540,3,31.71,37.75144627186109
Y2,Gradient boosting,541,3,29.13,37.67230394815578
Y2,Gradient boosting,542,3,28.99,37.67230394815578
Y2,Gradient boosting,543,3,33.54,38.58632118129362
Y2,Gradient boosting,588,3,30.34,37.73932409896169
Y2,Gradient boosting,589,3,27.93,37.660181775256376
Y2,Gradient boosting,590,3,28.95,37.660181775256376
Y2,Gradient boosting,591,3,32.92,38.57419900839422
Y2,Gradient boosting,636,3,32.43,37.65954558881421
Y2,Gradient boosting,637,3,30.65,37.5804032651089
Y2,Gradient boosting,638,3,29.77,37.5804032651089
Y2,Gradient boosting,639,3,29.64,37.717814658867155
Y2,Gradient boosting,684,3,28.2,37.53224361439988
Y2,Gradient boosting,685,3,32.35,37.64091983992065
Y2,Gradient boosting,686,3,31.14,37.64091983992065
Y2,Gradient boosting,687,3,28.43,37.778331233678905
Y2,Gradient boosting,732,3,29.93,37.38037731559242
Y2,Gradient boosting,733,3,29.56,37.489053541113186
Y2,Gradient boosting,734,3,33.84,37.489053541113186
Y2,Gradient boosting,735,3,32.54,37.75272841133206
Y2,Gradient boosting,16,4,37.73,25.334696521142217
Y2,Gradient boosting,17,4,31.27,25.161800166727804
Y2,Gradient boosting,18,4,30.93,25.161800166727804
Y2,Gradient boosting,19,4,39.44,25.627964141564235
Y2,Gradient boosting,64,4,41.68,28.846333918067486
Y2,Gradient boosting,65,4,35.28,28.846333918067486
Y2,Gradient boosting,66,4,34.43,28.846333918067486
Y2,Gradient boosting,67,4,43.33,29.086143420722617
Y2,Gradient boosting,112,4,41.07,28.846333918067486
Y2,Gradient boosting,113,4,34.62,28.846333918067486
Y2,Gradient boosting,114,4,33.87,28.846333918067486
Y2,Gradient boosting,115,4,42.86,29.086143420722617
Y2,Gradient boosting,160,4,43.12,28.856342594381612
Y2,Gradient boosting,161,4,41.22,28.856342594381612
Y2,Gradient boosting,162,4,35.1,28.856342594381612
Y2,Gradient boosting,163,4,34.29,28.673559101752005
Y2,Gradient boosting,208,4,34.25,28.856342594381612
Y2,Gradient boosting,209,4,43.3,28.856342594381612
Y2,Gradient boosting,210,4,41.86,28.856342594381612
Y2,Gradient boosting,211,4,35.29,28.673559101752005
Y2,Gradient boosting,256,4,34.99,28.856342594381612
Y2,Gradient boosting,257,4,34.18,28.856342594381612
Y2,Gradient boosting,258,4,43.14,28.856342594381612
Y2,Gradient boosting,259,4,41.26,28.673559101752005
Y2,Gradient boosting,304,4,43.8,31.002874041841697
Y2,Gradient boosting,305,4,37.81,31.002874041841697
Y2,Gradient boosting,306,4,36.85,31.002874041841697
Y2,Gradient boosting,307,4,45.52,31.242683544496828
Y2,Gradient boosting,352,4,43.86,30.914137186349333
Y2,Gradient boosting,353,4,37.41,30.914137186349333
Y2,Gradient boosting,354,4,36.77,30.914137186349333
Y2,Gradient boosting,355,4,45.97,31.153946689004464
Y2,Gradient boosting,400,4,45.13,30.853320655990313
Y2,Gradient boosting,401,4,43.66,30.853320655990313
Y2,Gradient boosting,402,4,37.76,30.853320655990313
Y2,Gradient boosting,403,4,36.87,30.670537163360706
Y2,Gradient boosting,448,4,36.26,30.853320655990313
Y2,Gradient boosting,449,4,45.48,30.853320655990313
Y2,Gradient boosting,450,4,44.16,30.853320655990313
Y2,Gradient boosting,451,4,37.26,30.670537163360706
Y2,Gradient boosting,496,4,37.54,30.853320655990313
Y2,Gradient boosting,497,4,36.66,30.853320655990313
Y2,Gradient boosting,498,4,45.28,30.853320655990313
Y2,Gradient boosting,499,4,43.73,30.670537163360706
Y2,Gradient boosting,544,4,45.29,33.101695554242404
Y2,Gradient boosting,545,4,39.07,33.101695554242404
Y2,Gradient boosting,546,4,38.35,33.194084636715516
Y2,Gradient boosting,547,4,46.94,33.45804262421913
Y2,Gradient boosting,592,4,45.59,33.01295869875005
Y2,Gradient boosting,593,4,39.41,33.01295869875005
Y2,Gradient boosting,594,4,38.84,33.10534778122316
Y2,Gradient boosting,595,4,48.03,33.369305768726775
Y2,Gradient boosting,640,4,46.44,32.853031886886534
Y2,Gradient boosting,641,4,44.18,32.853031886886534
Y2,Gradient boosting,642,4,38.81,32.945420969359645
Y2,Gradient boosting,643,4,38.23,32.78678596157853
Y2,Gradient boosting,688,4,38.33,32.853031886886534
Y2,Gradient boosting,689,4,47.59,32.853031886886534
Y2,Gradient boosting,690,4,46.23,32.945420969359645
Y2,Gradient boosting,691,4,39.56,32.78678596157853
Y2,Gradient boosting,736,4,38.56,32.82066108548419
Y2,Gradient boosting,737,4,37.7,32.82066108548419
Y2,Gradient boosting,738,4,47.01,32.9130501679573
Y2,Gradient boosting,739,4,44.87,32.75441516017619
Y2,Gradient boosting,20,5,29.79,28.977123705131152
Y2,Gradient boosting,21,5,29.68,28.458842835399178
Y2,Gradient boosting,22,5,29.79,28.458842835399178
Y2,Gradient boosting,23,5,29.4,29.854998299489182
Y2,Gradient boosting,68,5,33.87,31.786609262211805
Y2,Gradient boosting,69,5,34.07,31.786609262211805
Y2,Gradient boosting,70,5,34.14,31.786609262211805
Y2,Gradient boosting,71,5,33.67,32.454699797029136
Y2,Gradient boosting,116,5,33.91,31.786609262211805
Y2,Gradient boosting,117,5,34.07,31.786609262211805
Y2,Gradient boosting,118,5,34.17,31.786609262211805
Y2,Gradient boosting,119,5,33.78,32.454699797029136
Y2,Gradient boosting,164,5,33.85,31.827542115582016
Y2,Gradient boosting,165,5,34.11,31.827542115582016
Y2,Gradient boosting,166,5,34.48,31.827542115582016
Y2,Gradient boosting,167,5,34.5,31.675754742273504
Y2,Gradient boosting,212,5,34.11,31.827542115582016
Y2,Gradient boosting,213,5,33.62,31.827542115582016
Y2,Gradient boosting,214,5,33.89,31.827542115582016
Y2,Gradient boosting,215,5,34.05,31.675754742273504
Y2,Gradient boosting,260,5,34.25,31.827542115582016
Y2,Gradient boosting,261,5,34.35,31.827542115582016
Y2,Gradient boosting,262,5,33.64,31.827542115582016
Y2,Gradient boosting,263,5,33.88,31.675754742273504
Y2,Gradient boosting,308,5,36.85,34.19984762066529
Y2,Gradient boosting,309,5,37.58,34.19984762066529
Y2,Gradient boosting,310,5,37.45,34.19984762066529
Y2,Gradient boosting,311,5,36.62,34.886002320898555
Y2,Gradient boosting,356,5,36.87,34.13707774906769
Y2,Gradient boosting,357,5,37.35,34.13707774906769
Y2,Gradient boosting,358,5,37.28,34.13707774906769
Y2,Gradient boosting,359,5,36.81,34.82323244930096
Y2,Gradient boosting,404,5,36.07,34.11407680209799
Y2,Gradient boosting,405,5,36.44,34.11407680209799
Y2,Gradient boosting,406,5,37.28,34.11407680209799
Y2,Gradient boosting,407,5,37.29,33.980353594205425
Y2,Gradient boosting,452,5,37.2,34.11407680209799
Y2,Gradient boosting,453,5,36.76,34.11407680209799
Y2,Gradient boosting,454,5,37.05,34.11407680209799
Y2,Gradient boosting,455,5,37.51,33.980353594205425
Y2,Gradient boosting,500,5,36.93,34.11407680209799
Y2,Gradient boosting,501,5,37.01,34.11407680209799
Y2,Gradient boosting,502,5,35.73,34.11407680209799
Y2,Gradient boosting,503,5,36.15,33.980353594205425
Y2,Gradient boosting,548,5,39.55,35.81960956937469
Y2,Gradient boosting,549,5,40.85,35.81960956937469
Y2,Gradient boosting,550,5,40.63,35.874057108135794
Y2,Gradient boosting,551,5,39.48,36.66938793332872
Y2,Gradient boosting,596,5,39.48,35.756839697777096
Y2,Gradient boosting,597,5,40.4,35.756839697777096
Y2,Gradient boosting,598,5,40.47,35.8112872365382
Y2,Gradient boosting,599,5,39.7,36.606618061731126
Y2,Gradient boosting,644,5,38.17,35.67871327059449
Y2,Gradient boosting,645,5,38.48,35.67871327059449
Y2,Gradient boosting,646,5,39.66,35.733160809355596
Y2,Gradient boosting,647,5,40.1,35.70861372642269
Y2,Gradient boosting,692,5,40.36,35.67871327059449
Y2,Gradient boosting,693,5,39.67,35.67871327059449
Y2,Gradient boosting,694,5,39.85,35.733160809355596
Y2,Gradient boosting,695,5,40.77,35.70861372642269
Y2,Gradient boosting,740,5,39.37,35.67871327059449
Y2,Gradient boosting,741,5,39.8,35.67871327059449
Y2,Gradient boosting,742,5,37.79,35.733160809355596
Y2,Gradient boosting,743,5,38.18,35.70861372642269
Y2,Gradient boosting,24,6,10.9,23.625646455816312
Y2,Gradient boosting,25,6,11.19,22.18946158577574
Y2,Gradient boosting,26,6,10.94,22.119673117248563
Y2,Gradient boosting,27,6,11.17,23.965963755837798
Y2,Gradient boosting,72,6,13.43,26.071865235967735
Y2,Gradient boosting,73,6,13.71,25.321654320230177
Y2,Gradient boosting,74,6,13.48,25.251865851703002
Y2,Gradient boosting,75,6,13.7,26.246597654035142
Y2,Gradient boosting,120,6,13.39,26.04046933611107
Y2,Gradient boosting,121,6,13.72,25.29025842037351
Y2,Gradient boosting,122,6,13.57,25.220469951846336
Y2,Gradient boosting,123,6,13.79,26.215201754178477
Y2,Gradient boosting,168,6,13.6,26.183725887125966
Y2,Gradient boosting,169,6,13.36,25.43351497138841
Y2,Gradient boosting,170,6,13.65,25.363726502861233
Y2,Gradient boosting,171,6,13.49,25.173645700389738
Y2,Gradient boosting,216,6,13.2,25.144433547877302
Y2,Gradient boosting,217,6,13.36,25.87314283061195
Y2,Gradient boosting,218,6,13.21,26.082449361223283
Y2,Gradient boosting,219,6,13.53,25.752569427530027
Y2,Gradient boosting,264,6,13.65,24.483369548363676
Y2,Gradient boosting,265,6,13.44,25.212078831098324
Y2,Gradient boosting,266,6,13.72,25.904943549339656
Y2,Gradient boosting,267,6,13.5,25.7007536560055
Y2,Gradient boosting,312,6,15.19,28.330323317933022
Y2,Gradient boosting,313,6,15.5,27.580112402195464
Y2,Gradient boosting,314,6,15.28,27.51032393366829
Y2,Gradient boosting,315,6,15.5,28.50505573600043
Y2,Gradient boosting,360,6,14.73,28.216774020556528
Y2,Gradient boosting,361,6,15.1,27.46656310481897
Y2,Gradient boosting,362,6,15.18,27.396774636291795
Y2,Gradient boosting,363,6,15.44,28.391506438623935
Y2,Gradient boosting,408,6,14.49,28.306824685849925
Y2,Gradient boosting,409,6,13.79,27.556613770112367
Y2,Gradient boosting,410,6,14.72,27.486825301585192
Y2,Gradient boosting,411,6,14.76,27.296744499113696
Y2,Gradient boosting,456,6,14.92,27.26753234660126
Y2,Gradient boosting,457,6,15.24,27.99624162933591
Y2,Gradient boosting,458,6,15.03,28.20554815994724
Y2,Gradient boosting,459,6,15.35,27.875668226253985
Y2,Gradient boosting,504,6,14.48,26.606468347087635
Y2,Gradient boosting,505,6,14.58,27.335177629822283
Y2,Gradient boosting,506,6,14.81,28.028042348063614
Y2,Gradient boosting,507,6,14.03,27.823852454729458
Y2,Gradient boosting,552,6,16.94,29.740714292905547
Y2,Gradient boosting,553,6,17.25,28.99050337716799
Y2,Gradient boosting,554,6,17.03,28.970556063867228
Y2,Gradient boosting,555,6,17.25,30.02010815737879
Y2,Gradient boosting,600,6,16.43,29.627164995529053
Y2,Gradient boosting,601,6,16.93,28.876954079791496
Y2,Gradient boosting,602,6,16.99,28.857006766490734
Y2,Gradient boosting,603,6,17.03,29.906558860002296
Y2,Gradient boosting,648,6,16.08,29.608101362696516
Y2,Gradient boosting,649,6,15.39,28.857890446958958
Y2,Gradient boosting,650,6,16.57,28.837943133658197
Y2,Gradient boosting,651,6,16.6,28.702682622366122
Y2,Gradient boosting,696,6,16.61,28.56880902344785
Y2,Gradient boosting,697,6,16.74,29.2975183061825
Y2,Gradient boosting,698,6,16.9,29.556665992020246
Y2,Gradient boosting,699,6,17.32,29.28160634950641
Y2,Gradient boosting,744,6,16.69,27.849057861810984
Y2,Gradient boosting,745,6,16.62,28.577767144545632
Y2,Gradient boosting,746,6,16.94,29.320473018013377
Y2,Gradient boosting,747,6,16.7,29.171103415858642
Y2,Gradient boosting,28,7,11.27,11.549387674312356
Y2,Gradient boosting,29,7,11.72,10.994994096540863
Y2,Gradient boosting,30,7,11.29,11.22310061877832
Y2,Gradient boosting,31,7,11.67,11.526448957273486
Y2,Gradient boosting,76,7,13.8,13.812293828060108
Y2,Gradient boosting,77,7,14.28,13.652848594799359
Y2,Gradient boosting,78,7,13.87,13.880955117036816
Y2,Gradient boosting,79,7,14.27,14.059734563968005
Y2,Gradient boosting,124,7,13.67,13.685376723467115
Y2,Gradient boosting,125,7,14.11,13.539578127064972
Y2,Gradient boosting,126,7,13.8,13.76768464930243
Y2,Gradient boosting,127,7,14.21,14.264539859147915
Y2,Gradient boosting,172,7,14.14,13.43258188195932
Y2,Gradient boosting,173,7,13.77,13.809101584534817
Y2,Gradient boosting,174,7,14.3,13.724958510897945
Y2,Gradient boosting,175,7,13.87,13.413488620911746
Y2,Gradient boosting,220,7,13.67,13.644171544764037
Y2,Gradient boosting,221,7,14.12,14.075723127192136
Y2,Gradient boosting,222,7,13.79,14.131334000807831
Y2,Gradient boosting,223,7,14.2,13.666193809414303
Y2,Gradient boosting,268,7,14.18,13.548227657716822
Y2,Gradient boosting,269,7,13.75,13.565681127955482
Y2,Gradient boosting,270,7,14.26,13.847552740851304
Y2,Gradient boosting,271,7,13.89,13.873022190881533
Y2,Gradient boosting,316,7,15.42,15.45315263664356
Y2,Gradient boosting,317,7,15.85,15.254822906030203
Y2,Gradient boosting,318,7,15.44,15.48292942826766
Y2,Gradient boosting,319,7,15.81,15.708352179748765
Y2,Gradient boosting,364,7,14.91,14.946623347656963
Y2,Gradient boosting,365,7,15.4,15.02996374163669
Y2,Gradient boosting,366,7,14.94,15.258070263874147
Y2,Gradient boosting,367,7,15.32,15.80156877826955
Y2,Gradient boosting,412,7,14.92,14.742177265877366
Y2,Gradient boosting,413,7,14.74,15.040016472017895
Y2,Gradient boosting,414,7,15.57,14.955873398381023
Y2,Gradient boosting,415,7,14.94,14.644403508394824
Y2,Gradient boosting,460,7,14.67,14.972661080172104
Y2,Gradient boosting,461,7,15.09,15.325532166165237
Y2,Gradient boosting,462,7,15.2,15.381143039780932
Y2,Gradient boosting,463,7,15.64,14.916002848387402
Y2,Gradient boosting,508,7,15.27,14.63206626370866
Y2,Gradient boosting,509,7,14.71,14.594117767544873
Y2,Gradient boosting,510,7,15.23,15.152955745646446
Y2,Gradient boosting,511,7,14.97,15.178425195676676
Y2,Gradient boosting,556,7,17.1,17.026924273421574
Y2,Gradient boosting,557,7,17.51,16.76314442772397
Y2,Gradient boosting,558,7,17.12,17.02559455897211
Y2,Gradient boosting,559,7,17.47,17.427897880462844
Y2,Gradient boosting,604,7,16.77,16.520394984434976
Y2,Gradient boosting,605,7,17.37,16.538285263330458
Y2,Gradient boosting,606,7,17.27,16.8007353945786
Y2,Gradient boosting,607,7,17.51,17.52111447898363
Y2,Gradient boosting,652,7,16.11,16.18049264060178
Y2,Gradient boosting,653,7,15.47,16.56471861284459
Y2,Gradient boosting,654,7,16.7,16.514919148218407
Y2,Gradient boosting,655,7,16.1,16.20344925823221
Y2,Gradient boosting,700,7,16.85,16.60822708939426
Y2,Gradient boosting,701,7,17.2,17.04748494148966
Y2,Gradient boosting,702,7,17.23,17.13743942411605
Y2,Gradient boosting,703,7,17.74,16.672299232722526
Y2,Gradient boosting,748,7,15.59,16.030497826046382
Y2,Gradient boosting,749,7,14.58,16.07893609598486
Y2,Gradient boosting,750,7,15.33,16.902624195167697
Y2,Gradient boosting,751,7,15.31,16.928093645197936
Y2,Gradient boosting,32,8,11.74,11.80488278293613
Y2,Gradient boosting,33,8,12.05,11.19155776033296
Y2,Gradient boosting,34,8,11.73,11.19155776033296
Y2,Gradient boosting,35,8,11.93,12.292614956726299
Y2,Gradient boosting,80,8,14.28,13.90392075130003
Y2,Gradient boosting,81,8,14.61,13.90392075130003
Y2,Gradient boosting,82,8,14.3,13.90392075130003
Y2,Gradient boosting,83,8,14.45,14.480547636312728
Y2,Gradient boosting,128,8,13.2,13.90392075130003
Y2,Gradient boosting,129,8,13.54,13.90392075130003
Y2,Gradient boosting,130,8,13.32,13.90392075130003
Y2,Gradient boosting,131,8,13.51,14.480547636312728
Y2,Gradient boosting,176,8,14.44,13.90392075130003
Y2,Gradient boosting,177,8,14.27,13.90392075130003
Y2,Gradient boosting,178,8,14.67,13.90392075130003
Y2,Gradient boosting,179,8,14.4,13.704601125891454
Y2,Gradient boosting,224,8,14.29,13.90392075130003
Y2,Gradient boosting,225,8,14.49,13.90392075130003
Y2,Gradient boosting,226,8,14.42,13.90392075130003
Y2,Gradient boosting,227,8,14.73,13.704601125891454
Y2,Gradient boosting,272,8,14.55,13.90392075130003
Y2,Gradient boosting,273,8,14.28,13.90392075130003
Y2,Gradient boosting,274,8,14.46,13.90392075130003
Y2,Gradient boosting,275,8,14.39,13.704601125891454
Y2,Gradient boosting,320,8,15.21,15.14965226888832
Y2,Gradient boosting,321,8,15.63,15.14965226888832
Y2,Gradient boosting,322,8,15.48,15.14965226888832
Y2,Gradient boosting,323,8,15.78,15.726279153901018
Y2,Gradient boosting,368,8,15.52,15.131798076646923
Y2,Gradient boosting,369,8,15.85,15.131798076646923
Y2,Gradient boosting,370,8,15.66,15.131798076646923
Y2,Gradient boosting,371,8,15.99,15.708424961659622
Y2,Gradient boosting,416,8,14.92,15.131798076646923
Y2,Gradient boosting,417,8,14.38,15.131798076646923
Y2,Gradient boosting,418,8,15.44,15.131798076646923
Y2,Gradient boosting,419,8,15.17,14.932478451238348
Y2,Gradient boosting,464,8,15.37,15.131798076646923
Y2,Gradient boosting,465,8,15.73,15.131798076646923
Y2,Gradient boosting,466,8,15.83,15.131798076646923
Y2,Gradient boosting,467,8,16.13,14.932478451238348
Y2,Gradient boosting,512,8,15.14,15.131798076646923
Y2,Gradient boosting,513,8,14.97,15.131798076646923
Y2,Gradient boosting,514,8,15.22,15.131798076646923
Y2,Gradient boosting,515,8,14.6,14.932478451238348
Y2,Gradient boosting,560,8,16.5,16.790789278236275
Y2,Gradient boosting,561,8,17.0,16.790789278236275
Y2,Gradient boosting,562,8,16.87,16.790789278236275
Y2,Gradient boosting,563,8,17.2,17.416401582402372
Y2,Gradient boosting,608,8,16.44,16.77293508599488
Y2,Gradient boosting,609,8,17.01,16.77293508599488
Y2,Gradient boosting,610,8,17.23,16.77293508599488
Y2,Gradient boosting,611,8,17.22,17.398547390160978
Y2,Gradient boosting,656,8,16.35,16.681191955807183
Y2,Gradient boosting,657,8,15.84,16.681191955807183
Y2,Gradient boosting,658,8,16.99,16.681191955807183
Y2,Gradient boosting,659,8,17.02,16.530857749552002
Y2,Gradient boosting,704,8,16.81,16.681191955807183
Y2,Gradient boosting,705,8,16.88,16.681191955807183
Y2,Gradient boosting,706,8,16.9,16.681191955807183
Y2,Gradient boosting,707,8,17.39,16.530857749552002
Y2,Gradient boosting,752,8,16.63,16.681191955807183
Y2,Gradient boosting,753,8,15.87,16.681191955807183
Y2,Gradient boosting,754,8,16.54,16.681191955807183
Y2,Gradient boosting,755,8,16.74,16.530857749552002
Y2,Gradient boosting,36,9,12.4,14.151979449937981
Y2,Gradient boosting,37,9,12.23,13.33846533999005
Y2,Gradient boosting,38,9,12.4,13.366701582984431
Y2,Gradient boosting,39,9,12.14,14.29187545301731
Y2,Gradient boosting,84,9,13.9,16.459219894037126
Y2,Gradient boosting,85,9,13.72,15.89132864081324
Y2,Gradient boosting,86,9,13.88,15.91956488380762
Y2,Gradient boosting,87,9,13.65,16.527500214454577
Y2,Gradient boosting,132,9,14.86,16.32466159190368
Y2,Gradient boosting,133,9,14.75,15.885896768538343
Y2,Gradient boosting,134,9,15.0,15.931617600014858
Y2,Gradient boosting,135,9,14.74,16.38560132137009
Y2,Gradient boosting,180,9,13.46,16.13478206895217
Y2,Gradient boosting,181,9,13.7,16.298524967127875
Y2,Gradient boosting,182,9,13.59,16.344245798604387
Y2,Gradient boosting,183,9,13.83,15.957536453124812
Y2,Gradient boosting,228,9,14.86,16.168310406794305
Y2,Gradient boosting,229,9,14.67,16.33205330497001
Y2,Gradient boosting,230,9,15.0,16.377774136446522
Y2,Gradient boosting,231,9,14.83,15.966635082520895
Y2,Gradient boosting,276,9,14.54,16.06763436861777
Y2,Gradient boosting,277,9,14.81,16.231377266793476
Y2,Gradient boosting,278,9,14.65,16.26482803936586
Y2,Gradient boosting,279,9,14.87,16.306426572109014
Y2,Gradient boosting,324,9,16.39,17.701917256789788
Y2,Gradient boosting,325,9,16.27,17.054009605698848
Y2,Gradient boosting,326,9,16.39,17.08224584869323
Y2,Gradient boosting,327,9,16.19,17.78291022680285
Y2,Gradient boosting,372,9,15.89,17.427132118362024
Y2,Gradient boosting,373,9,15.85,17.016481063514874
Y2,Gradient boosting,374,9,16.22,17.062201894991386
Y2,Gradient boosting,375,9,15.87,17.564373114926415
Y2,Gradient boosting,420,9,15.53,17.104834372829735
Y2,Gradient boosting,421,9,15.8,17.25360517198773
Y2,Gradient boosting,422,9,16.14,17.29932600346424
Y2,Gradient boosting,423,9,16.26,16.912425071360587
Y2,Gradient boosting,468,9,15.95,17.16767009510803
Y2,Gradient boosting,469,9,15.59,17.316440894266023
Y2,Gradient boosting,470,9,16.17,17.362161725742535
Y2,Gradient boosting,471,9,16.14,16.950831085192835
Y2,Gradient boosting,516,9,15.83,16.839377317030582
Y2,Gradient boosting,517,9,16.03,16.988148116188576
Y2,Gradient boosting,518,9,15.8,17.297435938376353
Y2,Gradient boosting,519,9,16.06,17.338842884495424
Y2,Gradient boosting,564,9,18.14,19.09833437523469
Y2,Gradient boosting,565,9,18.03,18.45042672414375
Y2,Gradient boosting,566,9,18.14,18.47866296713813
Y2,Gradient boosting,567,9,17.95,19.334668994209782
Y2,Gradient boosting,612,9,17.85,18.823549236806926
Y2,Gradient boosting,613,9,17.89,18.412898181959775
Y2,Gradient boosting,614,9,18.36,18.458619013436287
Y2,Gradient boosting,615,9,18.15,19.116131882333345
Y2,Gradient boosting,660,9,17.04,18.19389810279859
Y2,Gradient boosting,661,9,17.63,18.392134381063816
Y2,Gradient boosting,662,9,18.1,18.437855212540327
Y2,Gradient boosting,663,9,18.22,18.11481081341258
Y2,Gradient boosting,708,9,17.86,18.44563149771452
Y2,Gradient boosting,709,9,17.82,18.643867775979743
Y2,Gradient boosting,710,9,18.36,18.689588607456255
Y2,Gradient boosting,711,9,18.24,18.34211449988246
Y2,Gradient boosting,756,9,17.64,17.59896295097733
Y2,Gradient boosting,757,9,17.79,17.797199229242555
Y2,Gradient boosting,758,9,17.55,18.57191446632695
Y2,Gradient boosting,759,9,18.06,18.677177945421928
Y2,Gradient boosting,40,10,16.78,13.073022744018239
Y2,Gradient boosting,41,10,16.8,12.329688365389464
Y2,Gradient boosting,42,10,16.75,12.311447565208745
Y2,Gradient boosting,43,10,16.67,12.952504231697395
Y2,Gradient boosting,88,10,19.37,15.609581455698759
Y2,Gradient boosting,89,10,19.43,14.773576625210241
Y2,Gradient boosting,90,10,19.34,14.742525178518328
Y2,Gradient boosting,91,10,19.32,15.203799788789205
Y2,Gradient boosting,136,10,19.23,15.609581455698759
Y2,Gradient boosting,137,10,19.34,14.773576625210241
Y2,Gradient boosting,138,10,19.32,14.742525178518328
Y2,Gradient boosting,139,10,19.3,15.203799788789205
Y2,Gradient boosting,184,10,19.14,15.097659730629331
Y2,Gradient boosting,185,10,19.18,15.277137963400476
Y2,Gradient boosting,186,10,19.37,15.246086516708562
Y2,Gradient boosting,187,10,19.29,14.754934474425184
Y2,Gradient boosting,232,10,19.24,15.179231456155152
Y2,Gradient boosting,233,10,19.25,15.404635683678528
Y2,Gradient boosting,234,10,19.42,15.373584236986614
Y2,Gradient boosting,235,10,19.48,14.797040447466378
Y2,Gradient boosting,280,10,19.24,14.768851875512974
Y2,Gradient boosting,281,10,19.18,14.99425610303635
Y2,Gradient boosting,282,10,19.26,15.49648088507279
Y2,Gradient boosting,283,10,19.29,15.580030197871505
Y2,Gradient boosting,328,10,21.13,17.053827942854905
Y2,Gradient boosting,329,10,21.19,16.236040636860405
Y2,Gradient boosting,330,10,21.09,16.20498919016849
Y2,Gradient boosting,331,10,21.08,16.690474244377583
Y2,Gradient boosting,376,10,20.47,16.869659701845677
Y2,Gradient boosting,377,10,20.56,16.16017409935118
Y2,Gradient boosting,378,10,20.48,16.146321702361252
Y2,Gradient boosting,379,10,20.43,16.63180675657034
Y2,Gradient boosting,424,10,19.87,16.2313198303279
Y2,Gradient boosting,425,10,20.03,16.400120449970277
Y2,Gradient boosting,426,10,20.46,16.38626805298035
Y2,Gradient boosting,427,10,20.28,15.929503953800722
Y2,Gradient boosting,472,10,19.65,16.333055516808685
Y2,Gradient boosting,473,10,19.76,16.547782131203288
Y2,Gradient boosting,474,10,20.37,16.53392973421336
Y2,Gradient boosting,475,10,19.9,15.991773887796878
Y2,Gradient boosting,520,10,20.13,15.789892125378968
Y2,Gradient boosting,521,10,20.01,16.004618739773562
Y2,Gradient boosting,522,10,20.19,16.73394265384975
Y2,Gradient boosting,523,10,20.29,16.851879909752192
Y2,Gradient boosting,568,10,22.72,18.758812022814464
Y2,Gradient boosting,569,10,22.73,17.920992924116284
Y2,Gradient boosting,570,10,22.72,17.889941477424372
Y2,Gradient boosting,571,10,22.53,18.441665112591473
Y2,Gradient boosting,616,10,21.72,18.574643781805236
Y2,Gradient boosting,617,10,22.07,17.84512638660706
Y2,Gradient boosting,618,10,22.09,17.83127398961713
Y2,Gradient boosting,619,10,21.93,18.38299762478423
Y2,Gradient boosting,664,10,20.78,17.862057079625252
Y2,Gradient boosting,665,10,20.72,18.01082590656395
Y2,Gradient boosting,666,10,21.54,17.996973509574023
Y2,Gradient boosting,667,10,21.53,17.587808766197096
Y2,Gradient boosting,712,10,21.68,18.034514902826004
Y2,Gradient boosting,713,10,21.54,18.22920972451693
Y2,Gradient boosting,714,10,22.25,18.215357327527002
Y2,Gradient boosting,715,10,22.49,17.720800836913213
Y2,Gradient boosting,760,10,20.82,17.29926596090175
Y2,Gradient boosting,761,10,20.21,17.493960782592676
Y2,Gradient boosting,762,10,20.71,18.223284696668873
Y2,Gradient boosting,763,10,21.4,18.388821308374037
Y2,Gradient boosting,44,11,12.07,17.35269448319256
Y2,Gradient boosting,45,11,12.22,15.880499969100432
Y2,Gradient boosting,46,11,12.08,15.781555655554788
Y2,Gradient boosting,47,11,12.04,17.43367346307317
Y2,Gradient boosting,92,11,14.34,20.05885142913971
Y2,Gradient boosting,93,11,14.5,19.210641145594547
Y2,Gradient boosting,94,11,14.33,19.11169683204891
Y2,Gradient boosting,95,11,14.27,20.21046035879126
Y2,Gradient boosting,140,11,14.37,19.75124621140379
Y2,Gradient boosting,141,11,14.57,18.903035927858625
Y2,Gradient boosting,142,11,14.27,18.804091614312988
Y2,Gradient boosting,143,11,14.24,19.902855141055337
Y2,Gradient boosting,188,11,14.09,19.875840741159276
Y2,Gradient boosting,189,11,14.23,19.027630457614112
Y2,Gradient boosting,190,11,14.14,18.928686144068475
Y2,Gradient boosting,191,11,13.89,18.698298927009635
Y2,Gradient boosting,236,11,14.37,18.735363951795264
Y2,Gradient boosting,237,11,14.34,19.510364840871812
Y2,Gradient boosting,238,11,14.28,19.730481820520655
Y2,Gradient boosting,239,11,14.47,19.219153015722334
Y2,Gradient boosting,284,11,14.24,18.301438358832115
Y2,Gradient boosting,285,11,13.97,19.076439247908663
Y2,Gradient boosting,286,11,13.99,19.86803187865022
Y2,Gradient boosting,287,11,14.15,19.446218250170872
Y2,Gradient boosting,332,11,15.77,21.338129661191545
Y2,Gradient boosting,333,11,15.95,20.48991937764638
Y2,Gradient boosting,334,11,15.77,20.411013853924832
Y2,Gradient boosting,335,11,15.76,21.50977738066718
Y2,Gradient boosting,380,11,15.32,20.93189064549868
Y2,Gradient boosting,381,11,15.64,20.083680361953515
Y2,Gradient boosting,382,11,15.14,20.004774838231967
Y2,Gradient boosting,383,11,15.3,21.103538364974316
Y2,Gradient boosting,428,11,14.89,20.960535480490837
Y2,Gradient boosting,429,11,14.96,20.112325196945672
Y2,Gradient boosting,430,11,14.89,20.033419673224124
Y2,Gradient boosting,431,11,14.35,19.803032456165283
Y2,Gradient boosting,476,11,15.41,19.820058691126825
Y2,Gradient boosting,477,11,15.56,20.595059580203372
Y2,Gradient boosting,478,11,15.07,20.835215349676304
Y2,Gradient boosting,479,11,15.38,20.323886544877983
Y2,Gradient boosting,524,11,15.19,19.366030108855256
Y2,Gradient boosting,525,11,14.61,20.141030997931804
Y2,Gradient boosting,526,11,14.61,20.95266241849745
Y2,Gradient boosting,527,11,14.75,20.5308487900181
Y2,Gradient boosting,572,11,17.2,22.707124993392746
Y2,Gradient boosting,573,11,17.21,21.858914709847582
Y2,Gradient boosting,574,11,17.15,21.86603812967256
Y2,Gradient boosting,575,11,17.2,23.029638020051273
Y2,Gradient boosting,620,11,17.36,22.30088597769988
Y2,Gradient boosting,621,11,17.38,21.452675694154717
Y2,Gradient boosting,622,11,16.86,21.459799113979695
Y2,Gradient boosting,623,11,16.99,22.623399004358408
Y2,Gradient boosting,668,11,16.9,22.241034032926077
Y2,Gradient boosting,669,11,17.14,21.392823749380913
Y2,Gradient boosting,670,11,16.56,21.39994716920589
Y2,Gradient boosting,671,11,16.0,21.234396315783414
Y2,Gradient boosting,716,11,17.1,21.100557243562065
Y2,Gradient boosting,717,11,16.79,21.875558132638613
Y2,Gradient boosting,718,11,16.58,22.20174284565807
Y2,Gradient boosting,719,11,16.79,21.755250404496113
Y2,Gradient boosting,764,11,16.88,20.539849026508115
Y2,Gradient boosting,765,11,17.11,21.314849915584663
Y2,Gradient boosting,766,11,16.61,22.212510279696836
Y2,Gradient boosting,767,11,16.03,21.85553301485385
Y2,Ridge + phys,0,0,21.33,29.759678252956036
Y2,Ridge + phys,1,0,21.33,29.462733451929076
Y2,Ridge + phys,2,0,21.33,29.60645617336682
Y2,Ridge + phys,3,0,21.33,30.07033293845026
Y2,Ridge + phys,48,0,26.47,31.051055893310682
Y2,Ridge + phys,49,0,26.37,30.754111092283722
Y2,Ridge + phys,50,0,26.44,30.897833813721462
Y2,Ridge + phys,51,0,26.29,31.361710578804907
Y2,Ridge + phys,96,0,25.95,31.10585766586373
Y2,Ridge + phys,97,0,25.63,30.80891286483677
Y2,Ridge + phys,98,0,26.13,30.95263558627451
Y2,Ridge + phys,99,0,25.89,31.416512351357955
Y2,Ridge + phys,144,0,25.68,31.16065943841678
Y2,Ridge + phys,145,0,26.02,30.863714637389823
Y2,Ridge + phys,146,0,25.84,31.007437358827563
Y2,Ridge + phys,147,0,26.14,31.471314123911007
Y2,Ridge + phys,192,0,25.91,31.215461210969828
Y2,Ridge + phys,193,0,25.72,30.91851640994287
Y2,Ridge + phys,194,0,26.18,31.06223913138061
Y2,Ridge + phys,195,0,25.87,31.526115896464056
Y2,Ridge + phys,240,0,25.64,31.270262983522876
Y2,Ridge + phys,241,0,25.98,30.97331818249592
Y2,Ridge + phys,242,0,25.88,31.11704090393366
Y2,Ridge + phys,243,0,26.18,31.580917669017104
Y2,Ridge + phys,288,0,29.79,32.905919695013075
Y2,Ridge + phys,289,0,29.79,32.608974893986115
Y2,Ridge + phys,290,0,29.28,32.752697615423855
Y2,Ridge + phys,291,0,29.49,33.216574380507296
Y2,Ridge + phys,336,0,29.62,32.960721467566124
Y2,Ridge + phys,337,0,29.69,32.663776666539164
Y2,Ridge + phys,338,0,30.18,32.807499387976904
Y2,Ridge + phys,339,0,30.02,33.27137615306035
Y2,Ridge + phys,384,0,29.43,33.01552324011917
Y2,Ridge + phys,385,0,29.78,32.71857843909221
Y2,Ridge + phys,386,0,30.1,32.86230116052995
Y2,Ridge + phys,387,0,30.19,33.3261779256134
Y2,Ridge + phys,432,0,29.61,33.07032501267222
Y2,Ridge + phys,433,0,29.59,32.77338021164526
Y2,Ridge + phys,434,0,30.19,32.917102933083
Y2,Ridge + phys,435,0,30.12,33.38097969816645
Y2,Ridge + phys,480,0,29.53,33.12512678522527
Y2,Ridge + phys,481,0,29.77,32.82818198419832
Y2,Ridge + phys,482,0,30.0,32.97190470563606
Y2,Ridge + phys,483,0,30.2,33.4357814707195
Y2,Ridge + phys,528,0,33.37,34.76078349671547
Y2,Ridge + phys,529,0,33.34,34.46383869568851
Y2,Ridge + phys,530,0,32.83,34.607561417126256
Y2,Ridge + phys,531,0,33.04,35.0714381822097
Y2,Ridge + phys,576,0,32.96,34.81558526926852
Y2,Ridge + phys,577,0,33.13,34.51864046824156
Y2,Ridge + phys,578,0,33.94,34.662363189679304
Y2,Ridge + phys,579,0,33.78,35.126239954762745
Y2,Ridge + phys,624,0,32.78,34.870387041821566
Y2,Ridge + phys,625,0,33.24,34.57344224079461
Y2,Ridge + phys,626,0,33.86,34.71716496223235
Y2,Ridge + phys,627,0,34.0,35.181041727315794
Y2,Ridge + phys,672,0,32.95,34.925188814374614
Y2,Ridge + phys,673,0,33.06,34.62824401334766
Y2,Ridge + phys,674,0,33.95,34.7719667347854
Y2,Ridge + phys,675,0,33.88,35.23584349986884
Y2,Ridge + phys,720,0,32.88,34.97999058692767
Y2,Ridge + phys,721,0,33.23,34.68304578590071
Y2,Ridge + phys,722,0,33.76,34.82676850733845
Y2,Ridge + phys,723,0,34.01,35.29064527242189
Y2,Ridge + phys,4,1,28.28,28.165463618335647
Y2,Ridge + phys,5,1,25.38,27.936041282007018
Y2,Ridge + phys,6,1,25.16,28.07606695594797
Y2,Ridge + phys,7,1,29.6,28.44109904837416
Y2,Ridge + phys,52,1,32.92,29.524993986450514
Y2,Ridge + phys,53,1,29.87,29.29557165012189
Y2,Ridge + phys,54,1,29.58,29.435597324062837
Y2,Ridge + phys,55,1,34.33,29.800629416489027
Y2,Ridge + phys,100,1,32.54,29.591671823268346
Y2,Ridge + phys,101,1,29.44,29.362249486939717
Y2,Ridge + phys,102,1,29.36,29.502275160880668
Y2,Ridge + phys,103,1,34.2,29.867307253306855
Y2,Ridge + phys,148,1,34.14,29.658349660086174
Y2,Ridge + phys,149,1,32.85,29.42892732375755
Y2,Ridge + phys,150,1,30.08,29.568952997698496
Y2,Ridge + phys,151,1,29.67,29.933985090124686
Y2,Ridge + phys,196,1,29.34,29.725027496904005
Y2,Ridge + phys,197,1,33.91,29.495605160575376
Y2,Ridge + phys,198,1,32.83,29.635630834516327
Y2,Ridge + phys,199,1,29.92,30.000662926942518
Y2,Ridge + phys,244,1,29.82,29.791705333721833
Y2,Ridge + phys,245,1,29.52,29.562282997393208
Y2,Ridge + phys,246,1,34.45,29.70230867133416
Y2,Ridge + phys,247,1,33.01,30.067340763760345
Y2,Ridge + phys,292,1,36.12,31.464272783396073
Y2,Ridge + phys,293,1,33.17,31.234850447067448
Y2,Ridge + phys,294,1,32.71,31.374876121008395
Y2,Ridge + phys,295,1,37.58,31.739908213434585
Y2,Ridge + phys,340,1,35.56,31.530950620213904
Y2,Ridge + phys,341,1,32.64,31.301528283885276
Y2,Ridge + phys,342,1,32.77,31.441553957826226
Y2,Ridge + phys,343,1,37.72,31.806586050252413
Y2,Ridge + phys,388,1,36.35,31.597628457031732
Y2,Ridge + phys,389,1,35.1,31.368206120703107
Y2,Ridge + phys,390,1,32.83,31.508231794644054
Y2,Ridge + phys,391,1,32.46,31.873263887070244
Y2,Ridge + phys,436,1,32.12,31.664306293849563
Y2,Ridge + phys,437,1,37.12,31.434883957520935
Y2,Ridge + phys,438,1,36.16,31.574909631461885
Y2,Ridge + phys,439,1,33.16,31.939941723888076
Y2,Ridge + phys,484,1,32.25,31.73098413066739
Y2,Ridge + phys,485,1,32.0,31.501561794338766
Y2,Ridge + phys,486,1,37.19,31.641587468279717
Y2,Ridge + phys,487,1,35.62,32.0066195607059
Y2,Ridge + phys,532,1,39.28,33.40355158034163
Y2,Ridge + phys,533,1,36.38,33.174129244013
Y2,Ridge + phys,534,1,35.92,33.31415491795396
Y2,Ridge + phys,535,1,40.99,33.67918701038015
Y2,Ridge + phys,580,1,38.35,33.47022941715946
Y2,Ridge + phys,581,1,35.39,33.240807080830834
Y2,Ridge + phys,582,1,34.94,33.38083275477179
Y2,Ridge + phys,583,1,40.66,33.74586484719798
Y2,Ridge + phys,628,1,37.26,33.53690725397729
Y2,Ridge + phys,629,1,35.04,33.307484917648665
Y2,Ridge + phys,630,1,33.82,33.44751059158961
Y2,Ridge + phys,631,1,33.31,33.8125426840158
Y2,Ridge + phys,676,1,33.98,33.60358509079512
Y2,Ridge + phys,677,1,39.92,33.3741627544665
Y2,Ridge + phys,678,1,39.22,33.514188428407444
Y2,Ridge + phys,679,1,36.1,33.879220520833634
Y2,Ridge + phys,724,1,33.94,33.67026292761295
Y2,Ridge + phys,725,1,33.14,33.44084059128432
Y2,Ridge + phys,726,1,38.79,33.580866265225275
Y2,Ridge + phys,727,1,37.27,33.945898357651465
Y2,Ridge + phys,8,2,27.3,29.624512068968123
Y2,Ridge + phys,9,2,21.97,29.441559565758883
Y2,Ridge + phys,10,2,23.49,29.554165470765298
Y2,Ridge + phys,11,2,27.87,29.92417830773578
Y2,Ridge + phys,56,2,30.89,30.98733037097825
Y2,Ridge + phys,57,2,25.6,30.804377867769006
Y2,Ridge + phys,58,2,27.03,30.916983772775424
Y2,Ridge + phys,59,2,31.73,31.286996609745902
Y2,Ridge + phys,104,2,30.91,31.04884145386479
Y2,Ridge + phys,105,2,25.63,30.865888950655545
Y2,Ridge + phys,106,2,27.36,30.978494855661964
Y2,Ridge + phys,107,2,31.9,31.34850769263244
Y2,Ridge + phys,152,2,31.73,31.11035253675133
Y2,Ridge + phys,153,2,31.01,30.927400033542085
Y2,Ridge + phys,154,2,25.9,31.040005938548504
Y2,Ridge + phys,155,2,27.4,31.410018775518985
Y2,Ridge + phys,200,2,27.17,31.17186361963787
Y2,Ridge + phys,201,2,31.76,30.98891111642863
Y2,Ridge + phys,202,2,31.06,31.101517021435047
Y2,Ridge + phys,203,2,25.81,31.471529858405525
Y2,Ridge + phys,248,2,25.82,31.233374702524408
Y2,Ridge + phys,249,2,27.33,31.050422199315168
Y2,Ridge + phys,250,2,32.04,31.163028104321587
Y2,Ridge + phys,251,2,31.28,31.533040941292064
Y2,Ridge + phys,296,2,33.98,32.93929119966363
Y2,Ridge + phys,297,2,28.61,32.756338696454385
Y2,Ridge + phys,298,2,30.12,32.868944601460804
Y2,Ridge + phys,299,2,34.73,33.23895743843128
Y2,Ridge + phys,344,2,33.37,33.00080228255017
Y2,Ridge + phys,345,2,27.89,32.817849779340925
Y2,Ridge + phys,346,2,29.9,32.93045568434734
Y2,Ridge + phys,347,2,34.52,33.30046852131782
Y2,Ridge + phys,392,2,33.52,33.06231336543671
Y2,Ridge + phys,393,2,32.93,32.879360862227465
Y2,Ridge + phys,394,2,28.38,32.99196676723388
Y2,Ridge + phys,395,2,29.82,33.36197960420436
Y2,Ridge + phys,440,2,29.45,33.12382444832325
Y2,Ridge + phys,441,2,34.19,32.940871945114004
Y2,Ridge + phys,442,2,33.93,33.05347785012042
Y2,Ridge + phys,443,2,28.31,33.4234906870909
Y2,Ridge + phys,488,2,28.02,33.18533553120979
Y2,Ridge + phys,489,2,29.43,33.002383028000544
Y2,Ridge + phys,490,2,34.15,33.11498893300696
Y2,Ridge + phys,491,2,33.47,33.48500176997744
Y2,Ridge + phys,536,2,35.99,34.891252028349
Y2,Ridge + phys,537,2,30.66,34.70829952513976
Y2,Ridge + phys,538,2,31.7,34.820905430146176
Y2,Ridge + phys,539,2,36.73,35.19091826711666
Y2,Ridge + phys,584,2,35.48,34.95276311123554
Y2,Ridge + phys,585,2,30.53,34.7698106080263
Y2,Ridge + phys,586,2,32.28,34.882416513032716
Y2,Ridge + phys,587,2,36.86,35.2524293500032
Y2,Ridge + phys,632,2,35.22,35.01427419412208
Y2,Ridge + phys,633,2,34.7,34.83132169091284
Y2,Ridge + phys,634,2,30.11,34.943927595919256
Y2,Ridge + phys,635,2,31.6,35.31394043288974
Y2,Ridge + phys,680,2,31.53,35.07578527700862
Y2,Ridge + phys,681,2,36.2,34.892832773799384
Y2,Ridge + phys,682,2,36.21,35.005438678805795
Y2,Ridge + phys,683,2,31.0,35.37545151577628
Y2,Ridge + phys,728,2,29.69,35.13729635989516
Y2,Ridge + phys,729,2,31.2,34.954343856685924
Y2,Ridge + phys,730,2,36.26,35.06694976169234
Y2,Ridge + phys,731,2,35.71,35.43696259866282
Y2,Ridge + phys,12,3,23.77,32.02969461394632
Y2,Ridge + phys,13,3,21.46,31.79067022370242
Y2,Ridge + phys,14,3,21.16,31.935265859132457
Y2,Ridge + phys,15,3,24.93,32.3187831890426
Y2,Ridge + phys,60,3,27.31,33.412069952902996
Y2,Ridge + phys,61,3,24.91,33.17304556265909
Y2,Ridge + phys,62,3,24.61,33.317641198089134
Y2,Ridge + phys,63,3,28.51,33.701158527999276
Y2,Ridge + phys,108,3,27.38,33.474970150921216
Y2,Ridge + phys,109,3,25.02,33.23594576067731
Y2,Ridge + phys,110,3,24.8,33.380541396107354
Y2,Ridge + phys,111,3,28.79,33.764058726017495
Y2,Ridge + phys,156,3,28.68,33.537870348939435
Y2,Ridge + phys,157,3,27.54,33.29884595869554
Y2,Ridge + phys,158,3,25.35,33.443441594125574
Y2,Ridge + phys,159,3,24.93,33.826958924035715
Y2,Ridge + phys,204,3,24.61,33.60077054695766
Y2,Ridge + phys,205,3,28.61,33.36174615671376
Y2,Ridge + phys,206,3,27.57,33.50634179214379
Y2,Ridge + phys,207,3,25.16,33.889859122053934
Y2,Ridge + phys,252,3,25.11,33.663670744975875
Y2,Ridge + phys,253,3,24.77,33.424646354731976
Y2,Ridge + phys,254,3,28.88,33.56924199016201
Y2,Ridge + phys,255,3,27.69,33.95275932007216
Y2,Ridge + phys,300,3,30.17,35.39128266431068
Y2,Ridge + phys,301,3,27.84,35.152258274066774
Y2,Ridge + phys,302,3,27.25,35.29685390949682
Y2,Ridge + phys,303,3,31.39,35.68037123940696
Y2,Ridge + phys,348,3,28.27,35.4541828623289
Y2,Ridge + phys,349,3,26.96,35.215158472084994
Y2,Ridge + phys,350,3,26.72,35.35975410751503
Y2,Ridge + phys,351,3,29.88,35.74327143742518
Y2,Ridge + phys,396,3,28.77,35.51708306034712
Y2,Ridge + phys,397,3,27.76,35.27805867010321
Y2,Ridge + phys,398,3,26.95,35.42265430553326
Y2,Ridge + phys,399,3,26.41,35.8061716354434
Y2,Ridge + phys,444,3,26.3,35.57998325836534
Y2,Ridge + phys,445,3,29.43,35.34095886812143
Y2,Ridge + phys,446,3,28.76,35.48555450355148
Y2,Ridge + phys,447,3,27.34,35.86907183346162
Y2,Ridge + phys,492,3,26.53,35.64288345638356
Y2,Ridge + phys,493,3,26.08,35.40385906613966
Y2,Ridge + phys,494,3,29.31,35.548454701569696
Y2,Ridge + phys,495,3,28.14,35.93197203147984
Y2,Ridge + phys,540,3,31.71,37.370495375718356
Y2,Ridge + phys,541,3,29.13,37.13147098547446
Y2,Ridge + phys,542,3,28.99,37.276066620904494
Y2,Ridge + phys,543,3,33.54,37.659583950814636
Y2,Ridge + phys,588,3,30.34,37.433395573736576
Y2,Ridge + phys,589,3,27.93,37.19437118349268
Y2,Ridge + phys,590,3,28.95,37.338966818922714
Y2,Ridge + phys,591,3,32.92,37.72248414883286
Y2,Ridge + phys,636,3,32.43,37.4962957717548
Y2,Ridge + phys,637,3,30.65,37.2572713815109
Y2,Ridge + phys,638,3,29.77,37.40186701694094
Y2,Ridge + phys,639,3,29.64,37.78538434685108
Y2,Ridge + phys,684,3,28.2,37.55919596977302
Y2,Ridge + phys,685,3,32.35,37.32017157952912
Y2,Ridge + phys,686,3,31.14,37.46476721495916
Y2,Ridge + phys,687,3,28.43,37.8482845448693
Y2,Ridge + phys,732,3,29.93,37.62209616779124
Y2,Ridge + phys,733,3,29.56,37.38307177754734
Y2,Ridge + phys,734,3,33.84,37.52766741297738
Y2,Ridge + phys,735,3,32.54,37.91118474288752
Y2,Ridge + phys,16,4,37.73,27.760611906425446
Y2,Ridge + phys,17,4,31.27,27.600098427606447
Y2,Ridge + phys,18,4,30.93,27.76266582170144
Y2,Ridge + phys,19,4,39.44,28.054424486656515
Y2,Ridge + phys,64,4,41.68,29.137923745427976
Y2,Ridge + phys,65,4,35.28,28.977410266608977
Y2,Ridge + phys,66,4,34.43,29.13997766070397
Y2,Ridge + phys,67,4,43.33,29.431736325659045
Y2,Ridge + phys,112,4,41.07,29.198659654661586
Y2,Ridge + phys,113,4,34.62,29.038146175842588
Y2,Ridge + phys,114,4,33.87,29.200713569937584
Y2,Ridge + phys,115,4,42.86,29.492472234892656
Y2,Ridge + phys,160,4,43.12,29.259395563895197
Y2,Ridge + phys,161,4,41.22,29.098882085076198
Y2,Ridge + phys,162,4,35.1,29.26144947917119
Y2,Ridge + phys,163,4,34.29,29.553208144126266
Y2,Ridge + phys,208,4,34.25,29.320131473128807
Y2,Ridge + phys,209,4,43.3,29.15961799430981
Y2,Ridge + phys,210,4,41.86,29.322185388404804
Y2,Ridge + phys,211,4,35.29,29.613944053359877
Y2,Ridge + phys,256,4,34.99,29.380867382362418
Y2,Ridge + phys,257,4,34.18,29.22035390354342
Y2,Ridge + phys,258,4,43.14,29.38292129763841
Y2,Ridge + phys,259,4,41.26,29.674679962593487
Y2,Ridge + phys,304,4,43.8,31.112787640081358
Y2,Ridge + phys,305,4,37.81,30.95227416126236
Y2,Ridge + phys,306,4,36.85,31.11484155535735
Y2,Ridge + phys,307,4,45.52,31.406600220312427
Y2,Ridge + phys,352,4,43.86,31.173523549314968
Y2,Ridge + phys,353,4,37.41,31.01301007049597
Y2,Ridge + phys,354,4,36.77,31.175577464590965
Y2,Ridge + phys,355,4,45.97,31.467336129546037
Y2,Ridge + phys,400,4,45.13,31.23425945854858
Y2,Ridge + phys,401,4,43.66,31.07374597972958
Y2,Ridge + phys,402,4,37.76,31.236313373824572
Y2,Ridge + phys,403,4,36.87,31.528072038779648
Y2,Ridge + phys,448,4,36.26,31.29499536778219
Y2,Ridge + phys,449,4,45.48,31.13448188896319
Y2,Ridge + phys,450,4,44.16,31.297049283058186
Y2,Ridge + phys,451,4,37.26,31.588807948013258
Y2,Ridge + phys,496,4,37.54,31.3557312770158
Y2,Ridge + phys,497,4,36.66,31.1952177981968
Y2,Ridge + phys,498,4,45.28,31.357785192291793
Y2,Ridge + phys,499,4,43.73,31.64954385724687
Y2,Ridge + phys,544,4,45.29,33.08765153473474
Y2,Ridge + phys,545,4,39.07,32.92713805591574
Y2,Ridge + phys,546,4,38.35,33.08970545001073
Y2,Ridge + phys,547,4,46.94,33.38146411496581
Y2,Ridge + phys,592,4,45.59,33.14838744396835
Y2,Ridge + phys,593,4,39.41,32.98787396514935
Y2,Ridge + phys,594,4,38.84,33.15044135924435
Y2,Ridge + phys,595,4,48.03,33.44220002419942
Y2,Ridge + phys,640,4,46.44,33.20912335320196
Y2,Ridge + phys,641,4,44.18,33.04860987438296
Y2,Ridge + phys,642,4,38.81,33.211177268477954
Y2,Ridge + phys,643,4,38.23,33.50293593343303
Y2,Ridge + phys,688,4,38.33,33.269859262435574
Y2,Ridge + phys,689,4,47.59,33.109345783616575
Y2,Ridge + phys,690,4,46.23,33.27191317771157
Y2,Ridge + phys,691,4,39.56,33.563671842666636
Y2,Ridge + phys,736,4,38.56,33.33059517166918
Y2,Ridge + phys,737,4,37.7,33.17008169285018
Y2,Ridge + phys,738,4,47.01,33.332649086945175
Y2,Ridge + phys,739,4,44.87,33.62440775190025
Y2,Ridge + phys,20,5,29.79,33.37867082531935
Y2,Ridge + phys,21,5,29.68,33.04321053016825
Y2,Ridge + phys,22,5,29.79,33.229577360807745
Y2,Ridge + phys,23,5,29.4,33.74842486607831
Y2,Ridge + phys,68,5,33.87,35.127511823405456
Y2,Ridge + phys,69,5,34.07,34.79205152825437
Y2,Ridge + phys,70,5,34.14,34.97841835889386
Y2,Ridge + phys,71,5,33.67,35.497265864164426
Y2,Ridge + phys,116,5,33.91,35.173119401644655
Y2,Ridge + phys,117,5,34.07,34.83765910649357
Y2,Ridge + phys,118,5,34.17,35.02402593713306
Y2,Ridge + phys,119,5,33.78,35.542873442403625
Y2,Ridge + phys,164,5,33.85,35.21872697988386
Y2,Ridge + phys,165,5,34.11,34.88326668473277
Y2,Ridge + phys,166,5,34.48,35.06963351537226
Y2,Ridge + phys,167,5,34.5,35.588481020642824
Y2,Ridge + phys,212,5,34.11,35.26433455812306
Y2,Ridge + phys,213,5,33.62,34.928874262971966
Y2,Ridge + phys,214,5,33.89,35.11524109361146
Y2,Ridge + phys,215,5,34.05,35.63408859888202
Y2,Ridge + phys,260,5,34.25,35.30994213636226
Y2,Ridge + phys,261,5,34.35,34.974481841211166
Y2,Ridge + phys,262,5,33.64,35.16084867185066
Y2,Ridge + phys,263,5,33.88,35.67969617712122
Y2,Ridge + phys,308,5,36.85,37.682361953175835
Y2,Ridge + phys,309,5,37.58,37.34690165802475
Y2,Ridge + phys,310,5,37.45,37.53326848866424
Y2,Ridge + phys,311,5,36.62,38.0521159939348
Y2,Ridge + phys,356,5,36.87,37.727969531415035
Y2,Ridge + phys,357,5,37.35,37.39250923626395
Y2,Ridge + phys,358,5,37.28,37.57887606690344
Y2,Ridge + phys,359,5,36.81,38.097723572174
Y2,Ridge + phys,404,5,36.07,37.773577109654234
Y2,Ridge + phys,405,5,36.44,37.43811681450315
Y2,Ridge + phys,406,5,37.28,37.62448364514264
Y2,Ridge + phys,407,5,37.29,38.1433311504132
Y2,Ridge + phys,452,5,37.2,37.81918468789343
Y2,Ridge + phys,453,5,36.76,37.483724392742346
Y2,Ridge + phys,454,5,37.05,37.67009122338184
Y2,Ridge + phys,455,5,37.51,38.1889387286524
Y2,Ridge + phys,500,5,36.93,37.86479226613263
Y2,Ridge + phys,501,5,37.01,37.529331970981545
Y2,Ridge + phys,502,5,35.73,37.71569880162104
Y2,Ridge + phys,503,5,36.15,38.2345463068916
Y2,Ridge + phys,548,5,39.55,40.23721208294621
Y2,Ridge + phys,549,5,40.85,39.90175178779512
Y2,Ridge + phys,550,5,40.63,40.088118618434606
Y2,Ridge + phys,551,5,39.48,40.60696612370518
Y2,Ridge + phys,596,5,39.48,40.28281966118541
Y2,Ridge + phys,597,5,40.4,39.94735936603432
Y2,Ridge + phys,598,5,40.47,40.133726196673805
Y2,Ridge + phys,599,5,39.7,40.65257370194438
Y2,Ridge + phys,644,5,38.17,40.32842723942461
Y2,Ridge + phys,645,5,38.48,39.99296694427352
Y2,Ridge + phys,646,5,39.66,40.17933377491301
Y2,Ridge + phys,647,5,40.1,40.698181280183576
Y2,Ridge + phys,692,5,40.36,40.37403481766381
Y2,Ridge + phys,693,5,39.67,40.03857452251272
Y2,Ridge + phys,694,5,39.85,40.22494135315221
Y2,Ridge + phys,695,5,40.77,40.743788858422775
Y2,Ridge + phys,740,5,39.37,40.41964239590301
Y2,Ridge + phys,741,5,39.8,40.08418210075192
Y2,Ridge + phys,742,5,37.79,40.27054893139141
Y2,Ridge + phys,743,5,38.18,40.789396436661974
Y2,Ridge + phys,24,6,10.9,10.943065063532421
Y2,Ridge + phys,25,6,11.19,10.62120982811429
Y2,Ridge + phys,26,6,10.94,10.790486005204945
Y2,Ridge + phys,27,6,11.17,11.294997600426312
Y2,Ridge + phys,72,6,13.43,11.960275362778358
Y2,Ridge + phys,73,6,13.71,11.638420127360227
Y2,Ridge + phys,74,6,13.48,11.80769630445088
Y2,Ridge + phys,75,6,13.7,12.312207899672249
Y2,Ridge + phys,120,6,13.39,12.01045935469149
Y2,Ridge + phys,121,6,13.72,11.688604119273359
Y2,Ridge + phys,122,6,13.57,11.857880296364012
Y2,Ridge + phys,123,6,13.79,12.36239189158538
Y2,Ridge + phys,168,6,13.6,12.06064334660462
Y2,Ridge + phys,169,6,13.36,11.738788111186489
Y2,Ridge + phys,170,6,13.65,11.908064288277144
Y2,Ridge + phys,171,6,13.49,12.41257588349851
Y2,Ridge + phys,216,6,13.2,12.110827338517753
Y2,Ridge + phys,217,6,13.36,11.788972103099622
Y2,Ridge + phys,218,6,13.21,11.958248280190274
Y2,Ridge + phys,219,6,13.53,12.462759875411644
Y2,Ridge + phys,264,6,13.65,12.161011330430883
Y2,Ridge + phys,265,6,13.44,11.839156095012752
Y2,Ridge + phys,266,6,13.72,12.008432272103407
Y2,Ridge + phys,267,6,13.5,12.512943867324774
Y2,Ridge + phys,312,6,15.19,13.410814823777562
Y2,Ridge + phys,313,6,15.5,13.088959588359431
Y2,Ridge + phys,314,6,15.28,13.258235765450085
Y2,Ridge + phys,315,6,15.5,13.762747360671453
Y2,Ridge + phys,360,6,14.73,13.460998815690694
Y2,Ridge + phys,361,6,15.1,13.139143580272561
Y2,Ridge + phys,362,6,15.18,13.308419757363216
Y2,Ridge + phys,363,6,15.44,13.812931352584584
Y2,Ridge + phys,408,6,14.49,13.511182807603825
Y2,Ridge + phys,409,6,13.79,13.189327572185695
Y2,Ridge + phys,410,6,14.72,13.358603749276346
Y2,Ridge + phys,411,6,14.76,13.863115344497716
Y2,Ridge + phys,456,6,14.92,13.561366799516955
Y2,Ridge + phys,457,6,15.24,13.239511564098825
Y2,Ridge + phys,458,6,15.03,13.40878774118948
Y2,Ridge + phys,459,6,15.35,13.913299336410846
Y2,Ridge + phys,504,6,14.48,13.611550791430089
Y2,Ridge + phys,505,6,14.58,13.289695556011958
Y2,Ridge + phys,506,6,14.81,13.45897173310261
Y2,Ridge + phys,507,6,14.03,13.96348332832398
Y2,Ridge + phys,552,6,16.94,14.861354284776768
Y2,Ridge + phys,553,6,17.25,14.539499049358637
Y2,Ridge + phys,554,6,17.03,14.708775226449289
Y2,Ridge + phys,555,6,17.25,15.213286821670659
Y2,Ridge + phys,600,6,16.43,14.9115382766899
Y2,Ridge + phys,601,6,16.93,14.589683041271769
Y2,Ridge + phys,602,6,16.99,14.758959218362422
Y2,Ridge + phys,603,6,17.03,15.26347081358379
Y2,Ridge + phys,648,6,16.08,14.96172226860303
Y2,Ridge + phys,649,6,15.39,14.639867033184899
Y2,Ridge + phys,650,6,16.57,14.809143210275552
Y2,Ridge + phys,651,6,16.6,15.31365480549692
Y2,Ridge + phys,696,6,16.61,15.011906260516161
Y2,Ridge + phys,697,6,16.74,14.69005102509803
Y2,Ridge + phys,698,6,16.9,14.859327202188682
Y2,Ridge + phys,699,6,17.32,15.363838797410052
Y2,Ridge + phys,744,6,16.69,15.062090252429293
Y2,Ridge + phys,745,6,16.62,14.740235017011162
Y2,Ridge + phys,746,6,16.94,14.909511194101816
Y2,Ridge + phys,747,6,16.7,15.414022789323184
Y2,Ridge + phys,28,7,11.27,12.048759601300864
Y2,Ridge + phys,29,7,11.72,11.726117296311406
Y2,Ridge + phys,30,7,11.29,11.897810901371136
Y2,Ridge + phys,31,7,11.67,12.399848849368333
Y2,Ridge + phys,76,7,13.8,13.251134970412046
Y2,Ridge + phys,77,7,14.28,12.928492665422588
Y2,Ridge + phys,78,7,13.87,13.10018627048232
Y2,Ridge + phys,79,7,14.27,13.602224218479515
Y2,Ridge + phys,124,7,13.67,13.306184466897692
Y2,Ridge + phys,125,7,14.11,12.983542161908234
Y2,Ridge + phys,126,7,13.8,13.155235766967964
Y2,Ridge + phys,127,7,14.21,13.65727371496516
Y2,Ridge + phys,172,7,14.14,13.361233963383336
Y2,Ridge + phys,173,7,13.77,13.038591658393878
Y2,Ridge + phys,174,7,14.3,13.21028526345361
Y2,Ridge + phys,175,7,13.87,13.712323211450805
Y2,Ridge + phys,220,7,13.67,13.416283459868982
Y2,Ridge + phys,221,7,14.12,13.093641154879522
Y2,Ridge + phys,222,7,13.79,13.265334759939256
Y2,Ridge + phys,223,7,14.2,13.76737270793645
Y2,Ridge + phys,268,7,14.18,13.471332956354626
Y2,Ridge + phys,269,7,13.75,13.148690651365168
Y2,Ridge + phys,270,7,14.26,13.3203842564249
Y2,Ridge + phys,271,7,13.89,13.822422204422095
Y2,Ridge + phys,316,7,15.42,14.972123779350353
Y2,Ridge + phys,317,7,15.85,14.649481474360893
Y2,Ridge + phys,318,7,15.44,14.821175079420627
Y2,Ridge + phys,319,7,15.81,15.323213027417822
Y2,Ridge + phys,364,7,14.91,15.027173275835997
Y2,Ridge + phys,365,7,15.4,14.70453097084654
Y2,Ridge + phys,366,7,14.94,14.876224575906273
Y2,Ridge + phys,367,7,15.32,15.378262523903466
Y2,Ridge + phys,412,7,14.92,15.082222772321643
Y2,Ridge + phys,413,7,14.74,14.759580467332183
Y2,Ridge + phys,414,7,15.57,14.931274072391917
Y2,Ridge + phys,415,7,14.94,15.43331202038911
Y2,Ridge + phys,460,7,14.67,15.137272268807289
Y2,Ridge + phys,461,7,15.09,14.81462996381783
Y2,Ridge + phys,462,7,15.2,14.98632356887756
Y2,Ridge + phys,463,7,15.64,15.488361516874756
Y2,Ridge + phys,508,7,15.27,15.192321765292933
Y2,Ridge + phys,509,7,14.71,14.869679460303475
Y2,Ridge + phys,510,7,15.23,15.041373065363207
Y2,Ridge + phys,511,7,14.97,15.543411013360402
Y2,Ridge + phys,556,7,17.1,16.693112588288656
Y2,Ridge + phys,557,7,17.51,16.3704702832992
Y2,Ridge + phys,558,7,17.12,16.54216388835893
Y2,Ridge + phys,559,7,17.47,17.044201836356123
Y2,Ridge + phys,604,7,16.77,16.7481620847743
Y2,Ridge + phys,605,7,17.37,16.425519779784842
Y2,Ridge + phys,606,7,17.27,16.597213384844576
Y2,Ridge + phys,607,7,17.51,17.099251332841767
Y2,Ridge + phys,652,7,16.11,16.803211581259948
Y2,Ridge + phys,653,7,15.47,16.480569276270487
Y2,Ridge + phys,654,7,16.7,16.652262881330223
Y2,Ridge + phys,655,7,16.1,17.154300829327415
Y2,Ridge + phys,700,7,16.85,16.858261077745592
Y2,Ridge + phys,701,7,17.2,16.53561877275613
Y2,Ridge + phys,702,7,17.23,16.707312377815867
Y2,Ridge + phys,703,7,17.74,17.20935032581306
Y2,Ridge + phys,748,7,15.59,16.91331057423124
Y2,Ridge + phys,749,7,14.58,16.590668269241778
Y2,Ridge + phys,750,7,15.33,16.76236187430151
Y2,Ridge + phys,751,7,15.31,17.264399822298707
Y2,Ridge + phys,32,8,11.74,12.956910121655888
Y2,Ridge + phys,33,8,12.05,12.636066832829465
Y2,Ridge + phys,34,8,11.73,12.802194731634806
Y2,Ridge + phys,35,8,11.93,13.304176460376905
Y2,Ridge + phys,80,8,14.28,14.158324983552562
Y2,Ridge + phys,81,8,14.61,13.837481694726138
Y2,Ridge + phys,82,8,14.3,14.003609593531479
Y2,Ridge + phys,83,8,14.45,14.505591322273578
Y2,Ridge + phys,128,8,13.2,14.202867072290704
Y2,Ridge + phys,129,8,13.54,13.88202378346428
Y2,Ridge + phys,130,8,13.32,14.048151682269623
Y2,Ridge + phys,131,8,13.51,14.55013341101172
Y2,Ridge + phys,176,8,14.44,14.247409161028848
Y2,Ridge + phys,177,8,14.27,13.926565872202424
Y2,Ridge + phys,178,8,14.67,14.092693771007765
Y2,Ridge + phys,179,8,14.4,14.594675499749863
Y2,Ridge + phys,224,8,14.29,14.29195124976699
Y2,Ridge + phys,225,8,14.49,13.971107960940566
Y2,Ridge + phys,226,8,14.42,14.137235859745907
Y2,Ridge + phys,227,8,14.73,14.639217588488005
Y2,Ridge + phys,272,8,14.55,14.336493338505132
Y2,Ridge + phys,273,8,14.28,14.015650049678708
Y2,Ridge + phys,274,8,14.46,14.181777948484049
Y2,Ridge + phys,275,8,14.39,14.683759677226147
Y2,Ridge + phys,320,8,15.21,15.893634143290361
Y2,Ridge + phys,321,8,15.63,15.572790854463937
Y2,Ridge + phys,322,8,15.48,15.738918753269278
Y2,Ridge + phys,323,8,15.78,16.240900482011376
Y2,Ridge + phys,368,8,15.52,15.938176232028503
Y2,Ridge + phys,369,8,15.85,15.61733294320208
Y2,Ridge + phys,370,8,15.66,15.783460842007422
Y2,Ridge + phys,371,8,15.99,16.285442570749517
Y2,Ridge + phys,416,8,14.92,15.982718320766647
Y2,Ridge + phys,417,8,14.38,15.661875031940223
Y2,Ridge + phys,418,8,15.44,15.828002930745566
Y2,Ridge + phys,419,8,15.17,16.329984659487664
Y2,Ridge + phys,464,8,15.37,16.02726040950479
Y2,Ridge + phys,465,8,15.73,15.706417120678365
Y2,Ridge + phys,466,8,15.83,15.872545019483706
Y2,Ridge + phys,467,8,16.13,16.374526748225804
Y2,Ridge + phys,512,8,15.14,16.07180249824293
Y2,Ridge + phys,513,8,14.97,15.750959209416507
Y2,Ridge + phys,514,8,15.22,15.91708710822185
Y2,Ridge + phys,515,8,14.6,16.419068836963945
Y2,Ridge + phys,560,8,16.5,17.628943303028162
Y2,Ridge + phys,561,8,17.0,17.308100014201738
Y2,Ridge + phys,562,8,16.87,17.474227913007077
Y2,Ridge + phys,563,8,17.2,17.97620964174918
Y2,Ridge + phys,608,8,16.44,17.673485391766306
Y2,Ridge + phys,609,8,17.01,17.352642102939882
Y2,Ridge + phys,610,8,17.23,17.51877000174522
Y2,Ridge + phys,611,8,17.22,18.02075173048732
Y2,Ridge + phys,656,8,16.35,17.718027480504446
Y2,Ridge + phys,657,8,15.84,17.397184191678022
Y2,Ridge + phys,658,8,16.99,17.563312090483365
Y2,Ridge + phys,659,8,17.02,18.065293819225463
Y2,Ridge + phys,704,8,16.81,17.76256956924259
Y2,Ridge + phys,705,8,16.88,17.441726280416166
Y2,Ridge + phys,706,8,16.9,17.607854179221505
Y2,Ridge + phys,707,8,17.39,18.109835907963607
Y2,Ridge + phys,752,8,16.63,17.80711165798073
Y2,Ridge + phys,753,8,15.87,17.48626836915431
Y2,Ridge + phys,754,8,16.54,17.65239626795965
Y2,Ridge + phys,755,8,16.74,18.154377996701747
Y2,Ridge + phys,36,9,12.4,14.044328917517168
Y2,Ridge + phys,37,9,12.23,13.726690126231153
Y2,Ridge + phys,38,9,12.4,13.889950843026657
Y2,Ridge + phys,39,9,12.14,14.403963492359058
Y2,Ridge + phys,84,9,13.9,15.20664992402481
Y2,Ridge + phys,85,9,13.72,14.889011132738794
Y2,Ridge + phys,86,9,13.88,15.052271849534296
Y2,Ridge + phys,87,9,13.65,15.566284498866697
Y2,Ridge + phys,132,9,14.86,15.251568211421356
Y2,Ridge + phys,133,9,14.75,14.93392942013534
Y2,Ridge + phys,134,9,15.0,15.097190136930843
Y2,Ridge + phys,135,9,14.74,15.611202786263243
Y2,Ridge + phys,180,9,13.46,15.296486498817902
Y2,Ridge + phys,181,9,13.7,14.978847707531887
Y2,Ridge + phys,182,9,13.59,15.14210842432739
Y2,Ridge + phys,183,9,13.83,15.65612107365979
Y2,Ridge + phys,228,9,14.86,15.341404786214449
Y2,Ridge + phys,229,9,14.67,15.023765994928434
Y2,Ridge + phys,230,9,15.0,15.187026711723936
Y2,Ridge + phys,231,9,14.83,15.701039361056337
Y2,Ridge + phys,276,9,14.54,15.386323073610997
Y2,Ridge + phys,277,9,14.81,15.06868428232498
Y2,Ridge + phys,278,9,14.65,15.231944999120484
Y2,Ridge + phys,279,9,14.87,15.745957648452885
Y2,Ridge + phys,324,9,16.39,16.88275400269145
Y2,Ridge + phys,325,9,16.27,16.565115211405434
Y2,Ridge + phys,326,9,16.39,16.728375928200933
Y2,Ridge + phys,327,9,16.19,17.242388577533333
Y2,Ridge + phys,372,9,15.89,16.927672290087997
Y2,Ridge + phys,373,9,15.85,16.610033498801982
Y2,Ridge + phys,374,9,16.22,16.77329421559748
Y2,Ridge + phys,375,9,15.87,17.28730686492988
Y2,Ridge + phys,420,9,15.53,16.972590577484542
Y2,Ridge + phys,421,9,15.8,16.654951786198524
Y2,Ridge + phys,422,9,16.14,16.81821250299403
Y2,Ridge + phys,423,9,16.26,17.33222515232643
Y2,Ridge + phys,468,9,15.95,17.017508864881087
Y2,Ridge + phys,469,9,15.59,16.699870073595072
Y2,Ridge + phys,470,9,16.17,16.863130790390578
Y2,Ridge + phys,471,9,16.14,17.37714343972298
Y2,Ridge + phys,516,9,15.83,17.062427152277635
Y2,Ridge + phys,517,9,16.03,16.74478836099162
Y2,Ridge + phys,518,9,15.8,16.908049077787123
Y2,Ridge + phys,519,9,16.06,17.422061727119527
Y2,Ridge + phys,564,9,18.14,18.55885808135809
Y2,Ridge + phys,565,9,18.03,18.24121929007207
Y2,Ridge + phys,566,9,18.14,18.404480006867573
Y2,Ridge + phys,567,9,17.95,18.918492656199973
Y2,Ridge + phys,612,9,17.85,18.603776368754634
Y2,Ridge + phys,613,9,17.89,18.28613757746862
Y2,Ridge + phys,614,9,18.36,18.44939829426412
Y2,Ridge + phys,615,9,18.15,18.96341094359652
Y2,Ridge + phys,660,9,17.04,18.64869465615118
Y2,Ridge + phys,661,9,17.63,18.331055864865164
Y2,Ridge + phys,662,9,18.1,18.49431658166067
Y2,Ridge + phys,663,9,18.22,19.00832923099307
Y2,Ridge + phys,708,9,17.86,18.693612943547727
Y2,Ridge + phys,709,9,17.82,18.375974152261712
Y2,Ridge + phys,710,9,18.36,18.539234869057214
Y2,Ridge + phys,711,9,18.24,19.053247518389615
Y2,Ridge + phys,756,9,17.64,18.738531230944275
Y2,Ridge + phys,757,9,17.79,18.42089243965826
Y2,Ridge + phys,758,9,17.55,18.58415315645376
Y2,Ridge + phys,759,9,18.06,19.098165805786163
Y2,Ridge + phys,40,10,16.78,13.510439167035038
Y2,Ridge + phys,41,10,16.8,13.195105365207912
Y2,Ridge + phys,42,10,16.75,13.357297916156611
Y2,Ridge + phys,43,10,16.67,13.869061795285218
Y2,Ridge + phys,88,10,19.37,14.71599418571745
Y2,Ridge + phys,89,10,19.43,14.400660383890324
Y2,Ridge + phys,90,10,19.34,14.562852934839023
Y2,Ridge + phys,91,10,19.32,15.07461681396763
Y2,Ridge + phys,136,10,19.23,14.773197136331154
Y2,Ridge + phys,137,10,19.34,14.457863334504028
Y2,Ridge + phys,138,10,19.32,14.620055885452727
Y2,Ridge + phys,139,10,19.3,15.131819764581333
Y2,Ridge + phys,184,10,19.14,14.83040008694486
Y2,Ridge + phys,185,10,19.18,14.515066285117733
Y2,Ridge + phys,186,10,19.37,14.677258836066432
Y2,Ridge + phys,187,10,19.29,15.189022715195039
Y2,Ridge + phys,232,10,19.24,14.887603037558563
Y2,Ridge + phys,233,10,19.25,14.572269235731437
Y2,Ridge + phys,234,10,19.42,14.734461786680136
Y2,Ridge + phys,235,10,19.48,15.246225665808742
Y2,Ridge + phys,280,10,19.24,14.944805988172268
Y2,Ridge + phys,281,10,19.18,14.629472186345142
Y2,Ridge + phys,282,10,19.26,14.791664737293841
Y2,Ridge + phys,283,10,19.29,15.303428616422448
Y2,Ridge + phys,328,10,21.13,16.438522287820515
Y2,Ridge + phys,329,10,21.19,16.12318848599339
Y2,Ridge + phys,330,10,21.09,16.28538103694209
Y2,Ridge + phys,331,10,21.08,16.797144916070696
Y2,Ridge + phys,376,10,20.47,16.49572523843422
Y2,Ridge + phys,377,10,20.56,16.180391436607096
Y2,Ridge + phys,378,10,20.48,16.34258398755579
Y2,Ridge + phys,379,10,20.43,16.8543478666844
Y2,Ridge + phys,424,10,19.87,16.552928189047925
Y2,Ridge + phys,425,10,20.03,16.237594387220796
Y2,Ridge + phys,426,10,20.46,16.3997869381695
Y2,Ridge + phys,427,10,20.28,16.911550817298103
Y2,Ridge + phys,472,10,19.65,16.610131139661625
Y2,Ridge + phys,473,10,19.76,16.294797337834503
Y2,Ridge + phys,474,10,20.37,16.456989888783202
Y2,Ridge + phys,475,10,19.9,16.968753767911807
Y2,Ridge + phys,520,10,20.13,16.667334090275332
Y2,Ridge + phys,521,10,20.01,16.352000288448206
Y2,Ridge + phys,522,10,20.19,16.514192839396905
Y2,Ridge + phys,523,10,20.29,17.025956718525514
Y2,Ridge + phys,568,10,22.72,18.16105038992358
Y2,Ridge + phys,569,10,22.73,17.845716588096455
Y2,Ridge + phys,570,10,22.72,18.007909139045154
Y2,Ridge + phys,571,10,22.53,18.519673018173762
Y2,Ridge + phys,616,10,21.72,18.218253340537284
Y2,Ridge + phys,617,10,22.07,17.902919538710158
Y2,Ridge + phys,618,10,22.09,18.065112089658857
Y2,Ridge + phys,619,10,21.93,18.576875968787466
Y2,Ridge + phys,664,10,20.78,18.275456291150988
Y2,Ridge + phys,665,10,20.72,17.960122489323865
Y2,Ridge + phys,666,10,21.54,18.12231504027256
Y2,Ridge + phys,667,10,21.53,18.63407891940117
Y2,Ridge + phys,712,10,21.68,18.33265924176469
Y2,Ridge + phys,713,10,21.54,18.017325439937565
Y2,Ridge + phys,714,10,22.25,18.179517990886268
Y2,Ridge + phys,715,10,22.49,18.691281870014873
Y2,Ridge + phys,760,10,20.82,18.389862192378395
Y2,Ridge + phys,761,10,20.21,18.074528390551272
Y2,Ridge + phys,762,10,20.71,18.23672094149997
Y2,Ridge + phys,763,10,21.4,18.748484820628576
Y2,Ridge + phys,44,11,12.07,17.1107781572042
Y2,Ridge + phys,45,11,12.22,16.819430275304335
Y2,Ridge + phys,46,11,12.08,17.004590737435272
Y2,Ridge + phys,47,11,12.04,17.474937335638096
Y2,Ridge + phys,92,11,14.34,18.498030825573338
Y2,Ridge + phys,93,11,14.5,18.206682943673464
Y2,Ridge + phys,94,11,14.33,18.3918434058044
Y2,Ridge + phys,95,11,14.27,18.862190004007232
Y2,Ridge + phys,140,11,14.37,18.57093107703425
Y2,Ridge + phys,141,11,14.57,18.27958319513438
Y2,Ridge + phys,142,11,14.27,18.464743657265316
Y2,Ridge + phys,143,11,14.24,18.93509025546814
Y2,Ridge + phys,188,11,14.09,18.64383132849516
Y2,Ridge + phys,189,11,14.23,18.35248344659529
Y2,Ridge + phys,190,11,14.14,18.537643908726228
Y2,Ridge + phys,191,11,13.89,19.007990506929055
Y2,Ridge + phys,236,11,14.37,18.716731579956072
Y2,Ridge + phys,237,11,14.34,18.4253836980562
Y2,Ridge + phys,238,11,14.28,18.61054416018714
Y2,Ridge + phys,239,11,14.47,19.080890758389966
Y2,Ridge + phys,284,11,14.24,18.789631831416983
Y2,Ridge + phys,285,11,13.97,18.498283949517113
Y2,Ridge + phys,286,11,13.99,18.68344441164805
Y2,Ridge + phys,287,11,14.15,19.153791009850877
Y2,Ridge + phys,332,11,15.77,20.46955945093567
Y2,Ridge + phys,333,11,15.95,20.1782115690358
Y2,Ridge + phys,334,11,15.77,20.363372031166737
Y2,Ridge + phys,335,11,15.76,20.833718629369564
Y2,Ridge + phys,380,11,15.32,20.54245970239658
Y2,Ridge + phys,381,11,15.64,20.25111182049671
Y2,Ridge + phys,382,11,15.14,20.436272282627648
Y2,Ridge + phys,383,11,15.3,20.906618880830475
Y2,Ridge + phys,428,11,14.89,20.615359953857492
Y2,Ridge + phys,429,11,14.96,20.324012071957622
Y2,Ridge + phys,430,11,14.89,20.50917253408856
Y2,Ridge + phys,431,11,14.35,20.979519132291387
Y2,Ridge + phys,476,11,15.41,20.688260205318407
Y2,Ridge + phys,477,11,15.56,20.396912323418533
Y2,Ridge + phys,478,11,15.07,20.58207278554947
Y2,Ridge + phys,479,11,15.38,21.052419383752298
Y2,Ridge + phys,524,11,15.19,20.761160456779315
Y2,Ridge + phys,525,11,14.61,20.469812574879445
Y2,Ridge + phys,526,11,14.61,20.654973037010382
Y2,Ridge + phys,527,11,14.75,21.12531963521321
Y2,Ridge + phys,572,11,17.2,22.441088076298005
Y2,Ridge + phys,573,11,17.21,22.149740194398134
Y2,Ridge + phys,574,11,17.15,22.334900656529072
Y2,Ridge + phys,575,11,17.2,22.8052472547319
Y2,Ridge + phys,620,11,17.36,22.513988327758916
Y2,Ridge + phys,621,11,17.38,22.222640445859046
Y2,Ridge + phys,622,11,16.86,22.407800907989984
Y2,Ridge + phys,623,11,16.99,22.87814750619281
Y2,Ridge + phys,668,11,16.9,22.586888579219828
Y2,Ridge + phys,669,11,17.14,22.295540697319957
Y2,Ridge + phys,670,11,16.56,22.480701159450895
Y2,Ridge + phys,671,11,16.0,22.951047757653722
Y2,Ridge + phys,716,11,17.1,22.65978883068074
Y2,Ridge + phys,717,11,16.79,22.36844094878087
Y2,Ridge + phys,718,11,16.58,22.553601410911806
Y2,Ridge + phys,719,11,16.79,23.023948009114633
Y2,Ridge + phys,764,11,16.88,22.73268908214165
Y2,Ridge + phys,765,11,17.11,22.44134120024178
Y2,Ridge + phys,766,11,16.61,22.626501662372718
Y2,Ridge + phys,767,11,16.03,23.096848260575545
Y2,GBM + phys,0,0,21.33,25.5759135323714
Y2,GBM + phys,1,0,21.33,25.379397294418496
Y2,GBM + phys,2,0,21.33,25.50409593825905
Y2,GBM + phys,3,0,21.33,26.79474733006152
Y2,GBM + phys,48,0,26.47,29.09252544148223
Y2,GBM + phys,49,0,26.37,28.93475830627835
Y2,GBM + phys,50,0,26.44,29.059456950118904
Y2,GBM + phys,51,0,26.29,29.977300974690095
Y2,GBM + phys,96,0,25.95,29.09252544148223
Y2,GBM + phys,97,0,25.63,28.93475830627835
Y2,GBM + phys,98,0,26.13,29.059456950118904
Y2,GBM + phys,99,0,25.89,29.977300974690095
Y2,GBM + phys,144,0,25.68,29.153614377321897
Y2,GBM + phys,145,0,26.02,29.084596965113473
Y2,GBM + phys,146,0,25.84,29.12054588595857
Y2,GBM + phys,147,0,26.14,29.202688628792885
Y2,GBM + phys,192,0,25.91,29.153614377321897
Y2,GBM + phys,193,0,25.72,29.084596965113473
Y2,GBM + phys,194,0,26.18,29.12054588595857
Y2,GBM + phys,195,0,25.87,29.202688628792885
Y2,GBM + phys,240,0,25.64,29.09330194673535
Y2,GBM + phys,241,0,25.98,28.878895772139952
Y2,GBM + phys,242,0,25.88,29.060233455372025
Y2,GBM + phys,243,0,26.18,29.202688628792885
Y2,GBM + phys,288,0,29.79,31.812804600485734
Y2,GBM + phys,289,0,29.79,31.68810595664518
Y2,GBM + phys,290,0,29.28,31.812804600485734
Y2,GBM + phys,291,0,29.49,32.73064862505691
Y2,GBM + phys,336,0,29.62,31.775824922782625
Y2,GBM + phys,337,0,29.69,31.651126278942073
Y2,GBM + phys,338,0,30.18,31.775824922782625
Y2,GBM + phys,339,0,30.02,32.69366894735381
Y2,GBM + phys,384,0,29.43,31.796880309125914
Y2,GBM + phys,385,0,29.78,31.760931388280817
Y2,GBM + phys,386,0,30.1,31.796880309125914
Y2,GBM + phys,387,0,30.19,31.87902305196023
Y2,GBM + phys,432,0,29.61,31.796880309125914
Y2,GBM + phys,433,0,29.59,31.760931388280817
Y2,GBM + phys,434,0,30.19,31.796880309125914
Y2,GBM + phys,435,0,30.12,31.87902305196023
Y2,GBM + phys,480,0,29.53,31.73656787853937
Y2,GBM + phys,481,0,29.77,31.555230195307296
Y2,GBM + phys,482,0,30.0,31.73656787853937
Y2,GBM + phys,483,0,30.2,31.87902305196023
Y2,GBM + phys,528,0,33.37,34.38470538450668
Y2,GBM + phys,529,0,33.34,34.26000674066613
Y2,GBM + phys,530,0,32.83,34.38470538450668
Y2,GBM + phys,531,0,33.04,35.30254940907787
Y2,GBM + phys,576,0,32.96,34.34772570680358
Y2,GBM + phys,577,0,33.13,34.22302706296303
Y2,GBM + phys,578,0,33.94,34.34772570680358
Y2,GBM + phys,579,0,33.78,35.26556973137477
Y2,GBM + phys,624,0,32.78,34.23860114816986
Y2,GBM + phys,625,0,33.24,34.20265222732477
Y2,GBM + phys,626,0,33.86,34.23860114816986
Y2,GBM + phys,627,0,34.0,34.32074389100418
Y2,GBM + phys,672,0,32.95,34.23860114816986
Y2,GBM + phys,673,0,33.06,34.20265222732477
Y2,GBM + phys,674,0,33.95,34.23860114816986
Y2,GBM + phys,675,0,33.88,34.32074389100418
Y2,GBM + phys,720,0,32.88,34.17828871758332
Y2,GBM + phys,721,0,33.23,33.996951034351255
Y2,GBM + phys,722,0,33.76,34.17828871758332
Y2,GBM + phys,723,0,34.01,34.32074389100418
Y2,GBM + phys,4,1,28.28,22.51383194978962
Y2,GBM + phys,5,1,25.38,22.00412704038171
Y2,GBM + phys,6,1,25.16,22.111458011902563
Y2,GBM + phys,7,1,29.6,22.50010595853689
Y2,GBM + phys,52,1,32.92,27.094127836963633
Y2,GBM + phys,53,1,29.87,26.735059486436
Y2,GBM + phys,54,1,29.58,26.886080443280132
Y2,GBM + phys,55,1,34.33,27.15428341802752
Y2,GBM + phys,100,1,32.54,27.09523897539947
Y2,GBM + phys,101,1,29.44,26.75195973695837
Y2,GBM + phys,102,1,29.36,26.887191581715967
Y2,GBM + phys,103,1,34.2,27.155394556463357
Y2,GBM + phys,148,1,34.14,27.12454338017233
Y2,GBM + phys,149,1,32.85,27.113251087882716
Y2,GBM + phys,150,1,30.08,27.128026890905765
Y2,GBM + phys,151,1,29.67,26.76255557008905
Y2,GBM + phys,196,1,29.34,26.81379943279313
Y2,GBM + phys,197,1,33.91,27.68902993838085
Y2,GBM + phys,198,1,32.83,27.269060237072004
Y2,GBM + phys,199,1,29.92,26.98801616757706
Y2,GBM + phys,244,1,29.82,26.55108523489727
Y2,GBM + phys,245,1,29.52,26.73573920223976
Y2,GBM + phys,246,1,34.45,27.48699176702947
Y2,GBM + phys,247,1,33.01,27.535175463607935
Y2,GBM + phys,292,1,36.12,29.525686535770006
Y2,GBM + phys,293,1,33.17,29.346651025391832
Y2,GBM + phys,294,1,32.71,29.503760281443835
Y2,GBM + phys,295,1,37.58,29.891020961653144
Y2,GBM + phys,340,1,35.56,29.49246538846963
Y2,GBM + phys,341,1,32.64,29.32921899017799
Y2,GBM + phys,342,1,32.77,29.54740375401708
Y2,GBM + phys,343,1,37.72,29.857799814352767
Y2,GBM + phys,388,1,36.35,29.543812913111797
Y2,GBM + phys,389,1,35.1,29.71255346097164
Y2,GBM + phys,390,1,32.83,29.810282183076183
Y2,GBM + phys,391,1,32.46,29.487003947847764
Y2,GBM + phys,436,1,32.12,29.76277292961695
Y2,GBM + phys,437,1,37.12,30.11213145654874
Y2,GBM + phys,438,1,36.16,29.829444556089864
Y2,GBM + phys,439,1,33.16,29.536263690414746
Y2,GBM + phys,484,1,32.25,29.500058731721094
Y2,GBM + phys,485,1,32.0,29.158840720407653
Y2,GBM + phys,486,1,37.19,30.04737608604733
Y2,GBM + phys,487,1,35.62,30.08342298644562
Y2,GBM + phys,532,1,39.28,33.18371823306362
Y2,GBM + phys,533,1,36.38,33.08971548492816
Y2,GBM + phys,534,1,35.92,33.24682474098023
Y2,GBM + phys,535,1,40.99,33.813469542706606
Y2,GBM + phys,580,1,38.35,33.08585139405237
Y2,GBM + phys,581,1,35.39,33.00763775800344
Y2,GBM + phys,582,1,34.94,33.225822521842595
Y2,GBM + phys,583,1,40.66,33.715602703695346
Y2,GBM + phys,628,1,37.26,33.040860057686075
Y2,GBM + phys,629,1,35.04,33.29463336778862
Y2,GBM + phys,630,1,33.82,33.47168096348042
Y2,GBM + phys,631,1,33.31,33.2484679761819
Y2,GBM + phys,676,1,33.98,33.3599010259938
Y2,GBM + phys,677,1,39.92,33.58984757181356
Y2,GBM + phys,678,1,39.22,33.386479544941906
Y2,GBM + phys,679,1,36.1,33.193363927196714
Y2,GBM + phys,724,1,33.94,33.04969917258218
Y2,GBM + phys,725,1,33.14,32.58906918015675
Y2,GBM + phys,726,1,38.79,33.556923419383615
Y2,GBM + phys,727,1,37.27,33.69303556771181
Y2,GBM + phys,8,2,27.3,24.723662060355316
Y2,GBM + phys,9,2,21.97,21.50421699114945
Y2,GBM + phys,10,2,23.49,20.36858785705628
Y2,GBM + phys,11,2,27.87,25.30222683253512
Y2,GBM + phys,56,2,30.89,27.839133555058297
Y2,GBM + phys,57,2,25.6,25.419786926888698
Y2,GBM + phys,58,2,27.03,24.20897612171613
Y2,GBM + phys,59,2,31.73,28.982148909423728
Y2,GBM + phys,104,2,30.91,27.69014018254644
Y2,GBM + phys,105,2,25.63,25.329238318272687
Y2,GBM + phys,106,2,27.36,24.260966819498776
Y2,GBM + phys,107,2,31.9,28.85601097404936
Y2,GBM + phys,152,2,31.73,28.186408283652828
Y2,GBM + phys,153,2,31.01,26.136933544218746
Y2,GBM + phys,154,2,25.9,25.00227740830422
Y2,GBM + phys,155,2,27.4,25.157415438628846
Y2,GBM + phys,200,2,27.17,24.32075376682042
Y2,GBM + phys,201,2,31.76,27.47628684359113
Y2,GBM + phys,202,2,31.06,28.256463347764072
Y2,GBM + phys,203,2,25.81,26.20370944632737
Y2,GBM + phys,248,2,25.82,24.37174585951551
Y2,GBM + phys,249,2,27.33,25.701265324319184
Y2,GBM + phys,250,2,32.04,28.981788064555563
Y2,GBM + phys,251,2,31.28,26.858419239978943
Y2,GBM + phys,296,2,33.98,29.96659299025665
Y2,GBM + phys,297,2,28.61,27.609077390883048
Y2,GBM + phys,298,2,30.12,26.350627321907528
Y2,GBM + phys,299,2,34.73,31.14687193893321
Y2,GBM + phys,344,2,33.37,29.429170195831087
Y2,GBM + phys,345,2,27.89,27.110725211116094
Y2,GBM + phys,346,2,29.9,26.030403775297586
Y2,GBM + phys,347,2,34.52,30.648519759166255
Y2,GBM + phys,392,2,33.52,29.69343731081461
Y2,GBM + phys,393,2,32.93,27.591154292340235
Y2,GBM + phys,394,2,28.38,26.539713377980164
Y2,GBM + phys,395,2,29.82,26.69485140830479
Y2,GBM + phys,440,2,29.45,25.853542518799546
Y2,GBM + phys,441,2,34.19,28.956267316529964
Y2,GBM + phys,442,2,33.93,29.81965904225736
Y2,GBM + phys,443,2,28.31,27.766905140820658
Y2,GBM + phys,488,2,28.02,25.77457601995107
Y2,GBM + phys,489,2,29.43,27.09079417511781
Y2,GBM + phys,490,2,34.15,30.358314320241632
Y2,GBM + phys,491,2,33.47,28.20887390517114
Y2,GBM + phys,536,2,35.99,32.308316686287476
Y2,GBM + phys,537,2,30.66,29.766656143812387
Y2,GBM + phys,538,2,31.7,28.683463025107336
Y2,GBM + phys,539,2,36.73,33.56320403774106
Y2,GBM + phys,584,2,35.48,31.918204690565315
Y2,GBM + phys,585,2,30.53,29.415614762748824
Y2,GBM + phys,586,2,32.28,28.510550277200785
Y2,GBM + phys,587,2,36.86,33.21216265667752
Y2,GBM + phys,632,2,35.22,32.020096251186075
Y2,GBM + phys,633,2,34.7,29.78474130843422
Y2,GBM + phys,634,2,30.11,28.85748432552059
Y2,GBM + phys,635,2,31.6,29.09611875145328
Y2,GBM + phys,680,2,31.53,28.16904468491478
Y2,GBM + phys,681,2,36.2,31.35294955482765
Y2,GBM + phys,682,2,36.21,32.314616072869015
Y2,GBM + phys,683,2,31.0,30.345358567040382
Y2,GBM + phys,728,2,29.69,28.51682989160502
Y2,GBM + phys,729,2,31.2,29.73713490000204
Y2,GBM + phys,730,2,36.26,33.280023056392025
Y2,GBM + phys,731,2,35.71,31.21407903692958
Y2,GBM + phys,12,3,23.77,32.45210317050156
Y2,GBM + phys,13,3,21.46,30.012572324528612
Y2,GBM + phys,14,3,21.16,30.116550566278097
Y2,GBM + phys,15,3,24.93,34.57929611500066
Y2,GBM + phys,60,3,27.31,36.16418492467206
Y2,GBM + phys,61,3,24.91,34.23678268593992
Y2,GBM + phys,62,3,24.61,34.31964094979213
Y2,GBM + phys,63,3,28.51,38.45000489943989
Y2,GBM + phys,108,3,27.38,36.11867977448717
Y2,GBM + phys,109,3,25.02,34.248904238313244
Y2,GBM + phys,110,3,24.8,34.331762502165454
Y2,GBM + phys,111,3,28.79,38.46212645181321
Y2,GBM + phys,156,3,28.68,36.30853907607302
Y2,GBM + phys,157,3,27.54,35.08677310688617
Y2,GBM + phys,158,3,25.35,34.58876859039235
Y2,GBM + phys,159,3,24.93,34.2082005261413
Y2,GBM + phys,204,3,24.61,34.867557931867694
Y2,GBM + phys,205,3,28.61,35.95929359475767
Y2,GBM + phys,206,3,27.57,36.22169838973688
Y2,GBM + phys,207,3,25.16,34.82106115042957
Y2,GBM + phys,252,3,25.11,33.85545958553743
Y2,GBM + phys,253,3,24.77,34.947195248427406
Y2,GBM + phys,254,3,28.88,36.403880000664145
Y2,GBM + phys,255,3,27.69,35.305712887601075
Y2,GBM + phys,300,3,30.17,38.99950138815043
Y2,GBM + phys,301,3,27.84,37.07209914941829
Y2,GBM + phys,302,3,27.25,37.1549574132705
Y2,GBM + phys,303,3,31.39,41.28532136291826
Y2,GBM + phys,348,3,28.27,38.95399623796554
Y2,GBM + phys,349,3,26.96,37.084220701791615
Y2,GBM + phys,350,3,26.72,37.167078965643825
Y2,GBM + phys,351,3,29.88,41.29744291529158
Y2,GBM + phys,396,3,28.77,39.14385553955139
Y2,GBM + phys,397,3,27.76,37.92208957036454
Y2,GBM + phys,398,3,26.95,37.42408505387072
Y2,GBM + phys,399,3,26.41,37.04351698961967
Y2,GBM + phys,444,3,26.3,37.702874395346065
Y2,GBM + phys,445,3,29.43,38.79461005823604
Y2,GBM + phys,446,3,28.76,39.05701485321525
Y2,GBM + phys,447,3,27.34,37.65637761390794
Y2,GBM + phys,492,3,26.53,36.6907760490158
Y2,GBM + phys,493,3,26.08,37.78251171190578
Y2,GBM + phys,494,3,29.31,39.239196464142516
Y2,GBM + phys,495,3,28.14,38.141029351079446
Y2,GBM + phys,540,3,31.71,40.34491857099295
Y2,GBM + phys,541,3,29.13,38.462828149092154
Y2,GBM + phys,542,3,28.99,38.54797332112354
Y2,GBM + phys,543,3,33.54,42.92770017980189
Y2,GBM + phys,588,3,30.34,40.299413420808065
Y2,GBM + phys,589,3,27.93,38.474949701465476
Y2,GBM + phys,590,3,28.95,38.560094873496865
Y2,GBM + phys,591,3,32.92,42.93982173217521
Y2,GBM + phys,636,3,32.43,40.18679773708752
Y2,GBM + phys,637,3,30.65,39.099718424918585
Y2,GBM + phys,638,3,29.77,38.66533337402133
Y2,GBM + phys,639,3,29.64,38.32075034716214
Y2,GBM + phys,684,3,28.2,38.92317964501347
Y2,GBM + phys,685,3,32.35,40.14960196492136
Y2,GBM + phys,686,3,31.14,40.47562622549714
Y2,GBM + phys,687,3,28.43,39.11097402358169
Y2,GBM + phys,732,3,29.93,37.724403692779944
Y2,GBM + phys,733,3,29.56,38.810080363874896
Y2,GBM + phys,734,3,33.84,40.52176373354298
Y2,GBM + phys,735,3,32.54,39.440125795049745
Y2,GBM + phys,16,4,37.73,24.057540504481516
Y2,GBM + phys,17,4,31.27,22.609662354347506
Y2,GBM + phys,18,4,30.93,22.438135580633627
Y2,GBM + phys,19,4,39.44,24.88149735697289
Y2,GBM + phys,64,4,41.68,27.440541060051384
Y2,GBM + phys,65,4,35.28,26.748125427422163
Y2,GBM + phys,66,4,34.43,26.283441051121926
Y2,GBM + phys,67,4,43.33,28.64724456508166
Y2,GBM + phys,112,4,41.07,27.295255966222733
Y2,GBM + phys,113,4,34.62,26.664341353771942
Y2,GBM + phys,114,4,33.87,26.42458976612836
Y2,GBM + phys,115,4,42.86,28.56346049143144
Y2,GBM + phys,160,4,43.12,27.086502950464602
Y2,GBM + phys,161,4,41.22,26.737428202983256
Y2,GBM + phys,162,4,35.1,26.52645762930988
Y2,GBM + phys,163,4,34.29,26.47668678404472
Y2,GBM + phys,208,4,34.25,26.34794894178765
Y2,GBM + phys,209,4,43.3,27.372414456978134
Y2,GBM + phys,210,4,41.86,27.4631512645589
Y2,GBM + phys,211,4,35.29,26.607716750121742
Y2,GBM + phys,256,4,34.99,26.379627710765348
Y2,GBM + phys,257,4,34.18,25.869100953742475
Y2,GBM + phys,258,4,43.14,27.61855768754462
Y2,GBM + phys,259,4,41.26,26.82551824791818
Y2,GBM + phys,304,4,43.8,28.906610981768413
Y2,GBM + phys,305,4,37.81,28.214195349139192
Y2,GBM + phys,306,4,36.85,27.749510972838955
Y2,GBM + phys,307,4,45.52,30.11331448679869
Y2,GBM + phys,352,4,43.86,28.61598759886787
Y2,GBM + phys,353,4,37.41,27.98507298641708
Y2,GBM + phys,354,4,36.77,27.7453213987735
Y2,GBM + phys,355,4,45.97,29.884192124076577
Y2,GBM + phys,400,4,45.13,28.40723458310974
Y2,GBM + phys,401,4,43.66,28.058159835628395
Y2,GBM + phys,402,4,37.76,27.84718926195502
Y2,GBM + phys,403,4,36.87,27.797418416689858
Y2,GBM + phys,448,4,36.26,27.668680574432788
Y2,GBM + phys,449,4,45.48,28.693146089623273
Y2,GBM + phys,450,4,44.16,28.783882897204037
Y2,GBM + phys,451,4,37.26,27.92844838276688
Y2,GBM + phys,496,4,37.54,27.700359343410486
Y2,GBM + phys,497,4,36.66,27.189832586387613
Y2,GBM + phys,498,4,45.28,28.939289320189758
Y2,GBM + phys,499,4,43.73,28.146249880563317
Y2,GBM + phys,544,4,45.29,31.4305541999671
Y2,GBM + phys,545,4,39.07,30.815864989227904
Y2,GBM + phys,546,4,38.35,30.305491487703463
Y2,GBM + phys,547,4,46.94,32.89183690640493
Y2,GBM + phys,592,4,45.59,31.05651006542545
Y2,GBM + phys,593,4,39.41,30.50332187486468
Y2,GBM + phys,594,4,38.84,30.217881161996896
Y2,GBM + phys,595,4,48.03,32.57929379204172
Y2,GBM + phys,640,4,46.44,30.67473311781289
Y2,GBM + phys,641,4,44.18,30.40338479222157
Y2,GBM + phys,642,4,38.81,30.195923726970047
Y2,GBM + phys,643,4,38.23,30.235060536513533
Y2,GBM + phys,688,4,38.33,29.968833796391433
Y2,GBM + phys,689,4,47.59,31.07102573347194
Y2,GBM + phys,690,4,46.23,31.16527204947456
Y2,GBM + phys,691,4,39.56,30.39874518984605
Y2,GBM + phys,736,4,38.56,29.98863547855887
Y2,GBM + phys,737,4,37.7,29.55583514342602
Y2,GBM + phys,738,4,47.01,31.308801385650018
Y2,GBM + phys,739,4,44.87,30.604669600832224
Y2,GBM + phys,20,5,29.79,28.507556457537635
Y2,GBM + phys,21,5,29.68,27.11415815194449
Y2,GBM + phys,22,5,29.79,26.863139268453793
Y2,GBM + phys,23,5,29.4,29.430450570160918
Y2,GBM + phys,68,5,33.87,31.64903988529359
Y2,GBM + phys,69,5,34.07,30.594192349984205
Y2,GBM + phys,70,5,34.14,30.161337381424943
Y2,GBM + phys,71,5,33.67,32.22701050035401
Y2,GBM + phys,116,5,33.91,31.50082443069229
Y2,GBM + phys,117,5,34.07,30.486596387777826
Y2,GBM + phys,118,5,34.17,30.265425131372183
Y2,GBM + phys,119,5,33.78,32.08663984458386
Y2,GBM + phys,164,5,33.85,31.312175401596544
Y2,GBM + phys,165,5,34.11,31.06257496371531
Y2,GBM + phys,166,5,34.48,30.93145187767155
Y2,GBM + phys,167,5,34.5,30.23897542953734
Y2,GBM + phys,212,5,34.11,31.010139238774936
Y2,GBM + phys,213,5,33.62,31.49009873891011
Y2,GBM + phys,214,5,33.89,31.314516326888093
Y2,GBM + phys,215,5,34.05,30.50018922760707
Y2,GBM + phys,260,5,34.25,30.160212525596574
Y2,GBM + phys,261,5,34.35,30.590405455424285
Y2,GBM + phys,262,5,33.64,31.76513338401963
Y2,GBM + phys,263,5,33.88,31.108833703518805
Y2,GBM + phys,308,5,36.85,33.495914693617294
Y2,GBM + phys,309,5,37.58,32.76180308198192
Y2,GBM + phys,310,5,37.45,32.50403332767758
Y2,GBM + phys,311,5,36.62,34.31721206568508
Y2,GBM + phys,356,5,36.87,33.31416316781103
Y2,GBM + phys,357,5,37.35,32.62067104857057
Y2,GBM + phys,358,5,37.28,32.57458500641985
Y2,GBM + phys,359,5,36.81,34.14330533870995
Y2,GBM + phys,404,5,36.07,33.166303384545834
Y2,GBM + phys,405,5,36.44,32.88977143821742
Y2,GBM + phys,406,5,37.28,32.892972534882034
Y2,GBM + phys,407,5,37.29,32.41081476351892
Y2,GBM + phys,452,5,37.2,32.99272356020703
Y2,GBM + phys,453,5,36.76,33.26227281638649
Y2,GBM + phys,454,5,37.05,33.221014587072844
Y2,GBM + phys,455,5,37.51,32.61700616456292
Y2,GBM + phys,500,5,36.93,32.14279684702867
Y2,GBM + phys,501,5,37.01,32.362579532900654
Y2,GBM + phys,502,5,35.73,33.67163164420437
Y2,GBM + phys,503,5,36.15,33.22565064047467
Y2,GBM + phys,548,5,39.55,34.653924446986025
Y2,GBM + phys,549,5,40.85,33.91981283535065
Y2,GBM + phys,550,5,40.63,33.66639658120196
Y2,GBM + phys,551,5,39.48,35.74735057640583
Y2,GBM + phys,596,5,39.48,34.47217292117976
Y2,GBM + phys,597,5,40.4,33.7786808019393
Y2,GBM + phys,598,5,40.47,33.73694825994423
Y2,GBM + phys,599,5,39.7,35.5734438494307
Y2,GBM + phys,644,5,38.17,34.07048143638594
Y2,GBM + phys,645,5,38.48,33.823670980763744
Y2,GBM + phys,646,5,39.66,33.92844889730461
Y2,GBM + phys,647,5,40.1,33.384363479208844
Y2,GBM + phys,692,5,40.36,33.95947201066038
Y2,GBM + phys,693,5,39.67,34.258742757546045
Y2,GBM + phys,694,5,39.85,34.31906134810866
Y2,GBM + phys,695,5,40.77,33.653125278866085
Y2,GBM + phys,740,5,39.37,33.050667093321174
Y2,GBM + phys,741,5,39.8,33.300171269899366
Y2,GBM + phys,742,5,37.79,34.770134678418216
Y2,GBM + phys,743,5,38.18,34.20289155061699
Y2,GBM + phys,24,6,10.9,18.900585023832186
Y2,GBM + phys,25,6,11.19,17.837024282800854
Y2,GBM + phys,26,6,10.94,17.670368334427042
Y2,GBM + phys,27,6,11.17,19.26487374968491
Y2,GBM + phys,72,6,13.43,22.457471328849074
Y2,GBM + phys,73,6,13.71,21.653401031743137
Y2,GBM + phys,74,6,13.48,21.486745083369325
Y2,GBM + phys,75,6,13.7,22.818744609838202
Y2,GBM + phys,120,6,13.39,22.310731495951824
Y2,GBM + phys,121,6,13.72,21.629488024066337
Y2,GBM + phys,122,6,13.57,21.38141000021538
Y2,GBM + phys,123,6,13.79,22.59908548649857
Y2,GBM + phys,168,6,13.6,22.38202174218206
Y2,GBM + phys,169,6,13.36,21.82823800573045
Y2,GBM + phys,170,6,13.65,21.452700246445616
Y2,GBM + phys,171,6,13.49,21.539462985010903
Y2,GBM + phys,216,6,13.2,21.176319352307168
Y2,GBM + phys,217,6,13.36,22.200681093962253
Y2,GBM + phys,218,6,13.21,22.668266795584984
Y2,GBM + phys,219,6,13.53,21.911906073242704
Y2,GBM + phys,264,6,13.65,20.92141381087118
Y2,GBM + phys,265,6,13.44,21.414928166113715
Y2,GBM + phys,266,6,13.72,22.413361254148995
Y2,GBM + phys,267,6,13.5,21.74647123794146
Y2,GBM + phys,312,6,15.19,25.065416375745187
Y2,GBM + phys,313,6,15.5,24.26134607863925
Y2,GBM + phys,314,6,15.28,24.094690130265437
Y2,GBM + phys,315,6,15.5,25.426689656734315
Y2,GBM + phys,360,6,14.73,24.856117123381765
Y2,GBM + phys,361,6,15.1,24.174873651496277
Y2,GBM + phys,362,6,15.18,23.92679562764532
Y2,GBM + phys,363,6,15.44,25.14447111392851
Y2,GBM + phys,408,6,14.49,24.89358558289825
Y2,GBM + phys,409,6,13.79,24.33980184644664
Y2,GBM + phys,410,6,14.72,23.964264087161805
Y2,GBM + phys,411,6,14.76,24.051026825727092
Y2,GBM + phys,456,6,14.92,23.687883193023357
Y2,GBM + phys,457,6,15.24,24.71224493467844
Y2,GBM + phys,458,6,15.03,25.179830636301173
Y2,GBM + phys,459,6,15.35,24.423469913958893
Y2,GBM + phys,504,6,14.48,23.43297765158737
Y2,GBM + phys,505,6,14.58,23.926492006829903
Y2,GBM + phys,506,6,14.81,24.924925094865184
Y2,GBM + phys,507,6,14.03,24.25803507865765
Y2,GBM + phys,552,6,16.94,26.104303761643774
Y2,GBM + phys,553,6,17.25,25.300233464537836
Y2,GBM + phys,554,6,17.03,25.133577516164024
Y2,GBM + phys,555,6,17.25,26.48112191750461
Y2,GBM + phys,600,6,16.43,25.89500450928035
Y2,GBM + phys,601,6,16.93,25.213761037394864
Y2,GBM + phys,602,6,16.99,24.965683013543906
Y2,GBM + phys,603,6,17.03,26.198903374698805
Y2,GBM + phys,648,6,16.08,25.745369743118662
Y2,GBM + phys,649,6,15.39,25.191586006667045
Y2,GBM + phys,650,6,16.57,24.816048247382216
Y2,GBM + phys,651,6,16.6,24.918355860819208
Y2,GBM + phys,696,6,16.61,24.539667353243768
Y2,GBM + phys,697,6,16.74,25.564029094898846
Y2,GBM + phys,698,6,16.9,26.031614796521584
Y2,GBM + phys,699,6,17.32,25.29079894905101
Y2,GBM + phys,744,6,16.69,24.244829085122184
Y2,GBM + phys,745,6,16.62,24.738343440364726
Y2,GBM + phys,746,6,16.94,25.7367765284
Y2,GBM + phys,747,6,16.7,25.085431387064176
Y2,GBM + phys,28,7,11.27,12.2567434195543
Y2,GBM + phys,29,7,11.72,11.231441828029112
Y2,GBM + phys,30,7,11.29,10.984719526763223
Y2,GBM + phys,31,7,11.67,12.5025790302821
Y2,GBM + phys,76,7,13.8,14.864926452109435
Y2,GBM + phys,77,7,14.28,14.011354561548655
Y2,GBM + phys,78,7,13.87,13.764632260282767
Y2,GBM + phys,79,7,14.27,15.038542052808308
Y2,GBM + phys,124,7,13.67,14.831886785513113
Y2,GBM + phys,125,7,14.11,13.978314894952334
Y2,GBM + phys,126,7,13.8,13.731592593686445
Y2,GBM + phys,127,7,14.21,14.96394655988586
Y2,GBM + phys,172,7,14.14,14.924216721744653
Y2,GBM + phys,173,7,13.77,14.31389450667438
Y2,GBM + phys,174,7,14.3,13.823922529917985
Y2,GBM + phys,175,7,13.87,13.982690006194657
Y2,GBM + phys,220,7,13.67,13.616265382467002
Y2,GBM + phys,221,7,14.12,14.66646959584851
Y2,GBM + phys,222,7,13.79,15.15970629805438
Y2,GBM + phys,223,7,14.2,14.335265095368786
Y2,GBM + phys,268,7,14.18,13.616265382467002
Y2,GBM + phys,269,7,13.75,14.131143500196481
Y2,GBM + phys,270,7,14.26,15.15970629805438
Y2,GBM + phys,271,7,13.89,14.335265095368786
Y2,GBM + phys,316,7,15.42,16.296071195777056
Y2,GBM + phys,317,7,15.85,15.469161665046736
Y2,GBM + phys,318,7,15.44,15.222439363780847
Y2,GBM + phys,319,7,15.81,16.496349156306383
Y2,GBM + phys,364,7,14.91,16.161380922301717
Y2,GBM + phys,365,7,15.4,15.334471391571396
Y2,GBM + phys,366,7,14.94,15.087749090305508
Y2,GBM + phys,367,7,15.32,16.320103056504923
Y2,GBM + phys,412,7,14.92,16.108276379877896
Y2,GBM + phys,413,7,14.74,15.524616524638079
Y2,GBM + phys,414,7,15.57,15.034644547881683
Y2,GBM + phys,415,7,14.94,15.193412024158356
Y2,GBM + phys,460,7,14.67,14.800325040600235
Y2,GBM + phys,461,7,15.09,15.877191613812208
Y2,GBM + phys,462,7,15.2,16.370428316018074
Y2,GBM + phys,463,7,15.64,15.545987113332485
Y2,GBM + phys,508,7,15.27,14.800325040600235
Y2,GBM + phys,509,7,14.71,15.34186551816018
Y2,GBM + phys,510,7,15.23,16.370428316018074
Y2,GBM + phys,511,7,14.97,15.545987113332485
Y2,GBM + phys,556,7,17.1,17.807610803415912
Y2,GBM + phys,557,7,17.51,16.9807012726856
Y2,GBM + phys,558,7,17.12,16.733978971419702
Y2,GBM + phys,559,7,17.47,18.02720251723174
Y2,GBM + phys,604,7,16.77,17.672920529940576
Y2,GBM + phys,605,7,17.37,16.846010999210264
Y2,GBM + phys,606,7,17.27,16.599288697944367
Y2,GBM + phys,607,7,17.51,17.85095641743028
Y2,GBM + phys,652,7,16.11,17.480754266948022
Y2,GBM + phys,653,7,15.47,16.897094411708213
Y2,GBM + phys,654,7,16.7,16.407122434951813
Y2,GBM + phys,655,7,16.1,16.58520366451498
Y2,GBM + phys,700,7,16.85,16.17280292767037
Y2,GBM + phys,701,7,17.2,17.249669500882355
Y2,GBM + phys,702,7,17.23,17.74290620308821
Y2,GBM + phys,703,7,17.74,16.937778753689123
Y2,GBM + phys,748,7,15.59,16.17280292767037
Y2,GBM + phys,749,7,14.58,16.714343405230313
Y2,GBM + phys,750,7,15.33,17.74290620308821
Y2,GBM + phys,751,7,15.31,16.937778753689123
Y2,GBM + phys,32,8,11.74,12.182072736178364
Y2,GBM + phys,33,8,12.05,11.200390632085512
Y2,GBM + phys,34,8,11.73,10.923247418812968
Y2,GBM + phys,35,8,11.93,12.689224537839896
Y2,GBM + phys,80,8,14.28,15.19498174650303
Y2,GBM + phys,81,8,14.61,14.316096274649858
Y2,GBM + phys,82,8,14.3,14.038953061377315
Y2,GBM + phys,83,8,14.45,15.443275009174345
Y2,GBM + phys,128,8,13.2,15.102446443910031
Y2,GBM + phys,129,8,13.54,14.22356097205686
Y2,GBM + phys,130,8,13.32,13.946417758784314
Y2,GBM + phys,131,8,13.51,15.350739706581347
Y2,GBM + phys,176,8,14.44,15.18355565443955
Y2,GBM + phys,177,8,14.27,14.550143954521857
Y2,GBM + phys,178,8,14.67,14.027526969313834
Y2,GBM + phys,179,8,14.4,14.098913838333305
Y2,GBM + phys,224,8,14.29,13.820632807572341
Y2,GBM + phys,225,8,14.49,14.962083183282388
Y2,GBM + phys,226,8,14.42,15.412313076858611
Y2,GBM + phys,227,8,14.73,14.510853067093834
Y2,GBM + phys,272,8,14.55,13.753651041686169
Y2,GBM + phys,273,8,14.28,14.196119473347885
Y2,GBM + phys,274,8,14.46,15.345331310972439
Y2,GBM + phys,275,8,14.39,14.589084700125325
Y2,GBM + phys,320,8,15.21,16.591432918766465
Y2,GBM + phys,321,8,15.63,15.7415075320109
Y2,GBM + phys,322,8,15.48,15.464364318738356
Y2,GBM + phys,323,8,15.78,16.868686266535367
Y2,GBM + phys,368,8,15.52,16.428975969416722
Y2,GBM + phys,369,8,15.85,15.579050582661159
Y2,GBM + phys,370,8,15.66,15.301907369388612
Y2,GBM + phys,371,8,15.99,16.706229317185628
Y2,GBM + phys,416,8,14.92,16.42993329792241
Y2,GBM + phys,417,8,14.38,15.82548168310233
Y2,GBM + phys,418,8,15.44,15.302864697894304
Y2,GBM + phys,419,8,15.17,15.374251566913774
Y2,GBM + phys,464,8,15.37,15.067010451055218
Y2,GBM + phys,465,8,15.73,16.237420911862863
Y2,GBM + phys,466,8,15.83,16.687650805439088
Y2,GBM + phys,467,8,16.13,15.786190795674303
Y2,GBM + phys,512,8,15.14,15.000028685169045
Y2,GBM + phys,513,8,14.97,15.471457201928356
Y2,GBM + phys,514,8,15.22,16.620669039552915
Y2,GBM + phys,515,8,14.6,15.864422428705794
Y2,GBM + phys,560,8,16.5,18.551148592925927
Y2,GBM + phys,561,8,17.0,17.70122320617035
Y2,GBM + phys,562,8,16.87,17.424079992897813
Y2,GBM + phys,563,8,17.2,18.84716635709074
Y2,GBM + phys,608,8,16.44,18.354347130883852
Y2,GBM + phys,609,8,17.01,17.504421744128276
Y2,GBM + phys,610,8,17.23,17.227278530855738
Y2,GBM + phys,611,8,17.22,18.650364895048664
Y2,GBM + phys,656,8,16.35,18.201145696682982
Y2,GBM + phys,657,8,15.84,17.596694081862886
Y2,GBM + phys,658,8,16.99,17.074077096654868
Y2,GBM + phys,659,8,17.02,17.164228382070238
Y2,GBM + phys,704,8,16.81,16.838222849815782
Y2,GBM + phys,705,8,16.88,18.00863331062343
Y2,GBM + phys,706,8,16.9,18.45886320419966
Y2,GBM + phys,707,8,17.39,17.576167610830783
Y2,GBM + phys,752,8,16.63,16.77124108392961
Y2,GBM + phys,753,8,15.87,17.24266960068892
Y2,GBM + phys,754,8,16.54,18.391881438313487
Y2,GBM + phys,755,8,16.74,17.654399243862272
Y2,GBM + phys,36,9,12.4,12.779592724398672
Y2,GBM + phys,37,9,12.23,11.926682222808472
Y2,GBM + phys,38,9,12.4,11.626095888999863
Y2,GBM + phys,39,9,12.14,13.202053229090183
Y2,GBM + phys,84,9,13.9,15.79054746327463
Y2,GBM + phys,85,9,13.72,15.061645191208067
Y2,GBM + phys,86,9,13.88,14.761058857399458
Y2,GBM + phys,87,9,13.65,15.994322542144955
Y2,GBM + phys,132,9,14.86,15.69754569587244
Y2,GBM + phys,133,9,14.75,15.049300658817769
Y2,GBM + phys,134,9,15.0,14.66805708999727
Y2,GBM + phys,135,9,14.74,15.619418678320407
Y2,GBM + phys,180,9,13.46,15.771139053551257
Y2,GBM + phys,181,9,13.7,15.299800339130352
Y2,GBM + phys,182,9,13.59,14.741650447676086
Y2,GBM + phys,183,9,13.83,14.895078137980034
Y2,GBM + phys,228,9,14.86,14.475431674454102
Y2,GBM + phys,229,9,14.67,15.672672791121258
Y2,GBM + phys,230,9,15.0,15.918481814236946
Y2,GBM + phys,231,9,14.83,15.26795058997094
Y2,GBM + phys,276,9,14.54,14.544804526472667
Y2,GBM + phys,277,9,14.81,14.685901211491194
Y2,GBM + phys,278,9,14.65,16.095052121320446
Y2,GBM + phys,279,9,14.87,15.337323441989506
Y2,GBM + phys,324,9,16.39,17.06892019671301
Y2,GBM + phys,325,9,16.27,16.340017924646446
Y2,GBM + phys,326,9,16.39,16.03943159083784
Y2,GBM + phys,327,9,16.19,17.272695275583335
Y2,GBM + phys,372,9,15.89,16.95325260469482
Y2,GBM + phys,373,9,15.85,16.305007567640153
Y2,GBM + phys,374,9,16.22,15.923763998819645
Y2,GBM + phys,375,9,15.87,16.875125587142794
Y2,GBM + phys,420,9,15.53,16.880429252326394
Y2,GBM + phys,421,9,15.8,16.409090537905495
Y2,GBM + phys,422,9,16.14,15.85094064645122
Y2,GBM + phys,423,9,16.26,16.004368336755164
Y2,GBM + phys,468,9,15.95,15.584721873229235
Y2,GBM + phys,469,9,15.59,16.781962989896407
Y2,GBM + phys,470,9,16.17,17.027772013012086
Y2,GBM + phys,471,9,16.14,16.377240788746075
Y2,GBM + phys,516,9,15.83,15.609123716810679
Y2,GBM + phys,517,9,16.03,15.750220401829205
Y2,GBM + phys,518,9,15.8,17.15937131165846
Y2,GBM + phys,519,9,16.06,16.401642632327523
Y2,GBM + phys,564,9,18.14,18.670792482283165
Y2,GBM + phys,565,9,18.03,17.914338443716634
Y2,GBM + phys,566,9,18.14,17.641303876407996
Y2,GBM + phys,567,9,17.95,18.905693519743725
Y2,GBM + phys,612,9,17.85,18.52188824903257
Y2,GBM + phys,613,9,17.89,17.846091445477935
Y2,GBM + phys,614,9,18.36,17.492399643157402
Y2,GBM + phys,615,9,18.15,18.474887190070778
Y2,GBM + phys,660,9,17.04,18.254280512186064
Y2,GBM + phys,661,9,17.63,17.755390031265197
Y2,GBM + phys,662,9,18.1,17.224791906310895
Y2,GBM + phys,663,9,18.22,17.409345555205068
Y2,GBM + phys,708,9,17.86,16.97379423243548
Y2,GBM + phys,709,9,17.82,18.143483582602677
Y2,GBM + phys,710,9,18.36,18.416844372218325
Y2,GBM + phys,711,9,18.24,17.797439106542548
Y2,GBM + phys,756,9,17.64,16.998196076016928
Y2,GBM + phys,757,9,17.79,17.111740994535488
Y2,GBM + phys,758,9,17.55,18.5484436708647
Y2,GBM + phys,759,9,18.06,17.821840950123995
Y2,GBM + phys,40,10,16.78,12.368925423945658
Y2,GBM + phys,41,10,16.8,11.905743791836239
Y2,GBM + phys,42,10,16.75,11.669100942120377
Y2,GBM + phys,43,10,16.67,12.065816439809582
Y2,GBM + phys,88,10,19.37,14.56784047464641
Y2,GBM + phys,89,10,19.43,14.317681020340846
Y2,GBM + phys,90,10,19.34,14.065387927476639
Y2,GBM + phys,91,10,19.32,14.397347688810068
Y2,GBM + phys,136,10,19.23,14.536102129259243
Y2,GBM + phys,137,10,19.34,14.301365710425976
Y2,GBM + phys,138,10,19.32,14.090113326554857
Y2,GBM + phys,139,10,19.3,14.381032378895199
Y2,GBM + phys,184,10,19.14,14.099496379009707
Y2,GBM + phys,185,10,19.18,14.426057808692747
Y2,GBM + phys,186,10,19.37,14.433461658231655
Y2,GBM + phys,187,10,19.29,14.158098812106086
Y2,GBM + phys,232,10,19.24,14.518233709607212
Y2,GBM + phys,233,10,19.25,14.678590928657062
Y2,GBM + phys,234,10,19.42,14.538766618678638
Y2,GBM + phys,235,10,19.48,14.104945866843025
Y2,GBM + phys,280,10,19.24,13.937028054601326
Y2,GBM + phys,281,10,19.18,13.887402209623447
Y2,GBM + phys,282,10,19.26,14.671385370955324
Y2,GBM + phys,283,10,19.29,14.609949501624643
Y2,GBM + phys,328,10,21.13,15.774723334391888
Y2,GBM + phys,329,10,21.19,15.555198024506087
Y2,GBM + phys,330,10,21.09,15.308041329274326
Y2,GBM + phys,331,10,21.08,15.730215800905668
Y2,GBM + phys,376,10,20.47,15.619287664566096
Y2,GBM + phys,377,10,20.56,15.435658818333895
Y2,GBM + phys,378,10,20.48,15.343595274999512
Y2,GBM + phys,379,10,20.43,15.610676594733476
Y2,GBM + phys,424,10,19.87,15.120346949290163
Y2,GBM + phys,425,10,20.03,15.467381807154505
Y2,GBM + phys,426,10,20.46,15.431530890840012
Y2,GBM + phys,427,10,20.28,15.199422810567844
Y2,GBM + phys,472,10,19.65,15.539084279887668
Y2,GBM + phys,473,10,19.76,15.71991492711882
Y2,GBM + phys,474,10,20.37,15.536835851286995
Y2,GBM + phys,475,10,19.9,15.146269865304783
Y2,GBM + phys,520,10,20.13,14.921580367997793
Y2,GBM + phys,521,10,20.01,14.892427951201217
Y2,GBM + phys,522,10,20.19,15.725413996031739
Y2,GBM + phys,523,10,20.29,15.614975243202412
Y2,GBM + phys,568,10,22.72,17.56558879742614
Y2,GBM + phys,569,10,22.73,17.33993664445095
Y2,GBM + phys,570,10,22.72,17.128946556332515
Y2,GBM + phys,571,10,22.53,17.498752977117668
Y2,GBM + phys,616,10,21.72,17.410153127600353
Y2,GBM + phys,617,10,22.07,17.220397438278766
Y2,GBM + phys,618,10,22.09,17.164500502057706
Y2,GBM + phys,619,10,21.93,17.379213770945483
Y2,GBM + phys,664,10,20.78,16.828867003930732
Y2,GBM + phys,665,10,20.72,17.16977501870568
Y2,GBM + phys,666,10,21.54,17.170090709504517
Y2,GBM + phys,667,10,21.53,16.885614578386182
Y2,GBM + phys,712,10,21.68,17.27899932080199
Y2,GBM + phys,713,10,21.54,17.429045827345096
Y2,GBM + phys,714,10,22.25,17.266486204127343
Y2,GBM + phys,715,10,22.49,16.839199321798237
Y2,GBM + phys,760,10,20.82,16.583830530756014
Y2,GBM + phys,761,10,20.21,16.523893973271388
Y2,GBM + phys,762,10,20.71,17.37739947071598
Y2,GBM + phys,763,10,21.4,17.230239821539744
Y2,GBM + phys,44,11,12.07,16.428934904777734
Y2,GBM + phys,45,11,12.22,16.205469432379687
Y2,GBM + phys,46,11,12.08,16.116023417664316
Y2,GBM + phys,47,11,12.04,16.391263635749013
Y2,GBM + phys,92,11,14.34,19.416023615820084
Y2,GBM + phys,93,11,14.5,19.28996850213317
Y2,GBM + phys,94,11,14.33,19.282657838818718
Y2,GBM + phys,95,11,14.27,19.42258309059044
Y2,GBM + phys,140,11,14.37,19.42175294253307
Y2,GBM + phys,141,11,14.57,19.190817184635378
Y2,GBM + phys,142,11,14.27,19.273904140614555
Y2,GBM + phys,143,11,14.24,19.413829392386276
Y2,GBM + phys,188,11,14.09,19.00557711683945
Y2,GBM + phys,189,11,14.23,19.30354951054335
Y2,GBM + phys,190,11,14.14,19.473921811225065
Y2,GBM + phys,191,11,13.89,19.08999460106404
Y2,GBM + phys,236,11,14.37,19.291186661673756
Y2,GBM + phys,237,11,14.34,19.889707998056053
Y2,GBM + phys,238,11,14.28,19.160635783826596
Y2,GBM + phys,239,11,14.47,19.146035532366096
Y2,GBM + phys,284,11,14.24,18.89834534390496
Y2,GBM + phys,285,11,13.97,18.5032671818955
Y2,GBM + phys,286,11,13.99,19.491264075769188
Y2,GBM + phys,287,11,14.15,19.641683990375025
Y2,GBM + phys,332,11,15.77,20.966517050973845
Y2,GBM + phys,333,11,15.95,20.789193654780615
Y2,GBM + phys,334,11,15.77,20.758611016050118
Y2,GBM + phys,335,11,15.76,21.10819201760823
Y2,GBM + phys,380,11,15.32,20.472674542078273
Y2,GBM + phys,381,11,15.64,20.298910117854
Y2,GBM + phys,382,11,15.14,20.452269124782053
Y2,GBM + phys,383,11,15.3,20.708306099975246
Y2,GBM + phys,428,11,14.89,19.83760331991368
Y2,GBM + phys,429,11,14.96,20.149494869605626
Y2,GBM + phys,430,11,14.89,20.386333895532363
Y2,GBM + phys,431,11,14.35,19.95533187953263
Y2,GBM + phys,476,11,15.41,20.151896413371148
Y2,GBM + phys,477,11,15.56,20.764336905741494
Y2,GBM + phys,478,11,15.07,20.117378975706036
Y2,GBM + phys,479,11,15.38,20.04005635945785
Y2,GBM + phys,524,11,15.19,19.666281608023986
Y2,GBM + phys,525,11,14.61,19.268175556355747
Y2,GBM + phys,526,11,14.61,20.355233780070257
Y2,GBM + phys,527,11,14.75,20.442931329888413
Y2,GBM + phys,572,11,17.2,22.400913811537045
Y2,GBM + phys,573,11,17.21,22.11523458896422
Y2,GBM + phys,574,11,17.15,22.23387729965406
Y2,GBM + phys,575,11,17.2,22.632429968731458
Y2,GBM + phys,620,11,17.36,21.90580926000196
Y2,GBM + phys,621,11,17.38,21.6236890093981
Y2,GBM + phys,622,11,16.86,21.926273365746482
Y2,GBM + phys,623,11,16.99,22.23128200845896
Y2,GBM + phys,668,11,16.9,21.16498675458049
Y2,GBM + phys,669,11,17.14,21.414036838183566
Y2,GBM + phys,670,11,16.56,21.72678007871418
Y2,GBM + phys,671,11,16.0,21.3000052201965
Y2,GBM + phys,716,11,17.1,21.59028422928081
Y2,GBM + phys,717,11,16.79,22.249587911648124
Y2,GBM + phys,718,11,16.58,21.676413670048962
Y2,GBM + phys,719,11,16.79,21.605438737450402
Y2,GBM + phys,764,11,16.88,20.918520423376563
Y2,GBM + phys,765,11,17.11,20.459910406682738
Y2,GBM + phys,766,11,16.61,21.728119473856104
Y2,GBM + phys,767,11,16.03,21.815207789968426
Y2,Hybrid (Ridge->GBM) + phys,0,0,21.33,29.10768094044202
Y2,Hybrid (Ridge->GBM) + phys,1,0,21.33,28.81073613941506
Y2,Hybrid (Ridge->GBM) + phys,2,0,21.33,28.954458860852803
Y2,Hybrid (Ridge->GBM) + phys,3,0,21.33,29.418335625936244
Y2,Hybrid (Ridge->GBM) + phys,48,0,26.47,30.96244172320855
Y2,Hybrid (Ridge->GBM) + phys,49,0,26.37,30.66549692218159
Y2,Hybrid (Ridge->GBM) + phys,50,0,26.44,30.80921964361933
Y2,Hybrid (Ridge->GBM) + phys,51,0,26.29,31.273096408702774
Y2,Hybrid (Ridge->GBM) + phys,96,0,25.95,31.017243495761598
Y2,Hybrid (Ridge->GBM) + phys,97,0,25.63,30.720298694734637
Y2,Hybrid (Ridge->GBM) + phys,98,0,26.13,30.864021416172378
Y2,Hybrid (Ridge->GBM) + phys,99,0,25.89,31.327898181255822
Y2,Hybrid (Ridge->GBM) + phys,144,0,25.68,31.072045268314646
Y2,Hybrid (Ridge->GBM) + phys,145,0,26.02,30.77510046728769
Y2,Hybrid (Ridge->GBM) + phys,146,0,25.84,30.91882318872543
Y2,Hybrid (Ridge->GBM) + phys,147,0,26.14,31.382699953808874
Y2,Hybrid (Ridge->GBM) + phys,192,0,25.91,31.126847040867695
Y2,Hybrid (Ridge->GBM) + phys,193,0,25.72,30.829902239840738
Y2,Hybrid (Ridge->GBM) + phys,194,0,26.18,30.973624961278478
Y2,Hybrid (Ridge->GBM) + phys,195,0,25.87,31.437501726361923
Y2,Hybrid (Ridge->GBM) + phys,240,0,25.64,31.181648813420743
Y2,Hybrid (Ridge->GBM) + phys,241,0,25.98,30.884704012393787
Y2,Hybrid (Ridge->GBM) + phys,242,0,25.88,31.028426733831527
Y2,Hybrid (Ridge->GBM) + phys,243,0,26.18,31.49230349891497
Y2,Hybrid (Ridge->GBM) + phys,288,0,29.79,32.960656529768315
Y2,Hybrid (Ridge->GBM) + phys,289,0,29.79,32.663711728741355
Y2,Hybrid (Ridge->GBM) + phys,290,0,29.28,32.807434450179095
Y2,Hybrid (Ridge->GBM) + phys,291,0,29.49,33.271311215262536
Y2,Hybrid (Ridge->GBM) + phys,336,0,29.62,33.01545830232136
Y2,Hybrid (Ridge->GBM) + phys,337,0,29.69,32.7185135012944
Y2,Hybrid (Ridge->GBM) + phys,338,0,30.18,32.86223622273214
Y2,Hybrid (Ridge->GBM) + phys,339,0,30.02,33.32611298781559
Y2,Hybrid (Ridge->GBM) + phys,384,0,29.43,33.07026007487441
Y2,Hybrid (Ridge->GBM) + phys,385,0,29.78,32.77331527384745
Y2,Hybrid (Ridge->GBM) + phys,386,0,30.1,32.91703799528519
Y2,Hybrid (Ridge->GBM) + phys,387,0,30.19,33.38091476036864
Y2,Hybrid (Ridge->GBM) + phys,432,0,29.61,33.12506184742746
Y2,Hybrid (Ridge->GBM) + phys,433,0,29.59,32.8281170464005
Y2,Hybrid (Ridge->GBM) + phys,434,0,30.19,32.97183976783824
Y2,Hybrid (Ridge->GBM) + phys,435,0,30.12,33.43571653292169
Y2,Hybrid (Ridge->GBM) + phys,480,0,29.53,33.17986361998051
Y2,Hybrid (Ridge->GBM) + phys,481,0,29.77,32.882918818953556
Y2,Hybrid (Ridge->GBM) + phys,482,0,30.0,33.026641540391296
Y2,Hybrid (Ridge->GBM) + phys,483,0,30.2,33.49051830547474
Y2,Hybrid (Ridge->GBM) + phys,528,0,33.37,34.81552033147071
Y2,Hybrid (Ridge->GBM) + phys,529,0,33.34,34.51857553044375
Y2,Hybrid (Ridge->GBM) + phys,530,0,32.83,34.662298251881495
Y2,Hybrid (Ridge->GBM) + phys,531,0,33.04,35.126175016964936
Y2,Hybrid (Ridge->GBM) + phys,576,0,32.96,34.87032210402376
Y2,Hybrid (Ridge->GBM) + phys,577,0,33.13,34.573377302996796
Y2,Hybrid (Ridge->GBM) + phys,578,0,33.94,34.717100024434544
Y2,Hybrid (Ridge->GBM) + phys,579,0,33.78,35.180976789517985
Y2,Hybrid (Ridge->GBM) + phys,624,0,32.78,34.925123876576805
Y2,Hybrid (Ridge->GBM) + phys,625,0,33.24,34.62817907554985
Y2,Hybrid (Ridge->GBM) + phys,626,0,33.86,34.77190179698759
Y2,Hybrid (Ridge->GBM) + phys,627,0,34.0,35.23577856207103
Y2,Hybrid (Ridge->GBM) + phys,672,0,32.95,34.979925649129854
Y2,Hybrid (Ridge->GBM) + phys,673,0,33.06,34.6829808481029
Y2,Hybrid (Ridge->GBM) + phys,674,0,33.95,34.82670356954064
Y2,Hybrid (Ridge->GBM) + phys,675,0,33.88,35.29058033462408
Y2,Hybrid (Ridge->GBM) + phys,720,0,32.88,35.03472742168291
Y2,Hybrid (Ridge->GBM) + phys,721,0,33.23,34.73778262065595
Y2,Hybrid (Ridge->GBM) + phys,722,0,33.76,34.88150534209369
Y2,Hybrid (Ridge->GBM) + phys,723,0,34.01,35.34538210717713
Y2,Hybrid (Ridge->GBM) + phys,4,1,28.28,24.736957325108225
Y2,Hybrid (Ridge->GBM) + phys,5,1,25.38,24.507534988779597
Y2,Hybrid (Ridge->GBM) + phys,6,1,25.16,24.555885735156828
Y2,Hybrid (Ridge->GBM) + phys,7,1,29.6,25.053766817526398
Y2,Hybrid (Ridge->GBM) + phys,52,1,32.92,27.92957595178236
Y2,Hybrid (Ridge->GBM) + phys,53,1,29.87,27.700153615453736
Y2,Hybrid (Ridge->GBM) + phys,54,1,29.58,27.748504361830964
Y2,Hybrid (Ridge->GBM) + phys,55,1,34.33,28.246385444200534
Y2,Hybrid (Ridge->GBM) + phys,100,1,32.54,27.91228041911915
Y2,Hybrid (Ridge->GBM) + phys,101,1,29.44,27.68285808279052
Y2,Hybrid (Ridge->GBM) + phys,102,1,29.36,27.731208829167752
Y2,Hybrid (Ridge->GBM) + phys,103,1,34.2,28.22908991153732
Y2,Hybrid (Ridge->GBM) + phys,148,1,34.14,27.86038287871239
Y2,Hybrid (Ridge->GBM) + phys,149,1,32.85,27.630960542383765
Y2,Hybrid (Ridge->GBM) + phys,150,1,30.08,27.679311288760992
Y2,Hybrid (Ridge->GBM) + phys,151,1,29.67,28.108767581265017
Y2,Hybrid (Ridge->GBM) + phys,196,1,29.34,27.92706071553022
Y2,Hybrid (Ridge->GBM) + phys,197,1,33.91,27.697638379201592
Y2,Hybrid (Ridge->GBM) + phys,198,1,32.83,27.745989125578824
Y2,Hybrid (Ridge->GBM) + phys,199,1,29.92,28.175445418082848
Y2,Hybrid (Ridge->GBM) + phys,244,1,29.82,27.768007024678518
Y2,Hybrid (Ridge->GBM) + phys,245,1,29.52,27.538584688349893
Y2,Hybrid (Ridge->GBM) + phys,246,1,34.45,28.142453628405153
Y2,Hybrid (Ridge->GBM) + phys,247,1,33.01,28.01639172723115
Y2,Hybrid (Ridge->GBM) + phys,292,1,36.12,31.337799835521107
Y2,Hybrid (Ridge->GBM) + phys,293,1,33.17,31.108377499192482
Y2,Hybrid (Ridge->GBM) + phys,294,1,32.71,31.15672824556971
Y2,Hybrid (Ridge->GBM) + phys,295,1,37.58,31.65460932793928
Y2,Hybrid (Ridge->GBM) + phys,340,1,35.56,31.320504302857895
Y2,Hybrid (Ridge->GBM) + phys,341,1,32.64,31.091081966529266
Y2,Hybrid (Ridge->GBM) + phys,342,1,32.77,31.139432712906498
Y2,Hybrid (Ridge->GBM) + phys,343,1,37.72,31.637313795276064
Y2,Hybrid (Ridge->GBM) + phys,388,1,36.35,31.268606762451135
Y2,Hybrid (Ridge->GBM) + phys,389,1,35.1,31.03918442612251
Y2,Hybrid (Ridge->GBM) + phys,390,1,32.83,31.087535172499738
Y2,Hybrid (Ridge->GBM) + phys,391,1,32.46,31.516991465003763
Y2,Hybrid (Ridge->GBM) + phys,436,1,32.12,31.335284599268967
Y2,Hybrid (Ridge->GBM) + phys,437,1,37.12,31.105862262940338
Y2,Hybrid (Ridge->GBM) + phys,438,1,36.16,31.15421300931757
Y2,Hybrid (Ridge->GBM) + phys,439,1,33.16,31.583669301821594
Y2,Hybrid (Ridge->GBM) + phys,484,1,32.25,31.16166363237748
Y2,Hybrid (Ridge->GBM) + phys,485,1,32.0,30.932241296048854
Y2,Hybrid (Ridge->GBM) + phys,486,1,37.19,31.53611023610411
Y2,Hybrid (Ridge->GBM) + phys,487,1,35.62,31.410048334930103
Y2,Hybrid (Ridge->GBM) + phys,532,1,39.28,34.023288741139936
Y2,Hybrid (Ridge->GBM) + phys,533,1,36.38,33.79386640481131
Y2,Hybrid (Ridge->GBM) + phys,534,1,35.92,33.84221715118855
Y2,Hybrid (Ridge->GBM) + phys,535,1,40.99,34.340098233558116
Y2,Hybrid (Ridge->GBM) + phys,580,1,38.35,34.005993208476724
Y2,Hybrid (Ridge->GBM) + phys,581,1,35.39,33.7765708721481
Y2,Hybrid (Ridge->GBM) + phys,582,1,34.94,33.82492161852534
Y2,Hybrid (Ridge->GBM) + phys,583,1,40.66,34.322802700894904
Y2,Hybrid (Ridge->GBM) + phys,628,1,37.26,33.95409566806997
Y2,Hybrid (Ridge->GBM) + phys,629,1,35.04,33.72467333174134
Y2,Hybrid (Ridge->GBM) + phys,630,1,33.82,33.773024078118574
Y2,Hybrid (Ridge->GBM) + phys,631,1,33.31,34.202480370622595
Y2,Hybrid (Ridge->GBM) + phys,676,1,33.98,34.0207735048878
Y2,Hybrid (Ridge->GBM) + phys,677,1,39.92,33.791351168559174
Y2,Hybrid (Ridge->GBM) + phys,678,1,39.22,33.839701914936406
Y2,Hybrid (Ridge->GBM) + phys,679,1,36.1,34.26915820744043
Y2,Hybrid (Ridge->GBM) + phys,724,1,33.94,33.847152537996315
Y2,Hybrid (Ridge->GBM) + phys,725,1,33.14,33.61773020166768
Y2,Hybrid (Ridge->GBM) + phys,726,1,38.79,34.22159914172295
Y2,Hybrid (Ridge->GBM) + phys,727,1,37.27,34.09553724054894
Y2,Hybrid (Ridge->GBM) + phys,8,2,27.3,23.6581648392321
Y2,Hybrid (Ridge->GBM) + phys,9,2,21.97,23.47521233602286
Y2,Hybrid (Ridge->GBM) + phys,10,2,23.49,23.587818241029275
Y2,Hybrid (Ridge->GBM) + phys,11,2,27.87,23.957831077999757
Y2,Hybrid (Ridge->GBM) + phys,56,2,30.89,26.212179461239952
Y2,Hybrid (Ridge->GBM) + phys,57,2,25.6,26.02922695803071
Y2,Hybrid (Ridge->GBM) + phys,58,2,27.03,26.141832863037127
Y2,Hybrid (Ridge->GBM) + phys,59,2,31.73,26.511845700007605
Y2,Hybrid (Ridge->GBM) + phys,104,2,30.91,26.27369054412649
Y2,Hybrid (Ridge->GBM) + phys,105,2,25.63,26.09073804091725
Y2,Hybrid (Ridge->GBM) + phys,106,2,27.36,26.203343945923667
Y2,Hybrid (Ridge->GBM) + phys,107,2,31.9,26.573356782894145
Y2,Hybrid (Ridge->GBM) + phys,152,2,31.73,26.33520162701303
Y2,Hybrid (Ridge->GBM) + phys,153,2,31.01,26.152249123803788
Y2,Hybrid (Ridge->GBM) + phys,154,2,25.9,26.264855028810207
Y2,Hybrid (Ridge->GBM) + phys,155,2,27.4,26.634867865780688
Y2,Hybrid (Ridge->GBM) + phys,200,2,27.17,26.39671270989957
Y2,Hybrid (Ridge->GBM) + phys,201,2,31.76,26.21376020669033
Y2,Hybrid (Ridge->GBM) + phys,202,2,31.06,26.32636611169675
Y2,Hybrid (Ridge->GBM) + phys,203,2,25.81,26.696378948667228
Y2,Hybrid (Ridge->GBM) + phys,248,2,25.82,26.45822379278611
Y2,Hybrid (Ridge->GBM) + phys,249,2,27.33,26.27527128957687
Y2,Hybrid (Ridge->GBM) + phys,250,2,32.04,26.38787719458329
Y2,Hybrid (Ridge->GBM) + phys,251,2,31.28,26.757890031553767
Y2,Hybrid (Ridge->GBM) + phys,296,2,33.98,28.16414028992533
Y2,Hybrid (Ridge->GBM) + phys,297,2,28.61,27.981187786716088
Y2,Hybrid (Ridge->GBM) + phys,298,2,30.12,28.093793691722507
Y2,Hybrid (Ridge->GBM) + phys,299,2,34.73,28.46380652869298
Y2,Hybrid (Ridge->GBM) + phys,344,2,33.37,28.22565137281187
Y2,Hybrid (Ridge->GBM) + phys,345,2,27.89,28.042698869602628
Y2,Hybrid (Ridge->GBM) + phys,346,2,29.9,28.155304774609046
Y2,Hybrid (Ridge->GBM) + phys,347,2,34.52,28.52531761157952
Y2,Hybrid (Ridge->GBM) + phys,392,2,33.52,28.28716245569841
Y2,Hybrid (Ridge->GBM) + phys,393,2,32.93,28.104209952489168
Y2,Hybrid (Ridge->GBM) + phys,394,2,28.38,28.216815857495586
Y2,Hybrid (Ridge->GBM) + phys,395,2,29.82,28.58682869446606
Y2,Hybrid (Ridge->GBM) + phys,440,2,29.45,28.34867353858495
Y2,Hybrid (Ridge->GBM) + phys,441,2,34.19,28.165721035375707
Y2,Hybrid (Ridge->GBM) + phys,442,2,33.93,28.278326940382126
Y2,Hybrid (Ridge->GBM) + phys,443,2,28.31,28.6483397773526
Y2,Hybrid (Ridge->GBM) + phys,488,2,28.02,28.41018462147149
Y2,Hybrid (Ridge->GBM) + phys,489,2,29.43,28.227232118262247
Y2,Hybrid (Ridge->GBM) + phys,490,2,34.15,28.339838023268666
Y2,Hybrid (Ridge->GBM) + phys,491,2,33.47,28.70985086023914
Y2,Hybrid (Ridge->GBM) + phys,536,2,35.99,30.059289264078934
Y2,Hybrid (Ridge->GBM) + phys,537,2,30.66,29.87633676086969
Y2,Hybrid (Ridge->GBM) + phys,538,2,31.7,29.98894266587611
Y2,Hybrid (Ridge->GBM) + phys,539,2,36.73,30.35895550284659
Y2,Hybrid (Ridge->GBM) + phys,584,2,35.48,30.120800346965474
Y2,Hybrid (Ridge->GBM) + phys,585,2,30.53,29.93784784375623
Y2,Hybrid (Ridge->GBM) + phys,586,2,32.28,30.05045374876265
Y2,Hybrid (Ridge->GBM) + phys,587,2,36.86,30.42046658573313
Y2,Hybrid (Ridge->GBM) + phys,632,2,35.22,30.182311429852014
Y2,Hybrid (Ridge->GBM) + phys,633,2,34.7,29.99935892664277
Y2,Hybrid (Ridge->GBM) + phys,634,2,30.11,30.11196483164919
Y2,Hybrid (Ridge->GBM) + phys,635,2,31.6,30.48197766861967
Y2,Hybrid (Ridge->GBM) + phys,680,2,31.53,30.243822512738554
Y2,Hybrid (Ridge->GBM) + phys,681,2,36.2,30.060870009529317
Y2,Hybrid (Ridge->GBM) + phys,682,2,36.21,30.17347591453573
Y2,Hybrid (Ridge->GBM) + phys,683,2,31.0,30.54348875150621
Y2,Hybrid (Ridge->GBM) + phys,728,2,29.69,30.305333595625093
Y2,Hybrid (Ridge->GBM) + phys,729,2,31.2,30.122381092415857
Y2,Hybrid (Ridge->GBM) + phys,730,2,36.26,30.234986997422276
Y2,Hybrid (Ridge->GBM) + phys,731,2,35.71,30.60499983439275
Y2,Hybrid (Ridge->GBM) + phys,12,3,23.77,29.672907853997344
Y2,Hybrid (Ridge->GBM) + phys,13,3,21.46,29.225380762748685
Y2,Hybrid (Ridge->GBM) + phys,14,3,21.16,29.301514973429278
Y2,Hybrid (Ridge->GBM) + phys,15,3,24.93,30.06770347097853
Y2,Hybrid (Ridge->GBM) + phys,60,3,27.31,32.98105428372151
Y2,Hybrid (Ridge->GBM) + phys,61,3,24.91,32.533527192472846
Y2,Hybrid (Ridge->GBM) + phys,62,3,24.61,32.609661403153446
Y2,Hybrid (Ridge->GBM) + phys,63,3,28.51,33.3758499007027
Y2,Hybrid (Ridge->GBM) + phys,108,3,27.38,32.9293237255591
Y2,Hybrid (Ridge->GBM) + phys,109,3,25.02,32.481796634310435
Y2,Hybrid (Ridge->GBM) + phys,110,3,24.8,32.557930844991034
Y2,Hybrid (Ridge->GBM) + phys,111,3,28.79,33.324119342540286
Y2,Hybrid (Ridge->GBM) + phys,156,3,28.68,32.82517373317981
Y2,Hybrid (Ridge->GBM) + phys,157,3,27.54,32.37764664193114
Y2,Hybrid (Ridge->GBM) + phys,158,3,25.35,32.453780852611736
Y2,Hybrid (Ridge->GBM) + phys,159,3,24.93,33.21996935016099
Y2,Hybrid (Ridge->GBM) + phys,204,3,24.61,32.888073931198036
Y2,Hybrid (Ridge->GBM) + phys,205,3,28.61,32.44054683994936
Y2,Hybrid (Ridge->GBM) + phys,206,3,27.57,32.516681050629956
Y2,Hybrid (Ridge->GBM) + phys,207,3,25.16,33.28286954817921
Y2,Hybrid (Ridge->GBM) + phys,252,3,25.11,32.562589515428385
Y2,Hybrid (Ridge->GBM) + phys,253,3,24.77,32.231707224674864
Y2,Hybrid (Ridge->GBM) + phys,254,3,28.88,33.05911266171242
Y2,Hybrid (Ridge->GBM) + phys,255,3,27.69,33.074029932904715
Y2,Hybrid (Ridge->GBM) + phys,300,3,30.17,35.414343277224674
Y2,Hybrid (Ridge->GBM) + phys,301,3,27.84,35.000115479658454
Y2,Hybrid (Ridge->GBM) + phys,302,3,27.25,35.17049031321743
Y2,Hybrid (Ridge->GBM) + phys,303,3,31.39,35.842438187888305
Y2,Hybrid (Ridge->GBM) + phys,348,3,28.27,35.36261271906226
Y2,Hybrid (Ridge->GBM) + phys,349,3,26.96,34.94838492149604
Y2,Hybrid (Ridge->GBM) + phys,350,3,26.72,35.11875975505501
Y2,Hybrid (Ridge->GBM) + phys,351,3,29.88,35.790707629725894
Y2,Hybrid (Ridge->GBM) + phys,396,3,28.77,35.258462726682964
Y2,Hybrid (Ridge->GBM) + phys,397,3,27.76,34.844234929116745
Y2,Hybrid (Ridge->GBM) + phys,398,3,26.95,35.01460976267572
Y2,Hybrid (Ridge->GBM) + phys,399,3,26.41,35.686557637346596
Y2,Hybrid (Ridge->GBM) + phys,444,3,26.3,35.321362924701184
Y2,Hybrid (Ridge->GBM) + phys,445,3,29.43,34.907135127134964
Y2,Hybrid (Ridge->GBM) + phys,446,3,28.76,35.07750996069394
Y2,Hybrid (Ridge->GBM) + phys,447,3,27.34,35.749457835364815
Y2,Hybrid (Ridge->GBM) + phys,492,3,26.53,34.94486502171805
Y2,Hybrid (Ridge->GBM) + phys,493,3,26.08,34.64728202464699
Y2,Hybrid (Ridge->GBM) + phys,494,3,29.31,35.56892808456292
Y2,Hybrid (Ridge->GBM) + phys,495,3,28.14,35.489604732876835
Y2,Hybrid (Ridge->GBM) + phys,540,3,31.71,37.06243834276428
Y2,Hybrid (Ridge->GBM) + phys,541,3,29.13,36.64821054519807
Y2,Hybrid (Ridge->GBM) + phys,542,3,28.99,36.818585378757035
Y2,Hybrid (Ridge->GBM) + phys,543,3,33.54,37.49053325342791
Y2,Hybrid (Ridge->GBM) + phys,588,3,30.34,37.01070778460187
Y2,Hybrid (Ridge->GBM) + phys,589,3,27.93,36.59647998703566
Y2,Hybrid (Ridge->GBM) + phys,590,3,28.95,36.766854820594624
Y2,Hybrid (Ridge->GBM) + phys,591,3,32.92,37.43880269526551
Y2,Hybrid (Ridge->GBM) + phys,636,3,32.43,36.74405045694933
Y2,Hybrid (Ridge->GBM) + phys,637,3,30.65,36.32982265938312
Y2,Hybrid (Ridge->GBM) + phys,638,3,29.77,36.500197492942085
Y2,Hybrid (Ridge->GBM) + phys,639,3,29.64,37.17214536761297
Y2,Hybrid (Ridge->GBM) + phys,684,3,28.2,36.80695065496755
Y2,Hybrid (Ridge->GBM) + phys,685,3,32.35,36.39272285740134
Y2,Hybrid (Ridge->GBM) + phys,686,3,31.14,36.563097690960305
Y2,Hybrid (Ridge->GBM) + phys,687,3,28.43,37.23504556563119
Y2,Hybrid (Ridge->GBM) + phys,732,3,29.93,36.39599133237728
Y2,Hybrid (Ridge->GBM) + phys,733,3,29.56,36.09840833530621
Y2,Hybrid (Ridge->GBM) + phys,734,3,33.84,37.02005439522214
Y2,Hybrid (Ridge->GBM) + phys,735,3,32.54,36.940731043536054
Y2,Hybrid (Ridge->GBM) + phys,16,4,37.73,25.268856292901653
Y2,Hybrid (Ridge->GBM) + phys,17,4,31.27,25.001271231880363
Y2,Hybrid (Ridge->GBM) + phys,18,4,30.93,25.182197578064365
Y2,Hybrid (Ridge->GBM) + phys,19,4,39.44,25.610891796284527
Y2,Hybrid (Ridge->GBM) + phys,64,4,41.68,28.776438399388283
Y2,Hybrid (Ridge->GBM) + phys,65,4,35.28,28.526542642632577
Y2,Hybrid (Ridge->GBM) + phys,66,4,34.43,28.746108301974193
Y2,Hybrid (Ridge->GBM) + phys,67,4,43.33,29.136163207036745
Y2,Hybrid (Ridge->GBM) + phys,112,4,41.07,28.67914000033092
Y2,Hybrid (Ridge->GBM) + phys,113,4,34.62,28.42924424357522
Y2,Hybrid (Ridge->GBM) + phys,114,4,33.87,28.648809902916835
Y2,Hybrid (Ridge->GBM) + phys,115,4,42.86,29.038864807979383
Y2,Hybrid (Ridge->GBM) + phys,160,4,43.12,28.537239701140074
Y2,Hybrid (Ridge->GBM) + phys,161,4,41.22,28.287343944384368
Y2,Hybrid (Ridge->GBM) + phys,162,4,35.1,28.506909603725983
Y2,Hybrid (Ridge->GBM) + phys,163,4,34.29,28.896964508788535
Y2,Hybrid (Ridge->GBM) + phys,208,4,34.25,28.597975610373684
Y2,Hybrid (Ridge->GBM) + phys,209,4,43.3,28.34807985361798
Y2,Hybrid (Ridge->GBM) + phys,210,4,41.86,28.567645512959597
Y2,Hybrid (Ridge->GBM) + phys,211,4,35.29,28.957700418022146
Y2,Hybrid (Ridge->GBM) + phys,256,4,34.99,28.550082910275652
Y2,Hybrid (Ridge->GBM) + phys,257,4,34.18,28.30018715351995
Y2,Hybrid (Ridge->GBM) + phys,258,4,43.14,28.846087407908875
Y2,Hybrid (Ridge->GBM) + phys,259,4,41.26,28.909807717924114
Y2,Hybrid (Ridge->GBM) + phys,304,4,43.8,31.277133623085195
Y2,Hybrid (Ridge->GBM) + phys,305,4,37.81,31.027237866329493
Y2,Hybrid (Ridge->GBM) + phys,306,4,36.85,31.246803525671105
Y2,Hybrid (Ridge->GBM) + phys,307,4,45.52,31.636858430733657
Y2,Hybrid (Ridge->GBM) + phys,352,4,43.86,31.179835224027833
Y2,Hybrid (Ridge->GBM) + phys,353,4,37.41,30.92993946727213
Y2,Hybrid (Ridge->GBM) + phys,354,4,36.77,31.149505126613747
Y2,Hybrid (Ridge->GBM) + phys,355,4,45.97,31.539560031676295
Y2,Hybrid (Ridge->GBM) + phys,400,4,45.13,31.037934924836986
Y2,Hybrid (Ridge->GBM) + phys,401,4,43.66,30.788039168081283
Y2,Hybrid (Ridge->GBM) + phys,402,4,37.76,31.007604827422895
Y2,Hybrid (Ridge->GBM) + phys,403,4,36.87,31.397659732485447
Y2,Hybrid (Ridge->GBM) + phys,448,4,36.26,31.098670834070596
Y2,Hybrid (Ridge->GBM) + phys,449,4,45.48,30.848775077314894
Y2,Hybrid (Ridge->GBM) + phys,450,4,44.16,31.06834073665651
Y2,Hybrid (Ridge->GBM) + phys,451,4,37.26,31.458395641719058
Y2,Hybrid (Ridge->GBM) + phys,496,4,37.54,30.992398166429243
Y2,Hybrid (Ridge->GBM) + phys,497,4,36.66,30.742502409673538
Y2,Hybrid (Ridge->GBM) + phys,498,4,45.28,31.288402664062467
Y2,Hybrid (Ridge->GBM) + phys,499,4,43.73,31.352122974077705
Y2,Hybrid (Ridge->GBM) + phys,544,4,45.29,33.114921599569016
Y2,Hybrid (Ridge->GBM) + phys,545,4,39.07,32.86502584281332
Y2,Hybrid (Ridge->GBM) + phys,546,4,38.35,33.08459150215493
Y2,Hybrid (Ridge->GBM) + phys,547,4,46.94,33.47464640721748
Y2,Hybrid (Ridge->GBM) + phys,592,4,45.59,33.01762320051166
Y2,Hybrid (Ridge->GBM) + phys,593,4,39.41,32.76772744375595
Y2,Hybrid (Ridge->GBM) + phys,594,4,38.84,32.98729310309757
Y2,Hybrid (Ridge->GBM) + phys,595,4,48.03,33.37734800816012
Y2,Hybrid (Ridge->GBM) + phys,640,4,46.44,32.875722901320806
Y2,Hybrid (Ridge->GBM) + phys,641,4,44.18,32.62582714456511
Y2,Hybrid (Ridge->GBM) + phys,642,4,38.81,32.84539280390672
Y2,Hybrid (Ridge->GBM) + phys,643,4,38.23,33.23544770896927
Y2,Hybrid (Ridge->GBM) + phys,688,4,38.33,32.93645881055442
Y2,Hybrid (Ridge->GBM) + phys,689,4,47.59,32.68656305379872
Y2,Hybrid (Ridge->GBM) + phys,690,4,46.23,32.90612871314033
Y2,Hybrid (Ridge->GBM) + phys,691,4,39.56,33.296183618202875
Y2,Hybrid (Ridge->GBM) + phys,736,4,38.56,32.830186142913064
Y2,Hybrid (Ridge->GBM) + phys,737,4,37.7,32.58029038615736
Y2,Hybrid (Ridge->GBM) + phys,738,4,47.01,33.12619064054629
Y2,Hybrid (Ridge->GBM) + phys,739,4,44.87,33.189910950561526
Y2,Hybrid (Ridge->GBM) + phys,20,5,29.79,32.21248660411511
Y2,Hybrid (Ridge->GBM) + phys,21,5,29.68,31.906093792818574
Y2,Hybrid (Ridge->GBM) + phys,22,5,29.79,32.07631202131665
Y2,Hybrid (Ridge->GBM) + phys,23,5,29.4,32.55020162337057
Y2,Hybrid (Ridge->GBM) + phys,68,5,33.87,33.86456942882016
Y2,Hybrid (Ridge->GBM) + phys,69,5,34.07,33.55817661752363
Y2,Hybrid (Ridge->GBM) + phys,70,5,34.14,33.7283948460217
Y2,Hybrid (Ridge->GBM) + phys,71,5,33.67,34.202284448075616
Y2,Hybrid (Ridge->GBM) + phys,116,5,33.91,33.92677838501299
Y2,Hybrid (Ridge->GBM) + phys,117,5,34.07,33.620385573716455
Y2,Hybrid (Ridge->GBM) + phys,118,5,34.17,33.790603802214534
Y2,Hybrid (Ridge->GBM) + phys,119,5,33.78,34.26449340426845
Y2,Hybrid (Ridge->GBM) + phys,164,5,33.85,33.98898734120582
Y2,Hybrid (Ridge->GBM) + phys,165,5,34.11,33.68259452990929
Y2,Hybrid (Ridge->GBM) + phys,166,5,34.48,33.85281275840736
Y2,Hybrid (Ridge->GBM) + phys,167,5,34.5,34.326702360461276
Y2,Hybrid (Ridge->GBM) + phys,212,5,34.11,34.05119629739865
Y2,Hybrid (Ridge->GBM) + phys,213,5,33.62,33.744803486102114
Y2,Hybrid (Ridge->GBM) + phys,214,5,33.89,33.91502171460019
Y2,Hybrid (Ridge->GBM) + phys,215,5,34.05,34.38891131665411
Y2,Hybrid (Ridge->GBM) + phys,260,5,34.25,34.11340525359148
Y2,Hybrid (Ridge->GBM) + phys,261,5,34.35,33.80701244229495
Y2,Hybrid (Ridge->GBM) + phys,262,5,33.64,33.97723067079302
Y2,Hybrid (Ridge->GBM) + phys,263,5,33.88,34.451120272846936
Y2,Hybrid (Ridge->GBM) + phys,308,5,36.85,36.375570332887484
Y2,Hybrid (Ridge->GBM) + phys,309,5,37.58,36.06917752159095
Y2,Hybrid (Ridge->GBM) + phys,310,5,37.45,36.239395750089024
Y2,Hybrid (Ridge->GBM) + phys,311,5,36.62,36.71328535214294
Y2,Hybrid (Ridge->GBM) + phys,356,5,36.87,36.43777928908032
Y2,Hybrid (Ridge->GBM) + phys,357,5,37.35,36.131386477783785
Y2,Hybrid (Ridge->GBM) + phys,358,5,37.28,36.30160470628186
Y2,Hybrid (Ridge->GBM) + phys,359,5,36.81,36.77549430833577
Y2,Hybrid (Ridge->GBM) + phys,404,5,36.07,36.499988245273144
Y2,Hybrid (Ridge->GBM) + phys,405,5,36.44,36.19359543397661
Y2,Hybrid (Ridge->GBM) + phys,406,5,37.28,36.36381366247468
Y2,Hybrid (Ridge->GBM) + phys,407,5,37.29,36.837703264528606
Y2,Hybrid (Ridge->GBM) + phys,452,5,37.2,36.56219720146598
Y2,Hybrid (Ridge->GBM) + phys,453,5,36.76,36.25580439016944
Y2,Hybrid (Ridge->GBM) + phys,454,5,37.05,36.42602261866752
Y2,Hybrid (Ridge->GBM) + phys,455,5,37.51,36.89991222072143
Y2,Hybrid (Ridge->GBM) + phys,500,5,36.93,36.624406157658804
Y2,Hybrid (Ridge->GBM) + phys,501,5,37.01,36.31801334636227
Y2,Hybrid (Ridge->GBM) + phys,502,5,35.73,36.48823157486034
Y2,Hybrid (Ridge->GBM) + phys,503,5,36.15,36.96212117691426
Y2,Hybrid (Ridge->GBM) + phys,548,5,39.55,38.263249024863235
Y2,Hybrid (Ridge->GBM) + phys,549,5,40.85,37.956856213566695
Y2,Hybrid (Ridge->GBM) + phys,550,5,40.63,38.127074442064774
Y2,Hybrid (Ridge->GBM) + phys,551,5,39.48,38.60096404411869
Y2,Hybrid (Ridge->GBM) + phys,596,5,39.48,38.32545798105606
Y2,Hybrid (Ridge->GBM) + phys,597,5,40.4,38.01906516975953
Y2,Hybrid (Ridge->GBM) + phys,598,5,40.47,38.1892833982576
Y2,Hybrid (Ridge->GBM) + phys,599,5,39.7,38.66317300031152
Y2,Hybrid (Ridge->GBM) + phys,644,5,38.17,38.38766693724889
Y2,Hybrid (Ridge->GBM) + phys,645,5,38.48,38.081274125952355
Y2,Hybrid (Ridge->GBM) + phys,646,5,39.66,38.251492354450434
Y2,Hybrid (Ridge->GBM) + phys,647,5,40.1,38.72538195650435
Y2,Hybrid (Ridge->GBM) + phys,692,5,40.36,38.44987589344172
Y2,Hybrid (Ridge->GBM) + phys,693,5,39.67,38.14348308214519
Y2,Hybrid (Ridge->GBM) + phys,694,5,39.85,38.31370131064326
Y2,Hybrid (Ridge->GBM) + phys,695,5,40.77,38.787590912697176
Y2,Hybrid (Ridge->GBM) + phys,740,5,39.37,38.512084849634554
Y2,Hybrid (Ridge->GBM) + phys,741,5,39.8,38.205692038338015
Y2,Hybrid (Ridge->GBM) + phys,742,5,37.79,38.375910266836094
Y2,Hybrid (Ridge->GBM) + phys,743,5,38.18,38.84979986889001
Y2,Hybrid (Ridge->GBM) + phys,24,6,10.9,7.7168898372686865
Y2,Hybrid (Ridge->GBM) + phys,25,6,11.19,7.422923213391924
Y2,Hybrid (Ridge->GBM) + phys,26,6,10.94,7.577531685792435
Y2,Hybrid (Ridge->GBM) + phys,27,6,11.17,8.038327577961887
Y2,Hybrid (Ridge->GBM) + phys,72,6,13.43,10.006154858607863
Y2,Hybrid (Ridge->GBM) + phys,73,6,13.71,9.712188234731096
Y2,Hybrid (Ridge->GBM) + phys,74,6,13.48,9.866796707131611
Y2,Hybrid (Ridge->GBM) + phys,75,6,13.7,10.327592599301061
Y2,Hybrid (Ridge->GBM) + phys,120,6,13.39,10.075790860445894
Y2,Hybrid (Ridge->GBM) + phys,121,6,13.72,9.781824236569127
Y2,Hybrid (Ridge->GBM) + phys,122,6,13.57,9.936432708969642
Y2,Hybrid (Ridge->GBM) + phys,123,6,13.79,10.397228601139092
Y2,Hybrid (Ridge->GBM) + phys,168,6,13.6,10.145426862283925
Y2,Hybrid (Ridge->GBM) + phys,169,6,13.36,9.851460238407158
Y2,Hybrid (Ridge->GBM) + phys,170,6,13.65,10.006068710807673
Y2,Hybrid (Ridge->GBM) + phys,171,6,13.49,10.466864602977122
Y2,Hybrid (Ridge->GBM) + phys,216,6,13.2,10.215062864121954
Y2,Hybrid (Ridge->GBM) + phys,217,6,13.36,9.92109624024519
Y2,Hybrid (Ridge->GBM) + phys,218,6,13.21,10.075704712645702
Y2,Hybrid (Ridge->GBM) + phys,219,6,13.53,10.536500604815153
Y2,Hybrid (Ridge->GBM) + phys,264,6,13.65,10.284698865959985
Y2,Hybrid (Ridge->GBM) + phys,265,6,13.44,9.99073224208322
Y2,Hybrid (Ridge->GBM) + phys,266,6,13.72,10.145340714483734
Y2,Hybrid (Ridge->GBM) + phys,267,6,13.5,10.606136606653184
Y2,Hybrid (Ridge->GBM) + phys,312,6,15.19,11.79742860812975
Y2,Hybrid (Ridge->GBM) + phys,313,6,15.5,11.503461984252985
Y2,Hybrid (Ridge->GBM) + phys,314,6,15.28,11.6580704566535
Y2,Hybrid (Ridge->GBM) + phys,315,6,15.5,12.118866348822948
Y2,Hybrid (Ridge->GBM) + phys,360,6,14.73,11.86706460996778
Y2,Hybrid (Ridge->GBM) + phys,361,6,15.1,11.573097986091016
Y2,Hybrid (Ridge->GBM) + phys,362,6,15.18,11.72770645849153
Y2,Hybrid (Ridge->GBM) + phys,363,6,15.44,12.188502350660979
Y2,Hybrid (Ridge->GBM) + phys,408,6,14.49,11.93670061180581
Y2,Hybrid (Ridge->GBM) + phys,409,6,13.79,11.642733987929047
Y2,Hybrid (Ridge->GBM) + phys,410,6,14.72,11.79734246032956
Y2,Hybrid (Ridge->GBM) + phys,411,6,14.76,12.25813835249901
Y2,Hybrid (Ridge->GBM) + phys,456,6,14.92,12.00633661364384
Y2,Hybrid (Ridge->GBM) + phys,457,6,15.24,11.712369989767076
Y2,Hybrid (Ridge->GBM) + phys,458,6,15.03,11.86697846216759
Y2,Hybrid (Ridge->GBM) + phys,459,6,15.35,12.327774354337041
Y2,Hybrid (Ridge->GBM) + phys,504,6,14.48,12.075972615481872
Y2,Hybrid (Ridge->GBM) + phys,505,6,14.58,11.782005991605107
Y2,Hybrid (Ridge->GBM) + phys,506,6,14.81,11.93661446400562
Y2,Hybrid (Ridge->GBM) + phys,507,6,14.03,12.397410356175072
Y2,Hybrid (Ridge->GBM) + phys,552,6,16.94,13.588702357651636
Y2,Hybrid (Ridge->GBM) + phys,553,6,17.25,13.294735733774871
Y2,Hybrid (Ridge->GBM) + phys,554,6,17.03,13.449344206175384
Y2,Hybrid (Ridge->GBM) + phys,555,6,17.25,13.910140098344836
Y2,Hybrid (Ridge->GBM) + phys,600,6,16.43,13.658338359489667
Y2,Hybrid (Ridge->GBM) + phys,601,6,16.93,13.364371735612902
Y2,Hybrid (Ridge->GBM) + phys,602,6,16.99,13.518980208013415
Y2,Hybrid (Ridge->GBM) + phys,603,6,17.03,13.979776100182868
Y2,Hybrid (Ridge->GBM) + phys,648,6,16.08,13.727974361327698
Y2,Hybrid (Ridge->GBM) + phys,649,6,15.39,13.434007737450933
Y2,Hybrid (Ridge->GBM) + phys,650,6,16.57,13.588616209851446
Y2,Hybrid (Ridge->GBM) + phys,651,6,16.6,14.049412102020897
Y2,Hybrid (Ridge->GBM) + phys,696,6,16.61,13.79761036316573
Y2,Hybrid (Ridge->GBM) + phys,697,6,16.74,13.503643739288963
Y2,Hybrid (Ridge->GBM) + phys,698,6,16.9,13.658252211689478
Y2,Hybrid (Ridge->GBM) + phys,699,6,17.32,14.119048103858928
Y2,Hybrid (Ridge->GBM) + phys,744,6,16.69,13.86724636500376
Y2,Hybrid (Ridge->GBM) + phys,745,6,16.62,13.573279741126994
Y2,Hybrid (Ridge->GBM) + phys,746,6,16.94,13.727888213527509
Y2,Hybrid (Ridge->GBM) + phys,747,6,16.7,14.188684105696959
Y2,Hybrid (Ridge->GBM) + phys,28,7,11.27,12.464508934661753
Y2,Hybrid (Ridge->GBM) + phys,29,7,11.72,12.141866629672295
Y2,Hybrid (Ridge->GBM) + phys,30,7,11.29,12.313560234732025
Y2,Hybrid (Ridge->GBM) + phys,31,7,11.67,12.815598182729222
Y2,Hybrid (Ridge->GBM) + phys,76,7,13.8,14.113293288910322
Y2,Hybrid (Ridge->GBM) + phys,77,7,14.28,13.790650983920864
Y2,Hybrid (Ridge->GBM) + phys,78,7,13.87,13.962344588980596
Y2,Hybrid (Ridge->GBM) + phys,79,7,14.27,14.46438253697779
Y2,Hybrid (Ridge->GBM) + phys,124,7,13.67,14.168342785395968
Y2,Hybrid (Ridge->GBM) + phys,125,7,14.11,13.84570048040651
Y2,Hybrid (Ridge->GBM) + phys,126,7,13.8,14.01739408546624
Y2,Hybrid (Ridge->GBM) + phys,127,7,14.21,14.519432033463437
Y2,Hybrid (Ridge->GBM) + phys,172,7,14.14,14.223392281881612
Y2,Hybrid (Ridge->GBM) + phys,173,7,13.77,13.900749976892154
Y2,Hybrid (Ridge->GBM) + phys,174,7,14.3,14.072443581951886
Y2,Hybrid (Ridge->GBM) + phys,175,7,13.87,14.57448152994908
Y2,Hybrid (Ridge->GBM) + phys,220,7,13.67,14.278441778367258
Y2,Hybrid (Ridge->GBM) + phys,221,7,14.12,13.955799473377798
Y2,Hybrid (Ridge->GBM) + phys,222,7,13.79,14.127493078437531
Y2,Hybrid (Ridge->GBM) + phys,223,7,14.2,14.629531026434726
Y2,Hybrid (Ridge->GBM) + phys,268,7,14.18,14.333491274852902
Y2,Hybrid (Ridge->GBM) + phys,269,7,13.75,14.010848969863444
Y2,Hybrid (Ridge->GBM) + phys,270,7,14.26,14.182542574923175
Y2,Hybrid (Ridge->GBM) + phys,271,7,13.89,14.68458052292037
Y2,Hybrid (Ridge->GBM) + phys,316,7,15.42,15.834282097848629
Y2,Hybrid (Ridge->GBM) + phys,317,7,15.85,15.51163979285917
Y2,Hybrid (Ridge->GBM) + phys,318,7,15.44,15.683333397918902
Y2,Hybrid (Ridge->GBM) + phys,319,7,15.81,16.185371345916096
Y2,Hybrid (Ridge->GBM) + phys,364,7,14.91,15.889331594334273
Y2,Hybrid (Ridge->GBM) + phys,365,7,15.4,15.566689289344815
Y2,Hybrid (Ridge->GBM) + phys,366,7,14.94,15.738382894404548
Y2,Hybrid (Ridge->GBM) + phys,367,7,15.32,16.24042084240174
Y2,Hybrid (Ridge->GBM) + phys,412,7,14.92,15.944381090819919
Y2,Hybrid (Ridge->GBM) + phys,413,7,14.74,15.621738785830459
Y2,Hybrid (Ridge->GBM) + phys,414,7,15.57,15.793432390890192
Y2,Hybrid (Ridge->GBM) + phys,415,7,14.94,16.295470338887384
Y2,Hybrid (Ridge->GBM) + phys,460,7,14.67,15.999430587305564
Y2,Hybrid (Ridge->GBM) + phys,461,7,15.09,15.676788282316105
Y2,Hybrid (Ridge->GBM) + phys,462,7,15.2,15.848481887375836
Y2,Hybrid (Ridge->GBM) + phys,463,7,15.64,16.35051983537303
Y2,Hybrid (Ridge->GBM) + phys,508,7,15.27,16.05448008379121
Y2,Hybrid (Ridge->GBM) + phys,509,7,14.71,15.73183777880175
Y2,Hybrid (Ridge->GBM) + phys,510,7,15.23,15.903531383861482
Y2,Hybrid (Ridge->GBM) + phys,511,7,14.97,16.405569331858675
Y2,Hybrid (Ridge->GBM) + phys,556,7,17.1,17.55527090678693
Y2,Hybrid (Ridge->GBM) + phys,557,7,17.51,17.232628601797472
Y2,Hybrid (Ridge->GBM) + phys,558,7,17.12,17.404322206857206
Y2,Hybrid (Ridge->GBM) + phys,559,7,17.47,17.906360154854397
Y2,Hybrid (Ridge->GBM) + phys,604,7,16.77,17.610320403272574
Y2,Hybrid (Ridge->GBM) + phys,605,7,17.37,17.287678098283116
Y2,Hybrid (Ridge->GBM) + phys,606,7,17.27,17.45937170334285
Y2,Hybrid (Ridge->GBM) + phys,607,7,17.51,17.96140965134004
Y2,Hybrid (Ridge->GBM) + phys,652,7,16.11,17.665369899758222
Y2,Hybrid (Ridge->GBM) + phys,653,7,15.47,17.34272759476876
Y2,Hybrid (Ridge->GBM) + phys,654,7,16.7,17.514421199828497
Y2,Hybrid (Ridge->GBM) + phys,655,7,16.1,18.01645914782569
Y2,Hybrid (Ridge->GBM) + phys,700,7,16.85,17.720419396243866
Y2,Hybrid (Ridge->GBM) + phys,701,7,17.2,17.397777091254405
Y2,Hybrid (Ridge->GBM) + phys,702,7,17.23,17.56947069631414
Y2,Hybrid (Ridge->GBM) + phys,703,7,17.74,18.071508644311333
Y2,Hybrid (Ridge->GBM) + phys,748,7,15.59,17.775468892729513
Y2,Hybrid (Ridge->GBM) + phys,749,7,14.58,17.452826587740052
Y2,Hybrid (Ridge->GBM) + phys,750,7,15.33,17.624520192799785
Y2,Hybrid (Ridge->GBM) + phys,751,7,15.31,18.12655814079698
Y2,Hybrid (Ridge->GBM) + phys,32,8,11.74,12.298884738073644
Y2,Hybrid (Ridge->GBM) + phys,33,8,12.05,11.978041449247222
Y2,Hybrid (Ridge->GBM) + phys,34,8,11.73,12.144169348052563
Y2,Hybrid (Ridge->GBM) + phys,35,8,11.93,12.646151076794661
Y2,Hybrid (Ridge->GBM) + phys,80,8,14.28,13.959488783369817
Y2,Hybrid (Ridge->GBM) + phys,81,8,14.61,13.638645494543393
Y2,Hybrid (Ridge->GBM) + phys,82,8,14.3,13.804773393348734
Y2,Hybrid (Ridge->GBM) + phys,83,8,14.45,14.306755122090832
Y2,Hybrid (Ridge->GBM) + phys,128,8,13.2,14.00403087210796
Y2,Hybrid (Ridge->GBM) + phys,129,8,13.54,13.683187583281535
Y2,Hybrid (Ridge->GBM) + phys,130,8,13.32,13.849315482086878
Y2,Hybrid (Ridge->GBM) + phys,131,8,13.51,14.351297210828974
Y2,Hybrid (Ridge->GBM) + phys,176,8,14.44,14.048572960846103
Y2,Hybrid (Ridge->GBM) + phys,177,8,14.27,13.727729672019679
Y2,Hybrid (Ridge->GBM) + phys,178,8,14.67,13.89385757082502
Y2,Hybrid (Ridge->GBM) + phys,179,8,14.4,14.395839299567118
Y2,Hybrid (Ridge->GBM) + phys,224,8,14.29,14.093115049584245
Y2,Hybrid (Ridge->GBM) + phys,225,8,14.49,13.772271760757821
Y2,Hybrid (Ridge->GBM) + phys,226,8,14.42,13.938399659563162
Y2,Hybrid (Ridge->GBM) + phys,227,8,14.73,14.44038138830526
Y2,Hybrid (Ridge->GBM) + phys,272,8,14.55,14.137657138322387
Y2,Hybrid (Ridge->GBM) + phys,273,8,14.28,13.816813849495963
Y2,Hybrid (Ridge->GBM) + phys,274,8,14.46,13.982941748301304
Y2,Hybrid (Ridge->GBM) + phys,275,8,14.39,14.484923477043402
Y2,Hybrid (Ridge->GBM) + phys,320,8,15.21,15.694797943107616
Y2,Hybrid (Ridge->GBM) + phys,321,8,15.63,15.373954654281192
Y2,Hybrid (Ridge->GBM) + phys,322,8,15.48,15.540082553086533
Y2,Hybrid (Ridge->GBM) + phys,323,8,15.78,16.04206428182863
Y2,Hybrid (Ridge->GBM) + phys,368,8,15.52,15.739340031845758
Y2,Hybrid (Ridge->GBM) + phys,369,8,15.85,15.418496743019334
Y2,Hybrid (Ridge->GBM) + phys,370,8,15.66,15.584624641824677
Y2,Hybrid (Ridge->GBM) + phys,371,8,15.99,16.08660637056677
Y2,Hybrid (Ridge->GBM) + phys,416,8,14.92,15.783882120583902
Y2,Hybrid (Ridge->GBM) + phys,417,8,14.38,15.463038831757478
Y2,Hybrid (Ridge->GBM) + phys,418,8,15.44,15.62916673056282
Y2,Hybrid (Ridge->GBM) + phys,419,8,15.17,16.131148459304917
Y2,Hybrid (Ridge->GBM) + phys,464,8,15.37,15.828424209322046
Y2,Hybrid (Ridge->GBM) + phys,465,8,15.73,15.50758092049562
Y2,Hybrid (Ridge->GBM) + phys,466,8,15.83,15.67370881930096
Y2,Hybrid (Ridge->GBM) + phys,467,8,16.13,16.175690548043058
Y2,Hybrid (Ridge->GBM) + phys,512,8,15.14,15.872966298060186
Y2,Hybrid (Ridge->GBM) + phys,513,8,14.97,15.552123009233762
Y2,Hybrid (Ridge->GBM) + phys,514,8,15.22,15.718250908039105
Y2,Hybrid (Ridge->GBM) + phys,515,8,14.6,16.220232636781198
Y2,Hybrid (Ridge->GBM) + phys,560,8,16.5,17.430107102845415
Y2,Hybrid (Ridge->GBM) + phys,561,8,17.0,17.10926381401899
Y2,Hybrid (Ridge->GBM) + phys,562,8,16.87,17.27539171282433
Y2,Hybrid (Ridge->GBM) + phys,563,8,17.2,17.777373441566432
Y2,Hybrid (Ridge->GBM) + phys,608,8,16.44,17.47464919158356
Y2,Hybrid (Ridge->GBM) + phys,609,8,17.01,17.153805902757135
Y2,Hybrid (Ridge->GBM) + phys,610,8,17.23,17.319933801562474
Y2,Hybrid (Ridge->GBM) + phys,611,8,17.22,17.821915530304572
Y2,Hybrid (Ridge->GBM) + phys,656,8,16.35,17.5191912803217
Y2,Hybrid (Ridge->GBM) + phys,657,8,15.84,17.198347991495275
Y2,Hybrid (Ridge->GBM) + phys,658,8,16.99,17.364475890300618
Y2,Hybrid (Ridge->GBM) + phys,659,8,17.02,17.866457619042716
Y2,Hybrid (Ridge->GBM) + phys,704,8,16.81,17.563733369059843
Y2,Hybrid (Ridge->GBM) + phys,705,8,16.88,17.24289008023342
Y2,Hybrid (Ridge->GBM) + phys,706,8,16.9,17.409017979038758
Y2,Hybrid (Ridge->GBM) + phys,707,8,17.39,17.91099970778086
Y2,Hybrid (Ridge->GBM) + phys,752,8,16.63,17.608275457797983
Y2,Hybrid (Ridge->GBM) + phys,753,8,15.87,17.287432168971563
Y2,Hybrid (Ridge->GBM) + phys,754,8,16.54,17.453560067776902
Y2,Hybrid (Ridge->GBM) + phys,755,8,16.74,17.955541796519
Y2,Hybrid (Ridge->GBM) + phys,36,9,12.4,12.432065783754766
Y2,Hybrid (Ridge->GBM) + phys,37,9,12.23,12.141950251020493
Y2,Hybrid (Ridge->GBM) + phys,38,9,12.4,12.29106450005772
Y2,Hybrid (Ridge->GBM) + phys,39,9,12.14,12.760538184268249
Y2,Hybrid (Ridge->GBM) + phys,84,9,13.9,14.792196739670786
Y2,Hybrid (Ridge->GBM) + phys,85,9,13.72,14.502081206936513
Y2,Hybrid (Ridge->GBM) + phys,86,9,13.88,14.65119545597374
Y2,Hybrid (Ridge->GBM) + phys,87,9,13.65,15.120669140184269
Y2,Hybrid (Ridge->GBM) + phys,132,9,14.86,14.857339760710804
Y2,Hybrid (Ridge->GBM) + phys,133,9,14.75,14.56722422797653
Y2,Hybrid (Ridge->GBM) + phys,134,9,15.0,14.716338477013757
Y2,Hybrid (Ridge->GBM) + phys,135,9,14.74,15.185812161224286
Y2,Hybrid (Ridge->GBM) + phys,180,9,13.46,14.922482781750823
Y2,Hybrid (Ridge->GBM) + phys,181,9,13.7,14.632367249016548
Y2,Hybrid (Ridge->GBM) + phys,182,9,13.59,14.781481498053775
Y2,Hybrid (Ridge->GBM) + phys,183,9,13.83,15.250955182264304
Y2,Hybrid (Ridge->GBM) + phys,228,9,14.86,14.98762580279084
Y2,Hybrid (Ridge->GBM) + phys,229,9,14.67,14.697510270056565
Y2,Hybrid (Ridge->GBM) + phys,230,9,15.0,14.846624519093794
Y2,Hybrid (Ridge->GBM) + phys,231,9,14.83,15.316098203304321
Y2,Hybrid (Ridge->GBM) + phys,276,9,14.54,15.052768823830858
Y2,Hybrid (Ridge->GBM) + phys,277,9,14.81,14.762653291096584
Y2,Hybrid (Ridge->GBM) + phys,278,9,14.65,14.91176754013381
Y2,Hybrid (Ridge->GBM) + phys,279,9,14.87,15.38124122434434
Y2,Hybrid (Ridge->GBM) + phys,324,9,16.39,16.664007260101897
Y2,Hybrid (Ridge->GBM) + phys,325,9,16.27,16.37389172736762
Y2,Hybrid (Ridge->GBM) + phys,326,9,16.39,16.52300597640485
Y2,Hybrid (Ridge->GBM) + phys,327,9,16.19,16.99247966061538
Y2,Hybrid (Ridge->GBM) + phys,372,9,15.89,16.729150281141916
Y2,Hybrid (Ridge->GBM) + phys,373,9,15.85,16.43903474840764
Y2,Hybrid (Ridge->GBM) + phys,374,9,16.22,16.58814899744487
Y2,Hybrid (Ridge->GBM) + phys,375,9,15.87,17.057622681655396
Y2,Hybrid (Ridge->GBM) + phys,420,9,15.53,16.794293302181934
Y2,Hybrid (Ridge->GBM) + phys,421,9,15.8,16.504177769447658
Y2,Hybrid (Ridge->GBM) + phys,422,9,16.14,16.653292018484887
Y2,Hybrid (Ridge->GBM) + phys,423,9,16.26,17.122765702695414
Y2,Hybrid (Ridge->GBM) + phys,468,9,15.95,16.85943632322195
Y2,Hybrid (Ridge->GBM) + phys,469,9,15.59,16.569320790487676
Y2,Hybrid (Ridge->GBM) + phys,470,9,16.17,16.718435039524906
Y2,Hybrid (Ridge->GBM) + phys,471,9,16.14,17.187908723735433
Y2,Hybrid (Ridge->GBM) + phys,516,9,15.83,16.92457934426197
Y2,Hybrid (Ridge->GBM) + phys,517,9,16.03,16.634463811527695
Y2,Hybrid (Ridge->GBM) + phys,518,9,15.8,16.78357806056492
Y2,Hybrid (Ridge->GBM) + phys,519,9,16.06,17.25305174477545
Y2,Hybrid (Ridge->GBM) + phys,564,9,18.14,18.53581778053301
Y2,Hybrid (Ridge->GBM) + phys,565,9,18.03,18.245702247798732
Y2,Hybrid (Ridge->GBM) + phys,566,9,18.14,18.39481649683596
Y2,Hybrid (Ridge->GBM) + phys,567,9,17.95,18.864290181046492
Y2,Hybrid (Ridge->GBM) + phys,612,9,17.85,18.600960801573024
Y2,Hybrid (Ridge->GBM) + phys,613,9,17.89,18.31084526883875
Y2,Hybrid (Ridge->GBM) + phys,614,9,18.36,18.45995951787598
Y2,Hybrid (Ridge->GBM) + phys,615,9,18.15,18.929433202086507
Y2,Hybrid (Ridge->GBM) + phys,660,9,17.04,18.666103822613046
Y2,Hybrid (Ridge->GBM) + phys,661,9,17.63,18.37598828987877
Y2,Hybrid (Ridge->GBM) + phys,662,9,18.1,18.525102538915995
Y2,Hybrid (Ridge->GBM) + phys,663,9,18.22,18.994576223126526
Y2,Hybrid (Ridge->GBM) + phys,708,9,17.86,18.73124684365306
Y2,Hybrid (Ridge->GBM) + phys,709,9,17.82,18.441131310918788
Y2,Hybrid (Ridge->GBM) + phys,710,9,18.36,18.590245559956013
Y2,Hybrid (Ridge->GBM) + phys,711,9,18.24,19.059719244166544
Y2,Hybrid (Ridge->GBM) + phys,756,9,17.64,18.79638986469308
Y2,Hybrid (Ridge->GBM) + phys,757,9,17.79,18.506274331958807
Y2,Hybrid (Ridge->GBM) + phys,758,9,17.55,18.655388580996032
Y2,Hybrid (Ridge->GBM) + phys,759,9,18.06,19.124862265206563
Y2,Hybrid (Ridge->GBM) + phys,40,10,16.78,13.367185843237326
Y2,Hybrid (Ridge->GBM) + phys,41,10,16.8,13.0518520414102
Y2,Hybrid (Ridge->GBM) + phys,42,10,16.75,13.2140445923589
Y2,Hybrid (Ridge->GBM) + phys,43,10,16.67,13.725808471487506
Y2,Hybrid (Ridge->GBM) + phys,88,10,19.37,15.068943400508438
Y2,Hybrid (Ridge->GBM) + phys,89,10,19.43,14.753609598681312
Y2,Hybrid (Ridge->GBM) + phys,90,10,19.34,14.91580214963001
Y2,Hybrid (Ridge->GBM) + phys,91,10,19.32,15.427566028758617
Y2,Hybrid (Ridge->GBM) + phys,136,10,19.23,15.126146351122141
Y2,Hybrid (Ridge->GBM) + phys,137,10,19.34,14.810812549295015
Y2,Hybrid (Ridge->GBM) + phys,138,10,19.32,14.973005100243714
Y2,Hybrid (Ridge->GBM) + phys,139,10,19.3,15.48476897937232
Y2,Hybrid (Ridge->GBM) + phys,184,10,19.14,15.183349301735847
Y2,Hybrid (Ridge->GBM) + phys,185,10,19.18,14.86801549990872
Y2,Hybrid (Ridge->GBM) + phys,186,10,19.37,15.03020805085742
Y2,Hybrid (Ridge->GBM) + phys,187,10,19.29,15.541971929986026
Y2,Hybrid (Ridge->GBM) + phys,232,10,19.24,15.24055225234955
Y2,Hybrid (Ridge->GBM) + phys,233,10,19.25,14.925218450522424
Y2,Hybrid (Ridge->GBM) + phys,234,10,19.42,15.087411001471123
Y2,Hybrid (Ridge->GBM) + phys,235,10,19.48,15.59917488059973
Y2,Hybrid (Ridge->GBM) + phys,280,10,19.24,15.297755202963256
Y2,Hybrid (Ridge->GBM) + phys,281,10,19.18,14.98242140113613
Y2,Hybrid (Ridge->GBM) + phys,282,10,19.26,15.144613952084828
Y2,Hybrid (Ridge->GBM) + phys,283,10,19.29,15.656377831213435
Y2,Hybrid (Ridge->GBM) + phys,328,10,21.13,16.791471502611504
Y2,Hybrid (Ridge->GBM) + phys,329,10,21.19,16.476137700784378
Y2,Hybrid (Ridge->GBM) + phys,330,10,21.09,16.63833025173308
Y2,Hybrid (Ridge->GBM) + phys,331,10,21.08,17.150094130861685
Y2,Hybrid (Ridge->GBM) + phys,376,10,20.47,16.848674453225208
Y2,Hybrid (Ridge->GBM) + phys,377,10,20.56,16.533340651398085
Y2,Hybrid (Ridge->GBM) + phys,378,10,20.48,16.69553320234678
Y2,Hybrid (Ridge->GBM) + phys,379,10,20.43,17.20729708147539
Y2,Hybrid (Ridge->GBM) + phys,424,10,19.87,16.905877403838915
Y2,Hybrid (Ridge->GBM) + phys,425,10,20.03,16.590543602011785
Y2,Hybrid (Ridge->GBM) + phys,426,10,20.46,16.752736152960487
Y2,Hybrid (Ridge->GBM) + phys,427,10,20.28,17.264500032089092
Y2,Hybrid (Ridge->GBM) + phys,472,10,19.65,16.963080354452615
Y2,Hybrid (Ridge->GBM) + phys,473,10,19.76,16.64774655262549
Y2,Hybrid (Ridge->GBM) + phys,474,10,20.37,16.80993910357419
Y2,Hybrid (Ridge->GBM) + phys,475,10,19.9,17.321702982702796
Y2,Hybrid (Ridge->GBM) + phys,520,10,20.13,17.02028330506632
Y2,Hybrid (Ridge->GBM) + phys,521,10,20.01,16.704949503239195
Y2,Hybrid (Ridge->GBM) + phys,522,10,20.19,16.867142054187894
Y2,Hybrid (Ridge->GBM) + phys,523,10,20.29,17.378905933316503
Y2,Hybrid (Ridge->GBM) + phys,568,10,22.72,18.51399960471457
Y2,Hybrid (Ridge->GBM) + phys,569,10,22.73,18.198665802887444
Y2,Hybrid (Ridge->GBM) + phys,570,10,22.72,18.360858353836143
Y2,Hybrid (Ridge->GBM) + phys,571,10,22.53,18.87262223296475
Y2,Hybrid (Ridge->GBM) + phys,616,10,21.72,18.571202555328274
Y2,Hybrid (Ridge->GBM) + phys,617,10,22.07,18.255868753501147
Y2,Hybrid (Ridge->GBM) + phys,618,10,22.09,18.418061304449846
Y2,Hybrid (Ridge->GBM) + phys,619,10,21.93,18.929825183578455
Y2,Hybrid (Ridge->GBM) + phys,664,10,20.78,18.628405505941977
Y2,Hybrid (Ridge->GBM) + phys,665,10,20.72,18.313071704114854
Y2,Hybrid (Ridge->GBM) + phys,666,10,21.54,18.47526425506355
Y2,Hybrid (Ridge->GBM) + phys,667,10,21.53,18.98702813419216
Y2,Hybrid (Ridge->GBM) + phys,712,10,21.68,18.68560845655568
Y2,Hybrid (Ridge->GBM) + phys,713,10,21.54,18.370274654728554
Y2,Hybrid (Ridge->GBM) + phys,714,10,22.25,18.532467205677257
Y2,Hybrid (Ridge->GBM) + phys,715,10,22.49,19.044231084805862
Y2,Hybrid (Ridge->GBM) + phys,760,10,20.82,18.742811407169384
Y2,Hybrid (Ridge->GBM) + phys,761,10,20.21,18.42747760534226
Y2,Hybrid (Ridge->GBM) + phys,762,10,20.71,18.58967015629096
Y2,Hybrid (Ridge->GBM) + phys,763,10,21.4,19.101434035419565
Y2,Hybrid (Ridge->GBM) + phys,44,11,12.07,17.214614491432606
Y2,Hybrid (Ridge->GBM) + phys,45,11,12.22,16.92326660953274
Y2,Hybrid (Ridge->GBM) + phys,46,11,12.08,17.108427071663677
Y2,Hybrid (Ridge->GBM) + phys,47,11,12.04,17.5787736698665
Y2,Hybrid (Ridge->GBM) + phys,92,11,14.34,19.722372030787238
Y2,Hybrid (Ridge->GBM) + phys,93,11,14.5,19.431024148887364
Y2,Hybrid (Ridge->GBM) + phys,94,11,14.33,19.6161846110183
Y2,Hybrid (Ridge->GBM) + phys,95,11,14.27,20.086531209221132
Y2,Hybrid (Ridge->GBM) + phys,140,11,14.37,19.79527228224815
Y2,Hybrid (Ridge->GBM) + phys,141,11,14.57,19.50392440034828
Y2,Hybrid (Ridge->GBM) + phys,142,11,14.27,19.689084862479216
Y2,Hybrid (Ridge->GBM) + phys,143,11,14.24,20.15943146068204
Y2,Hybrid (Ridge->GBM) + phys,188,11,14.09,19.86817253370906
Y2,Hybrid (Ridge->GBM) + phys,189,11,14.23,19.57682465180919
Y2,Hybrid (Ridge->GBM) + phys,190,11,14.14,19.761985113940128
Y2,Hybrid (Ridge->GBM) + phys,191,11,13.89,20.232331712142955
Y2,Hybrid (Ridge->GBM) + phys,236,11,14.37,19.941072785169972
Y2,Hybrid (Ridge->GBM) + phys,237,11,14.34,19.6497249032701
Y2,Hybrid (Ridge->GBM) + phys,238,11,14.28,19.83488536540104
Y2,Hybrid (Ridge->GBM) + phys,239,11,14.47,20.305231963603866
Y2,Hybrid (Ridge->GBM) + phys,284,11,14.24,20.013973036630883
Y2,Hybrid (Ridge->GBM) + phys,285,11,13.97,19.722625154731013
Y2,Hybrid (Ridge->GBM) + phys,286,11,13.99,19.90778561686195
Y2,Hybrid (Ridge->GBM) + phys,287,11,14.15,20.378132215064777
Y2,Hybrid (Ridge->GBM) + phys,332,11,15.77,21.69390065614957
Y2,Hybrid (Ridge->GBM) + phys,333,11,15.95,21.4025527742497
Y2,Hybrid (Ridge->GBM) + phys,334,11,15.77,21.587713236380637
Y2,Hybrid (Ridge->GBM) + phys,335,11,15.76,22.058059834583464
Y2,Hybrid (Ridge->GBM) + phys,380,11,15.32,21.76680090761048
Y2,Hybrid (Ridge->GBM) + phys,381,11,15.64,21.47545302571061
Y2,Hybrid (Ridge->GBM) + phys,382,11,15.14,21.660613487841548
Y2,Hybrid (Ridge->GBM) + phys,383,11,15.3,22.130960086044375
Y2,Hybrid (Ridge->GBM) + phys,428,11,14.89,21.839701159071392
Y2,Hybrid (Ridge->GBM) + phys,429,11,14.96,21.548353277171522
Y2,Hybrid (Ridge->GBM) + phys,430,11,14.89,21.73351373930246
Y2,Hybrid (Ridge->GBM) + phys,431,11,14.35,22.203860337505287
Y2,Hybrid (Ridge->GBM) + phys,476,11,15.41,21.912601410532307
Y2,Hybrid (Ridge->GBM) + phys,477,11,15.56,21.621253528632433
Y2,Hybrid (Ridge->GBM) + phys,478,11,15.07,21.80641399076337
Y2,Hybrid (Ridge->GBM) + phys,479,11,15.38,22.276760588966198
Y2,Hybrid (Ridge->GBM) + phys,524,11,15.19,21.985501661993215
Y2,Hybrid (Ridge->GBM) + phys,525,11,14.61,21.694153780093345
Y2,Hybrid (Ridge->GBM) + phys,526,11,14.61,21.879314242224282
Y2,Hybrid (Ridge->GBM) + phys,527,11,14.75,22.34966084042711
Y2,Hybrid (Ridge->GBM) + phys,572,11,17.2,23.571342328180886
Y2,Hybrid (Ridge->GBM) + phys,573,11,17.21,23.279994446281016
Y2,Hybrid (Ridge->GBM) + phys,574,11,17.15,23.465154908411954
Y2,Hybrid (Ridge->GBM) + phys,575,11,17.2,23.93550150661478
Y2,Hybrid (Ridge->GBM) + phys,620,11,17.36,23.644242579641798
Y2,Hybrid (Ridge->GBM) + phys,621,11,17.38,23.352894697741927
Y2,Hybrid (Ridge->GBM) + phys,622,11,16.86,23.538055159872865
Y2,Hybrid (Ridge->GBM) + phys,623,11,16.99,24.008401758075692
Y2,Hybrid (Ridge->GBM) + phys,668,11,16.9,23.71714283110271
Y2,Hybrid (Ridge->GBM) + phys,669,11,17.14,23.42579494920284
Y2,Hybrid (Ridge->GBM) + phys,670,11,16.56,23.610955411333777
Y2,Hybrid (Ridge->GBM) + phys,671,11,16.0,24.081302009536603
Y2,Hybrid (Ridge->GBM) + phys,716,11,17.1,23.79004308256362
Y2,Hybrid (Ridge->GBM) + phys,717,11,16.79,23.49869520066375
Y2,Hybrid (Ridge->GBM) + phys,718,11,16.58,23.683855662794688
Y2,Hybrid (Ridge->GBM) + phys,719,11,16.79,24.154202260997515
Y2,Hybrid (Ridge->GBM) + phys,764,11,16.88,23.862943334024532
Y2,Hybrid (Ridge->GBM) + phys,765,11,17.11,23.57159545212466
Y2,Hybrid (Ridge->GBM) + phys,766,11,16.61,23.7567559142556
Y2,Hybrid (Ridge->GBM) + phys,767,11,16.03,24.227102512458426
